Wort; Durchschnittlicher Wert
braun; 0.45775671547744423
bringen; 0.3776715286367107
ergänzen; 0.3719139436725527
zonen; 0.3699902923544869
hellgrauen; 0.36994256114121526
hinweis; 0.3681343260104768
maschine; 0.3640476006548852
c; 0.36336859030416235
wurde; 0.3582341541768983
kilogramm; 0.3571295602887403
max; 0.354855815897281
stets; 0.3543759063759353
kopf; 0.3540659414138645
mid; 0.3525647090864368
verspricht; 0.3451307255018037
hellbraun; 0.3438417744473554
boxspringbettes; 0.34234670468140393
verbirgt; 0.3420990006561624
hochwertigem; 0.34196881693787873
buchenholz; 0.34065855317749083
komforthöhe; 0.3405995584325865
livetastic; 0.3395793910312932
nylon; 0.3384124615404289
you; 0.3319338407018222
eck; 0.3318293030897621
schönen; 0.33092244787258096
braune; 0.33082727424334735
schlafgefühl; 0.323794062162051
rosa; 0.32314670155756176
falls; 0.3230054962623399
sitztiefe; 0.32192983967252076
wand; 0.31929358004708774
velours; 0.31674640524579445
viscoschaumkern; 0.3116634802427143
xl; 0.3113904414931312
ausschließlich; 0.3112744624959305
matto; 0.3070530944969505
querschläfer; 0.30697394385788357
raum; 0.3069462670246139
polyetherschaumkern; 0.3019780239847023
bedürfnissen; 0.3013558702659793
zeitlosem; 0.2996710587758571
herausziehen; 0.29932797129731625
versehen; 0.29855253954883665
gewaschen; 0.29705269110854715
sitzhöhe; 0.29651681787800044
rund; 0.29282534786034375
ankommt; 0.29262732819188386
weiteren; 0.2916432716883719
dunkelgraue; 0.29121659470547456
