Wort; Durchschnittlicher Wert
visocschaum; 0.06063877216365654
hölzernen; 0.056811023155205476
eichenholz; 0.05180212195409695
gewaschen; 0.048913402133621275
bonellfederkernmatraze; 0.0486300205666339
hoher; 0.04760895982326474
fest; 0.04742301758960821
vermittelt; 0.04541207067813957
umwerfend; 0.044940798317838926
have; 0.04354273687204113
würfelform; 0.043308572079695296
spannvlies; 0.04217158496612683
abnehmen; 0.04197449904313544
lasse; 0.0415832252256223
stilvollem; 0.04148449723925296
garant; 0.040685837953787996
verzierten; 0.04052382921906883
kontinentalmatratze; 0.04041642307856819
zentimeter; 0.03746390154992696
sekundenschnelle; 0.037435652041494905
inneren; 0.03693504949387716
optimales; 0.036926602269886644
graues; 0.036556642064169864
naturfarbenen; 0.036351216898765415
abnehmbarem; 0.03596028815263708
kingsize; 0.03595394565127208
quernähten; 0.03522552696085768
aufs; 0.03515143938057008
luxuriösen; 0.03460459646885283
gehört; 0.03426563311222708
fürstlich; 0.03370862822430354
investieren; 0.033692731161863776
beginnend; 0.033648057557002176
quasi; 0.03358403792663012
stylisch; 0.0332198637406691
belaufen; 0.033188119637088676
qualitativ; 0.03314505133971579
schließt; 0.03300333332299488
reizarme; 0.03298251227897708
alexandrfa; 0.03295581348231735
dezenten; 0.032699376133678015
sondergröße; 0.03269380392157473
schlafengehen; 0.032638028445944656
reduziert; 0.032439671265819925
kern; 0.03218661139726464
eignen; 0.03212441585492343
kedernaht; 0.03204184990181602
überzeugenden; 0.031997941392546636
unvergleichlich; 0.031971109470759984
ravello; 0.03186465204998967
