Wort; Durchschnittlicher Wert
schwarze; 0.403131122708146
luftbett; 0.3773006391056697
webstoff; 0.36950086095203005
bestway; 0.35427399488253286
hinweisbitte; 0.3485608893461176
kategorienwohntextilienvorhängestehleuchtenwohnzimmertischedrucken; 0.3266400119628088
beflockte; 0.32014977730068495
schlafsofa; 0.31587722054246115
grauen; 0.3154401219289866
verbreitet; 0.3143613255087985
pumpe; 0.31019970025772636
mitgelieferten; 0.30030050569484956
ganz; 0.2966927752131596
unterwegs; 0.28204785710113356
minuten; 0.28137026728654746
fernsehsessel; 0.2787088202585437
bonellfederkernmatratze; 0.2767778964353056
vielseitig; 0.27634160905927274
eignet; 0.27576006817753296
hinsetzen; 0.2756401509104762
edelstahl; 0.2746974018896253
grauem; 0.2731480771508359
simon; 0.26886517995080794
ergeben; 0.26736255198031245
entgehen; 0.26522913492954103
schöner; 0.2643248411004606
ombra; 0.2630776071237051
praktisches; 0.26166054439545405
verhindert; 0.26077003340469673
herzen; 0.2606895731132681
glänzendem; 0.260168233545528
prüfzeichen; 0.2583632767846211
gesteppte; 0.25681207878369605
elektrischen; 0.2567065616931359
outdoor; 0.2561644420893572
charme; 0.25224219357187394
reach; 0.252004579327604
schlafbereich; 0.25177656920277514
artige; 0.2514546028314726
schnellverschlussventil; 0.2501777512661647
puristen; 0.24991418563513434
schlagen; 0.24848516009296873
tragetasche; 0.2477211439763778
ungewolltes; 0.24754983149796317
innen; 0.2470733894924706
einzigartig; 0.24627624897948408
überraschungen; 0.24493150400667218
spezielle; 0.24477204275081021
komfortables; 0.24397201350802789
übernachtungsmöglichkeit; 0.24378287784929853
