Wort; Durchschnittlicher Wert
starke; 0.025804464996326715
erholen; 0.024687605385224742
erweitern; 0.02424978527415078
interieurs; 0.02248268096082029
zweisitzer; 0.022277856081927894
umhüllt; 0.020691183512099087
edles; 0.01951912505319342
punktgenau; 0.019142699384246953
schöne; 0.01867999143723864
dunkelgrauem; 0.018419529705170135
feines; 0.018357312510488555
carisma; 0.018092633865308017
hervorragenden; 0.018034910288406536
nylonbezug; 0.01799610798479989
mara; 0.017861645843368024
buches; 0.017774861833459
betont; 0.017695763504889328
gilt; 0.01768365279072981
fußform; 0.017331190930235607
übrigens; 0.017218849854543805
pflegehinweisehinweisdieser; 0.017114385518652853
accessoires; 0.017085051335016033
schließt; 0.017081032401620178
kompakten; 0.01674378775351215
entspannendes; 0.016712272230506642
unterstützt; 0.016688780564436456
bezugs; 0.016581496733124368
wundervolles; 0.016534263006178662
geometrische; 0.01648847152318922
würfelform; 0.01644319422848639
vielfältig; 0.016386255039833486
spricht; 0.016223397011344787
flächenelastisch; 0.016206614876864478
viscoschaum; 0.01605510155286538
angenehme; 0.016054797670221888
chemische; 0.016023808319005184
linienführung; 0.015958935109665617
bspw; 0.01595685028587468
stand; 0.0159555168775114
handelt; 0.015939757038722746
fernbedienung; 0.015645643521565944
körper; 0.015642255602870136
visocschaum; 0.015525950858318538
gewicht; 0.01546537337708287
würfelförmigen; 0.015453576233994681
allrounder; 0.015447503570612753
art; 0.015346975545980968
landhausstils; 0.015298073238227516
raus; 0.015270865951606538
maschine; 0.015268565795850009
