Wort; Durchschnittlicher Wert
angenehmem; 0.01754633482778445
legen; 0.017467209705500863
hellgrauen; 0.017267868272028863
einrichtungsstückes; 0.01690941404467594
tage; 0.01572334490629146
textil; 0.015708829976574634
großartige; 0.015324725995014887
allrounder; 0.014768891631320002
flachgewebe; 0.01453876726964154
wohnerlebnis; 0.014506673265714198
bereits; 0.014445304486798705
brombeer; 0.014094842570557375
braune; 0.013955657508631703
zugabe; 0.013949420288554393
gerecht; 0.013911525811408865
linkshinweiseine; 0.01356375344062144
griffbereite; 0.013464433097396977
via; 0.013400347072547447
vonca; 0.013390578078542603
vielseitigkeit; 0.01330942638014676
geradlinigem; 0.013189406876335852
olivgrün; 0.01318712007605427
griffmulden; 0.012975183224625653
schlafmöbel; 0.01275375017667102
streichelweicher; 0.012590048798301723
unvergleichliche; 0.012446842307326733
trendsetter; 0.012285689474083483
itaca; 0.012261352421774063
knopfsteppung; 0.012221938857692294
wohnendas; 0.01222175752604926
vermont; 0.012130878036259674
zertifiziert; 0.012122545838792576
davon; 0.0120791628396546
stabilem; 0.01190315731219016
komfortvorzüge; 0.01178088675806066
lesevergnügen; 0.011727891334885499
einrichtungselements; 0.011727676435839385
schwarzen; 0.011584373848791074
leeren; 0.011544739012606442
pakete; 0.011528939870004251
haltegurten; 0.011512750501424307
farbtönen; 0.011404139760998078
entsprechen; 0.011391491761969519
formensprache; 0.011388655511836987
abrundet; 0.011264486311119981
aufsatz; 0.011263223933610789
ton; 0.011181819276316673
maßstäbe; 0.011177742337167729
rasanter; 0.011145354612381198
exakt; 0.011126803648949135
