Wort; Durchschnittlicher Wert
holzes; 0.02206393017195296
oldstyle; 0.01913518445689988
sympathisches; 0.018084784174789093
türe; 0.017618860526908975
bspw; 0.01682726482090402
wohlfühlenergänzen; 0.01663674602878018
geradlinigem; 0.01614811000854388
britischen; 0.015607667687163485
grazilen; 0.015588956935516762
liegende; 0.015533003512246069
einsetzbares; 0.015457022740974935
ankommt; 0.01455540247047793
heißt; 0.014537135492332709
erholungsphase; 0.014258124337629852
neigung; 0.014218811645150709
matrazen; 0.014212463292551547
geräumigem; 0.014152226147999158
einzelnen; 0.014071059756702198
untersten; 0.0140612858839404
braune; 0.013960161573777441
teenager; 0.013880062954740424
hervorragende; 0.013790415643597953
organischem; 0.01378921533967059
halt; 0.013786697273644677
besucher; 0.013768645159871085
charakteristisches; 0.01355460107606632
vorteil; 0.013495296455857897
ablagefläche; 0.013446813678683611
ecke; 0.013337065351606725
pflegehinweisehinweisdieser; 0.013309717556694523
eindrucksvollen; 0.013308616754329705
vz; 0.013285921749684348
erhebt; 0.013275639100186254
coletta; 0.013128611725733208
ultimative; 0.013120898804675818
neinlattenrost; 0.013058269833891245
geradlinigkeit; 0.013031202069669234
toppermachen; 0.01296107261259749
wohnkonzepts; 0.012887411808947036
luxuriöse; 0.012828904983507528
vorzüge; 0.012819709675568447
steppnähten; 0.01280583203651986
misst; 0.01274026792634686
möbeldesign; 0.012575715000593846
einsetzbaren; 0.01257135331053405
chic; 0.012562781083488517
sitzvergnügen; 0.012524566486320055
hochwertigem; 0.012486901364354708
sehen; 0.012446244427792408
stylischem; 0.012417546448432404
