Wort; Durchschnittlicher Wert
aufs; 0.02199779689544812
trevi; 0.019292010810204374
betthaupt; 0.018967215408338234
montageanleitungweitere; 0.018875952635426074
ausgestatteten; 0.0183611330576241
sandfarbenen; 0.018188715039286762
auszug; 0.018114164064172655
stabil; 0.017879225211800076
figur; 0.017729442373820348
nachtkästchenpaneele; 0.017444496415919275
ausgesprochen; 0.017174397129565477
anschauen; 0.01716523230970779
dezenten; 0.0167924108391162
dekoelemente; 0.016452124880743213
big; 0.01633742832200369
apropos; 0.016248332911345642
offenes; 0.016200763628148707
blicke; 0.016148248498211615
senfgelb; 0.015782208793098107
falco; 0.015675761504098773
umfassende; 0.015650242567062378
ablagefach; 0.015310645001591183
urbanen; 0.014933486951122177
wohlfühlinsel; 0.01489659701474011
polyvinylchlorid; 0.014873211417580023
überzeugen; 0.01477025041822344
unterstrichen; 0.014650194207206368
ergonomische; 0.014542614451784175
haltegurten; 0.014099427226938133
überzogene; 0.013906624517403543
königliche; 0.013875230317353271
rundet; 0.013824665149513748
griffbereit; 0.013693968357983977
silberfarbenen; 0.013624168233945966
eckige; 0.01358461834024638
strahlt; 0.013508862870367011
trendig; 0.013472439313773066
lustige; 0.013360357203055173
lil; 0.013319685458554886
großgeschrieben; 0.013294312950165477
titaniumbezug; 0.01325454527977854
funktional; 0.013166096090571955
solide; 0.01306800283055054
begleiten; 0.013030657330091344
ergebnis; 0.012983956548850983
dorry; 0.012969529605470598
schlafengehen; 0.012969148163392674
baumeln; 0.012890366342617199
seele; 0.012882577853815746
manuelle; 0.01279823065851815
