Wort; Durchschnittlicher Wert
preiswerten; 0.045509898955060635
ausschließlich; 0.04146238034263661
flachen; 0.04099269740800082
neinlattenrost; 0.03997269713181595
variabel; 0.03838540618562547
davon; 0.03783077782827604
maximale; 0.03746277218670002
lackiertem; 0.03641962156234513
elias; 0.0361853621834598
stattlichen; 0.035952080053903046
mitten; 0.035671454377734335
gestaltungsmöglichkeiten; 0.03536935497322702
echt; 0.035342898474482354
lustige; 0.03517207688457802
farbkombinationen; 0.035039162961766124
fans; 0.03495426550433223
griffbereite; 0.03492176203872077
aufstellen; 0.03491603545944599
wohnideen; 0.034788556084095035
rahmen; 0.03450204827822745
micki; 0.03428358704695711
dunklem; 0.03420876416021201
vollwertiges; 0.03418018465526984
sitzplätzen; 0.03412176950951107
gegeben; 0.03350763823527814
intelligente; 0.033306143692243495
gespräche; 0.033178044448504806
streichelweicher; 0.03291835831805656
amara; 0.03289559517725138
breit; 0.03274821060222166
designliegefläche; 0.032645121827954426
gesamtbreite; 0.032543223849643255
besonderheitenlattenrost; 0.03209587146557169
farbton; 0.03182414873936068
schrankbett; 0.03168899303273065
stilsicher; 0.031095347243535798
livetastic; 0.031060615406204306
griffmulden; 0.030860908191243652
wellnesszone; 0.03078312415163964
endgültig; 0.030696514004830533
antara; 0.030649559314042563
oldstyle; 0.03064444486517459
gesellige; 0.03027239939001447
legen; 0.030190528104867553
kaufen; 0.030147184324960108
eck; 0.02998530375680275
übernachten; 0.02984041835225071
lausanne; 0.02969424900584272
liegefunktion; 0.029486307728802785
mango; 0.02943368902288057
