Wort; Durchschnittlicher Wert
Traumbett; 0.10275900636042934
Schlafzimmermöbel; 0.09998114488553256
Liebesroman; 0.09886890684720129
seitlichen; 0.09355728499940597
Einschlafgeschichte; 0.08628969053097535
Regalfächern; 0.08576557492779102
beliebt; 0.08574733044952154
Krimi; 0.085171859987895
Person; 0.0851061987268622
leichtgängigen; 0.08263710155733861
Räumen; 0.08254033311095554
Nutzen; 0.08215537275827955
ausziehbaren; 0.08081593729002634
Zusätzlicher; 0.07964843034278601
bieten; 0.07813642437395174
großzügigem; 0.07797139688045718
kleinen; 0.07769635823206045
funktionelles; 0.07562861700716894
Pumpe; 0.07350974509427033
Schaumstoffpolster; 0.07315995225508232
Bequemes; 0.06929139864223544
geradlinig; 0.06895535073272185
AZURRO; 0.06868868615129031
dienen; 0.06731043453328311
Charme; 0.06698706639144802
Bettlade; 0.06678104936872842
Einrichtungsstile; 0.06537787093111547
Kippfunktion; 0.06512337513413513
MontageanleitungDrucken; 0.0650817906280281
Wotan; 0.06501210812712088
Gästezimmer; 0.06428762884752359
Erwachsenwerden; 0.06298972466174746
KategorienPolsterbettenBoxspringbettenStauraumbettBetten; 0.06258914333375287
zusammen; 0.06223751237121178
ZubehörDrucken; 0.06213151465271949
BESTWAY; 0.060600759243243374
Stellen; 0.06053640472237021
breiten; 0.06038348141191818
Retro; 0.06000038486672565
perfekte; 0.0599593720107805
Metallbeinen; 0.05906717386460514
Rollrost; 0.05849084209148714
Wählen; 0.05755293795664329
geschickt; 0.0573097411784147
SchlaffunktionBettkastenArmteilverstellungWellenunterfederungKopfteilverstellungSitztiefenverstellungInkl; 0.05726671984302811
Zusätzliche; 0.05723545224464033
spezielle; 0.05714735569199547
feines; 0.05701013455836801
Co; 0.05696913378051249
Einzelbett; 0.056568290492577944
