Wort; Durchschnittlicher Wert
trendige; 0.10639503193669952
grauem; 0.10615300757490331
zeitloser; 0.10172001212777104
Einzelbett; 0.09998148254817352
Luftbett; 0.09225762324058451
HAVANNA; 0.09152358576830011
TrendsetterFürs; 0.09143198127276264
Rückenlehne; 0.0908288320642896
BESTWAY; 0.0885830327461008
platzsparend; 0.08747031100210734
HOGAN; 0.08624676517501939
FALCO; 0.08595962508115917
QUEEN; 0.08592640356073389
ihre; 0.08495443459833041
entgehen; 0.08235868081101216
eingearbeiteten; 0.08168453758116812
Gitterbett; 0.08164195106655825
JAKARTA; 0.08129808280500583
Kopffunktion; 0.0811670414841501
gradlinigen; 0.08062795887235552
flexibles; 0.07955548372410703
überaus; 0.07904513980611227
Machart; 0.07788514519052114
Formschaum; 0.07666500016057398
meisten; 0.07641513703856617
Minuten; 0.07614682683924912
seitlichen; 0.07579984480980784
CARISMA; 0.07557714568065421
Pumpe; 0.07497183280065656
teilige; 0.07478802144760266
Praktisches; 0.07461598319059703
Pluspunkte; 0.07430599889630685
fährt; 0.07410435799101833
LA; 0.074028415576322
Bettlade; 0.07300162606406957
ergeben; 0.07290318216109881
Zusätzliche; 0.07250741586176446
mausert; 0.07230526892817579
CAROLINA; 0.07220501725169015
Textilien; 0.07194539181364235
dreifach; 0.07185403252515243
Stuhl; 0.07158126024296507
Klasse; 0.07111518117017113
leichtgängigen; 0.07095229228434619
integriertem; 0.07082867764984258
Person; 0.07044130731810583
hell; 0.07016998882409098
geschickt; 0.07016345355077647
Umklappen; 0.07016014427063055
eingebautem; 0.07003559354052413
