Wort; Durchschnittlicher Wert
Rücken; 0.07580062048509717
Tipp; 0.07291027630947156
Kopf; 0.06638865226705093
dadurch; 0.06539278833224671
Schenkelmaß; 0.06512830724386731
aufstellen; 0.06496788436925272
Braun; 0.06343554596242029
Taschenfederkern; 0.06329508529051964
YOU; 0.06252118448901456
stattlichen; 0.06211185705342359
Samtbezug; 0.060241529477025324
Namen; 0.059174433758016676
Rollroste; 0.05857595090492396
Bonellfederkernmatraze; 0.058568932368871174
Türkis; 0.05798844085802557
Charakter; 0.05798328379296436
Pölstern; 0.05791621265234426
sieben; 0.057321202073580935
konischen; 0.055993976257013856
worauf; 0.05559486474496467
Reich; 0.05533760739308491
echt; 0.054634628449093725
abnehmbar; 0.054211576170018816
linken; 0.05408533030549734
mitten; 0.05374106240924448
Komfortabel; 0.05370670650154352
Stellenwert; 0.05357394062230014
Filiale; 0.05355023762967903
Armteil; 0.05335362043922487
vorhanden; 0.05311817430811061
MATTO; 0.05306958602159284
zusagt; 0.05298655455408152
Schlafgefühl; 0.05262049748125719
kombinierbaren; 0.05259813883822062
Zimmer; 0.0512270847993932
hölzernen; 0.05104873857635539
Blau; 0.05087815920524008
Reinigungs; 0.050842845092120115
vollenden; 0.05083465002098819
verschiedenen; 0.05067421593821564
streichelweicher; 0.05042258765024599
Ottomane; 0.050411015276040416
gepolstert; 0.050339696572336834
Eckschlafsofa; 0.05032468426361447
dauerhafte; 0.0500521596593444
umfunktioniert; 0.04983409700071206
Mischgewebe; 0.049678740757372
gewährleisten; 0.04967779723301646
Er; 0.04946841511991806
verbindet; 0.04941647290252149
