Wort; Durchschnittlicher Wert
FüßenStilvoll; 0.08622644111164846
VILMAR; 0.07651534043543506
wo; 0.07468298371532
Gesamteindruck; 0.07323589047882706
kombinierbare; 0.07167563051916659
Setzen; 0.07093783660093322
genutzt; 0.07004072627751157
edlem; 0.06962679568096064
kleines; 0.06883783137891442
Person; 0.06670312047936022
Ausziehbett; 0.06634096722700633
vollendet; 0.06590844361926429
integriertem; 0.06561617492116056
verräumen; 0.06535003913450055
Einrichtung; 0.06519165719510056
verziert; 0.0650005346396938
STELLA; 0.06485697175958194
doch; 0.06464490055805072
vieles; 0.0640709363942733
lang; 0.0636162699374836
Rückenpölstern; 0.06345945238717832
Schicke; 0.06316848690039478
beige; 0.06259068685176317
korrekt; 0.0623802199261263
Relaxen; 0.06234643957577646
befinden; 0.06222337673534639
raffinierten; 0.06196308306243736
ergibt; 0.061401051201613654
Schlafplatz; 0.06135531744803302
stilvollem; 0.0605833834852092
erfreuen; 0.06016522689606063
verbreitet; 0.06010304550000001
angenehmes; 0.05914288142048463
überaus; 0.0585905289335642
dezente; 0.058104703726712614
trendig; 0.057105010404484347
Bereichern; 0.05695862145512365
spielend; 0.05640700535150245
Desweiteren; 0.05633421815582551
trendigem; 0.05630391860904638
Vergangenheit; 0.05628045123012271
trendige; 0.055507173336081905
Bonellfederkernmatratze; 0.05549307048204355
dezent; 0.05526198552252026
geräumige; 0.05525670719907794
Niveau; 0.054999518921249546
schauen; 0.05479129833111074
Schlamm; 0.05457075762387831
gutes; 0.05420325940940529
Silber; 0.054188392736250535
