Wort; Durchschnittlicher Wert
Einrichtung; 0.057060569000896066
wo; 0.0548590449616313
Rückenpölstern; 0.04746652270841878
verräumen; 0.047450792510062456
Relaxen; 0.04725453566061333
kleines; 0.04704756147111766
VILMAR; 0.046336240047821775
kombinierbare; 0.04627998563228175
Faulenzen; 0.04599340448476141
ihre; 0.04573332381551154
Setzen; 0.04455329163465649
Boxspringsofa; 0.04434001732442994
FüßenStilvoll; 0.04276475479127839
erfreuen; 0.042047709750477225
Ausziehbett; 0.041134998871712014
integriertem; 0.040601658809464425
erzeigt; 0.04031056999519933
verbreitet; 0.04028891364578158
kinderleicht; 0.0401104892953299
Schlafplatz; 0.03933028649771586
Person; 0.0389252781169489
spielend; 0.03877463339085807
ausgestattete; 0.03852281763829524
ergibt; 0.03841143004524383
II; 0.03746916932868771
benötigt; 0.03714530043362174
Doppelte; 0.03713553931447677
doch; 0.03675204495084472
GRAZ; 0.036626946210162714
zusätzlich; 0.03657644188206177
geräumige; 0.03654766540603305
praktisches; 0.03637546207755804
Aus; 0.036067756096599624
Gesamteindruck; 0.03601252188673243
Vergangenheit; 0.0354942390404176
CARISMA; 0.03546561859548092
persönlichen; 0.03529822253040038
glänzenden; 0.03528967824240681
angekündigt; 0.03503718429419678
Currygelb; 0.035018457419937477
MontageanleitungHinweisBitte; 0.034991624183021486
erweitern; 0.03473079748800956
einiges; 0.034413351881084964
PUERTO; 0.034350077010458335
flexibles; 0.03426696453243494
Graphit; 0.034050526504870504
RAVELLO; 0.034027619258267805
Im; 0.03392808887292631
gestalten; 0.033897933521075174
welchem; 0.03375566564500332
