Wort; Durchschnittlicher Wert
Wände; 0.12027331133140251
Dauerschläfer; 0.12004922004416585
Relaxen; 0.11967894771078136
Einrichtung; 0.11492097898735665
verräumen; 0.11324028891976923
GARCIA; 0.10977136075962335
umfunktionieren; 0.10898865986382589
wiederum; 0.10826990009809379
Ordnung; 0.10705356753896922
möchte; 0.1043655990215484
Platzangebot; 0.10354753957653884
PATCH; 0.10258984018582851
trendige; 0.10117857868317515
misst; 0.10047067084815353
schickem; 0.09999531100038439
ihre; 0.09934085777786095
Letztere; 0.09829919477488147
edlem; 0.09808625662117265
später; 0.09797711689407151
fehlen; 0.0979084326827433
formschönen; 0.09775373385491548
Sitz; 0.09751194055570522
Matratzenhöhe; 0.09728211499168538
Möbelstückes; 0.09631583160080481
darunter; 0.09490606451345229
Ende; 0.09470196990878321
sonstiges; 0.09449386198139109
angekündigt; 0.0935863679551403
Rollroste; 0.0935128897872346
keinem; 0.09318618178804172
FüßenStilvoll; 0.09309428700362332
glänzt; 0.09301213802245911
entstehen; 0.09267336205812171
Bigsofa; 0.09203073893149849
Voraussetzungen; 0.0916559891338693
schöne; 0.09099237946793437
Beige; 0.09077865505605587
erlaubt; 0.09050078919790394
Wohnambiente; 0.09047179892331769
Programm; 0.09030090426676907
genutzt; 0.09021810904960148
Komfortschaumkerns; 0.09019411509871134
Eyecatcher; 0.08980146134854294
Wohnelement; 0.08892664485028945
teilen; 0.08864954461023444
PflegeMontageanleitungHinweisStoff; 0.0886032055132091
begleitet; 0.08842834232200403
Elegante; 0.08827395042862918
eingearbeiteten; 0.08825417388925416
Matratzenfixierung; 0.0879077936115209
