Wort; Durchschnittlicher Wert
Nierenkissen; 0.14871380659315037
Bettfunktion; 0.1459024221985601
Filiale; 0.13259159402514342
Ottomane; 0.12783589227910852
Diese; 0.11908633397251833
rechteckige; 0.11661285400623456
greift; 0.10850481531815603
Ausführung; 0.10820086338208057
verzichtet; 0.10672811840777285
Pölstern; 0.10669783700723201
MANUELA; 0.10640782868722454
Gestaltungsrichtlinie; 0.10574872777215205
Armteil; 0.10552511290552502
Bequemes; 0.10318496651234454
japanische; 0.10152116703102365
Schenkelmaß; 0.10118707003130112
edel; 0.10079141407913994
vermissen; 0.09943402031785809
Reich; 0.09876196402547066
eindrucksvolles; 0.09865579352481291
naturgeölten; 0.09722003716160543
umgibt; 0.09634389582788572
PARK; 0.09596097089524847
Buchenholzes; 0.09539524096180685
linken; 0.09477537024758931
Wesentliche; 0.09400271852791775
jederzeit; 0.09371255581572768
prakitscherweise; 0.0928393701906316
feinen; 0.09265711373882368
InformationenPaketgröße; 0.09199540092959069
kgHinweisDieser; 0.09160425975278486
Kopfteile; 0.09159990108310012
Stabverleimung; 0.09105745123815723
ganzen; 0.09033014572560205
geplankte; 0.09023843291652156
kommt; 0.09020514000258117
echten; 0.08954541495040758
kombiniert; 0.08903778003514162
Besonders; 0.08895139873129665
LIVING; 0.0875428961153375
positioniert; 0.08741247770376503
Konzentration; 0.08712732879212126
einladendes; 0.08695634684409015
praktische; 0.08665030617703451
folgt; 0.08576438808813691
Bedürfnissen; 0.08573151112068444
großzügiges; 0.08495759768993594
verbindet; 0.08437715364561882
Selbstverständlich; 0.08429884373617824
angenehm; 0.08382835173233616
