Wort; Durchschnittlicher Wert
leichtgängigen; 0.07518381652334938
Zusätzlicher; 0.07387997488513065
Gästezimmer; 0.07116036046136287
Lederoptik; 0.0704355163315995
REACH; 0.06904293395928107
Krimi; 0.0689452094011358
glänzendem; 0.06777529137252714
entgehen; 0.06765838247156353
Einrichtungsstile; 0.06742219170473618
Wotan; 0.06674515147460625
seitlichen; 0.06635578616260318
Edelstahl; 0.06581345744962164
ausziehbaren; 0.06578495430562725
Stellen; 0.06551368052168982
Schlafzimmermöbel; 0.06505435546932858
kleinen; 0.06493861044145888
Regalfächern; 0.06400896732611727
Räumen; 0.06320834358166394
funktionelles; 0.06301071587949991
inkludierte; 0.0627254879418615
Liebesroman; 0.06231639055113192
Einzelbett; 0.061813158692530124
zweckmäßige; 0.06176102252175042
Lade; 0.06167120553072891
spezielle; 0.06164549722416268
großzügigem; 0.06157535189049668
dienen; 0.061390765906253364
ergeben; 0.0606090370365564
Einschlafgeschichte; 0.059762366305221803
schon; 0.05938453322232817
widerstandsfähige; 0.05932051229501667
bieten; 0.05871638573080418
alleine; 0.05862215234810719
teilige; 0.05853720060804335
höher; 0.05825286098297511
Charme; 0.058199233062623534
Betthälfte; 0.05813523785400321
Herzen; 0.05782341400299629
Gönnen; 0.05780330839479575
Nutzen; 0.057641655213956255
Mini; 0.05748687510822492
Schaumstoffpolster; 0.05713615287822904
Co; 0.057113974951789714
Traumbett; 0.05680915487391758
einzigartig; 0.05674924025151995
zusammen; 0.056116923500667326
Senfgelb; 0.05596594263079169
QUEEN; 0.0557976922555099
gradlinigen; 0.05545840700142435
Schublade; 0.05535824521211907
