Wort; Durchschnittlicher Wert
jederzeit; 0.05947131381253712
PARK; 0.05082250787381781
Kopfteile; 0.04905323826824315
besonderen; 0.04700399041757919
Eck; 0.046818528964649886
geräumigen; 0.0463512345449999
unvergleichlichen; 0.04465163858549204
wohlverdiente; 0.043061078249593265
stützenden; 0.04194815229038795
ganze; 0.041580586905183736
spontaner; 0.04155701422132552
zurückzulehnen; 0.04125020853825845
stand; 0.04064670595653297
robuste; 0.04042730471701361
förmige; 0.04039402093621902
erhalten; 0.03971596007613698
Armteil; 0.03917254889529431
Kein; 0.03780107162310742
SONOMA; 0.037224521165626356
Extra; 0.03721769168623723
kontrastfarbene; 0.03710698625400255
Polstermöbel; 0.037079365545650944
sowohl; 0.03704799257684499
Belastung; 0.0369246396003291
unterstreicht; 0.03652610332665063
Erscheinungsbild; 0.03651565531617962
Gäste; 0.03603984642177238
hält; 0.035950260411482304
Aufstehen; 0.03469080889226461
Wohnräumen; 0.03456469767297676
ausladenden; 0.03452232966719748
geschmückten; 0.03446660766167042
Hell; 0.034157605638029054
Hochschläfer; 0.03411059090285562
einzigartiges; 0.03388162309784093
darüber; 0.03365897429466713
vorkommen; 0.03353117375081638
Ihre; 0.03344297184958123
Möchten; 0.03326634836412268
traditionellen; 0.03322235187079059
Außerdem; 0.03322152156033553
montierbar; 0.03321041383605916
Wohnkomfort; 0.033152333642647136
Sitz; 0.03309655288467184
alufarbene; 0.032982732242089696
weiterer; 0.03290048705821391
gesellige; 0.032840142732311506
praktischer; 0.03270122270623688
Sekunden; 0.03266197864377318
verkleidet; 0.03221086354824365
