Wort; Durchschnittlicher Wert
prakitscherweise; 0.10008594708051533
gehen; 0.09457843011477962
verloren; 0.09186833799321903
Vintage; 0.09174116057693027
Pölstern; 0.09170612614252605
Querschläfer; 0.09135210345266387
toller; 0.08407027437351644
Braun; 0.08372985901951324
Kilogramm; 0.08279678281542147
eindrucksvolles; 0.08126760585582815
Retro; 0.07862652378389612
Reich; 0.07856671884655952
angenehmem; 0.07721737364772707
Kind; 0.07711161452971282
hohen; 0.07556201284751296
Zugabe; 0.07529720079764957
bringt; 0.07501906430115923
Hand; 0.07501774582487997
graue; 0.07472352670902183
raumsparende; 0.07367903273552656
harmonisches; 0.07280233146593673
MATTO; 0.07242743630195037
zugehörigen; 0.07098563830368221
Rosa; 0.07070892212504987
Lieferumfanges; 0.07024768134579062
zwischen; 0.06798114090634044
großartige; 0.06673160445643589
ausladender; 0.06633394486561883
JUIST; 0.06585575320059434
REGI; 0.06570592694333754
edel; 0.0656718086975161
LAGOS; 0.06546479504322633
Boxspringbettes; 0.06528618949232623
Wandgestaltung; 0.06426671729423106
heiß; 0.063617675594287
Zubettgehen; 0.06352982969838195
geliebten; 0.06270358760957606
FLORA; 0.06252979372948175
abnehmbar; 0.06230775828589685
Maschine; 0.061553489196739974
Großer; 0.06132098387752194
abklappbaren; 0.060960920905927196
Bettschubladen; 0.06094574795861263
Dunkelgraues; 0.06053576979320496
Schlafgelegenheit; 0.06022744090296328
XL; 0.059490767889656126
SCALEA; 0.05938976396282669
PLAYBOY; 0.05921229810337536
Sonntagnachmittag; 0.05906469456385821
Kunststofffüßen; 0.058669778634794056
