Wort; Durchschnittlicher Wert
XL; 0.030293363131931983
Möbelstücke; 0.029441628605127335
überraschende; 0.028205772785440786
Elementen; 0.027632504279608838
Schlafgemach; 0.02673758649325464
Hinweis; 0.0260888310667724
Schaffen; 0.0250427340506576
müssen; 0.024827374712913297
Gebrauch; 0.024578215563451522
Sitzqualität; 0.024193696619477123
wohlfühlen; 0.02412999075022526
maximale; 0.02340592543623643
Fuß; 0.023347505113633815
geschickte; 0.02316191927093314
Kompakte; 0.02301302828709595
Zeit; 0.02298590843565762
Mango; 0.022901787981027155
MATTO; 0.02263177950226236
Nachtkasterln; 0.022560276771400822
geometrischen; 0.022524352054460905
naturbelassenem; 0.02246259670937434
Metallgriff; 0.022288523930910742
Lichtbeständigkeit; 0.022030418360373005
Ausspannen; 0.021656497241565376
Rückwand; 0.021414473878394347
gefertigte; 0.021392288517745328
Sonoma; 0.021334242053853814
Sowohl; 0.02127563739645666
Bereichern; 0.021089911366289016
DETROIT; 0.020973492582925246
Korpus; 0.02095750338048674
Hang; 0.020632853933420847
Wangenform; 0.02045254287440912
Kieferfarben; 0.020087688937564963
Familie; 0.020067240722710267
hervorgezogen; 0.019907112829969265
NADJA; 0.019778179601416923
hinter; 0.019759912771405652
keinem; 0.019753802935156273
gemütlicher; 0.01970198224444175
gesorgt; 0.01967801932551083
robust; 0.01961770234265714
dezent; 0.01954807704896666
Matratzenfixierung; 0.019445670062850695
Farblich; 0.019294533733045682
bspw; 0.019210497703170404
Deko; 0.019146443213685416
saubermachen; 0.019089890243776608
mittelgroßen; 0.01907889144786168
Belastbar; 0.018943143062642775
