Wort; Durchschnittlicher Wert
Sitzhöhe; 0.030613094597356394
vorhanden; 0.03028080621152185
sehr; 0.029355130362091586
Ecksofa; 0.029342952926526777
Bettlade; 0.028571083865244873
Stellenwert; 0.027805943129351363
verdeckt; 0.02743879863191978
Schaumstoff; 0.026191446842858568
Wohnzimmer; 0.026039655786007643
STYLISH; 0.02566622698213905
PATCH; 0.02531077364619705
Couch; 0.024736440464039333
Einladung; 0.02464002135093324
Sofas; 0.024448675671010278
Farbtöne; 0.023859839697252028
Scheuertouren; 0.023759893247188302
T; 0.023606750917679165
umklappen; 0.023446734820026904
Bessoni; 0.023107959481421858
hautfreundliche; 0.022894386584084714
genug; 0.022630179249063076
NEW; 0.022626689993558102
allerbesten; 0.022495986082503805
Luftbett; 0.0223060005082516
großzügigem; 0.0222940232270048
stilvolles; 0.02228036783344578
dadurch; 0.02224600769477547
Sofa; 0.021941235580015928
MID; 0.021863347370526753
Zusätzliche; 0.021852441248483956
Nosagunterfederung; 0.02183220239385264
Fußbeine; 0.021711334346036892
Sitzmöbels; 0.0217026253703807
naturfarbene; 0.021582428910733142
riesige; 0.021560345019679517
STAN; 0.021488150356162805
neu; 0.02146526623982936
lustige; 0.02142402263416443
BESSONI; 0.021414740811451338
umfunktioniert; 0.021359753889555577
überraschende; 0.021327249429305084
Vorzügen; 0.020808343168027932
Senf; 0.020768963055161294
empfehlen; 0.020670883430284448
Arm; 0.02061492914799601
Nylon; 0.02036165216122754
Familie; 0.02033448576912633
fröhlichem; 0.020233069491041533
dezente; 0.020219633235683432
dieser; 0.020186124078463763
