Wort; Durchschnittlicher Wert
Nosagunterfederung; 0.09478938626125455
Rollroste; 0.09370029403362423
jedes; 0.08985250088153407
modernes; 0.08514275512061431
Möbelix; 0.08405711391242221
bietet; 0.08320510670819203
rechts; 0.082206214312464
Sitz; 0.08040995869669132
Sitzfläche; 0.07986285499646328
angekündigt; 0.07975801418797346
Wohnlandschaft; 0.07854868510912638
vier; 0.07825119884000742
Rücken; 0.0782196768996073
Laden; 0.07809439205448143
HinweisDieser; 0.07718185252451804
dort; 0.07587691406661179
Kiefernholz; 0.07555653824238107
Artikel; 0.07554948210599832
wohlfühlen; 0.07480230971123092
Einrichtung; 0.07451741462136852
von; 0.07436141662583395
den; 0.07402140914200572
fürs; 0.07369458173343446
Platz; 0.07363374010310508
Wohnambiente; 0.07326938831829466
Bettfunktion; 0.07251950832505827
Dank; 0.07248156141577056
durch; 0.07219259881094331
unter; 0.07208815777630662
Elementen; 0.07185968375415541
Gemütlichkeit; 0.07179411506513134
finden; 0.07149457596824504
sind; 0.0711998894403223
einfach; 0.0708784865164489
Sitzkomfort; 0.07076599530410022
Auf; 0.07020046308025485
Bettkasten; 0.0700223573594485
ausgestellt; 0.06987405288236914
wird; 0.0691113693465013
Couch; 0.06903669563780568
gefertigte; 0.06903556397446664
Sitzhöhe; 0.0689803043496795
Raum; 0.06889552383654518
Möbelstücke; 0.0688387429327122
dieses; 0.0687246314046206
genießen; 0.06870535857160576
Filialen; 0.0686204293888295
dazu; 0.06835786381998332
Sitztiefe; 0.06832219178613741
schöne; 0.06813342100940645
