Wort; Durchschnittlicher Wert
nachhause; 0.017064398510115097
Tee; 0.016140026066977953
ungefähr; 0.016109426422190154
geeignet; 0.015864171678003913
spontan; 0.015776975858898368
Rundrohrbeine; 0.015499886584052547
wählen; 0.014586309416699805
MARIO; 0.014572137897175708
krönenden; 0.014535276241076645
schönem; 0.01444110198258386
jeder; 0.014322257124149473
bezogen; 0.014147458226943854
Sitzvergnügen; 0.014122096810751827
warmem; 0.013819328057707025
federführenden; 0.013755350075371098
setzt; 0.013750804262485872
trendig; 0.013541869002438034
Füßen; 0.013376199885897222
unterschiedlich; 0.013314003557752585
Holz; 0.012863294165981642
besten; 0.012854979711846681
Belassen; 0.012847909383708611
MOSBACH; 0.01282676644973435
bequem; 0.012688159134995658
Praktischer; 0.01267162054682558
NORWICH; 0.012606666994543048
mit; 0.012427534154994646
Einrichtungsgegenstandes; 0.012296480411805533
weiße; 0.012268227710592328
praktisches; 0.012260873457307753
Schmuckstück; 0.012181098409200786
Gäste; 0.012122247404477093
bestellbar; 0.012110192379623186
Doppelbett; 0.012066282015439356
lagernder; 0.012063326485076686
adeliges; 0.012060939423918171
MONACO; 0.012051833964505931
Großes; 0.012043440867273603
dynamischen; 0.011931116497180483
VINDAS; 0.01181023482058663
Staub; 0.011712422605341999
Lieferumfang; 0.011634970338491257
Fußbeine; 0.011588155130539235
CARISMA; 0.011547282203082432
Möglichkeit; 0.011422053265505383
anderen; 0.011322011730044323
repräsentativen; 0.011274996721112984
RITA; 0.011216864471066401
Unterteilung; 0.01104004055923724
stilvolles; 0.0110168928067651
