Wort; Durchschnittlicher Wert
Entdecken; 0.01841591274774146
STAN; 0.017037314961044103
TRIO; 0.01583493075372644
kontaktieren; 0.015346095977974983
Längs; 0.015067057044461762
halten; 0.014674020199208826
Vorziehbank; 0.014654029367420662
MALAGA; 0.014462537324561708
SINJA; 0.014378960392605222
CRUZ; 0.01430646053881901
passieren; 0.01423348396383517
Taupe; 0.014141331925202394
MÖBELIX; 0.01410529326994947
pflegeleichten; 0.013863702414141699
dezente; 0.013739618651925412
bereiten; 0.01359509311578222
harmonisches; 0.0134948819615488
Bettkasten; 0.013440716492596039
Jugendzimmer; 0.013337375751120817
BASE; 0.013329091559171502
MARA; 0.013309588633319436
jedem; 0.013234752130415472
langen; 0.012914360102200817
dick; 0.01289213807831402
ausziehbare; 0.012807395077516048
MaterialFarbe; 0.012764825021463366
überzogen; 0.012647062807445764
einladen; 0.012603109883684738
Extra; 0.012571101581215771
puncto; 0.012527661122135214
Unterteilung; 0.012452147152721693
Nicht; 0.012368553092073853
Absetzungen; 0.012363939804345137
Selbsteinzug; 0.012336243828031002
SchlafkomfortDas; 0.012286597677530153
Boxspringbett; 0.012207579723735762
entscheiden; 0.012185825411620499
samtartigen; 0.012168042889697972
Pilling; 0.012130173869991268
verhindert; 0.012058071510182344
ziehen; 0.011982449788320082
langsam; 0.01195500008043382
geradliniges; 0.011927325996566651
tiefenverstellbar; 0.011892557491592015
Farbgebung; 0.011887877188200946
ISO; 0.011866640927905792
aktuelles; 0.011814685079798437
Simplizität; 0.011795829445418349
Überzüge; 0.01176160250682301
übersichtlich; 0.011761258229228133
