Wort; Durchschnittlicher Wert
nutzen; 0.0218520098328554
Möchten; 0.018521081275594042
Einrichtungsstückes; 0.018260158665270865
wäre; 0.01752866726087632
Sowohl; 0.017477037752996694
Übernachtungsgast; 0.017329875120083216
Möbeldesign; 0.01663369251524216
Stöbern; 0.016268601171049113
AIRBED; 0.016191970929980926
NADINE; 0.016016112950183015
keine; 0.015380682473733032
Rückenpölstern; 0.015324108845334194
stimmigen; 0.014997304699818415
Nosagunterfederung; 0.014976414788179682
wunderbarer; 0.014968733756631991
Reinigung; 0.014805048446760338
Haben; 0.014720456037025542
Mischung; 0.014663246378177064
Schwebetürenschrank; 0.014454169290210928
großer; 0.014434664041459655
einladenden; 0.01441892265347633
Sofa; 0.014378346666944708
Hang; 0.01437043950863881
verlaufenden; 0.014367409799433517
dunkelgrauem; 0.014305695094208204
Funktionalität; 0.01429026056530347
Vorziehen; 0.014223240271803661
Bezügen; 0.014184242022110993
Optisch; 0.014181535982970672
RELAX; 0.01414633322804093
Element; 0.014117785126018134
ausgiebig; 0.013974932324117617
bequemer; 0.01391081762540125
Formen; 0.01387866308982666
ansprechend; 0.013730040199675386
Möbelstück; 0.01371160122744186
problemlos; 0.013633438527961061
sitzige; 0.013574984212937125
wertvolle; 0.013350234090466984
luxuriösen; 0.013349957584978256
außerdem; 0.013330980679825188
Zentimeter; 0.013265830743648621
finden; 0.013220457454963253
eignet; 0.013198074743741017
Beeren; 0.013153576286185853
Härtegraden; 0.013083842345452013
facher; 0.013062995250152198
kombinierbares; 0.012971067332046005
Geschmackvolles; 0.012946354643645464
komplettiert; 0.012817731850191194
