Wort; Durchschnittlicher Wert
umfangreichen; 0.01815004609625248
Beautifiul; 0.017284756787375954
unterwegs; 0.017167358882716144
Direkt; 0.016811019583201414
Bezug; 0.01651202968787402
tut; 0.016399510602241207
bezogene; 0.015939066219061715
Fango; 0.01592965753457065
zeugt; 0.015361464077614073
mordernen; 0.015242043212765566
dick; 0.015232774490414158
großzügig; 0.015019069452137046
Futonbetten; 0.014912280247699528
Unterbringung; 0.014893794641011482
Simplizität; 0.014847301628606147
fröhlichem; 0.014769100778494249
maximale; 0.014740658692154796
geplankte; 0.014671297470613354
kleinerem; 0.014354812710053011
Anthrazitfarbenes; 0.014153786397400836
ausgiebig; 0.014010332660006952
Jugendzimmern; 0.01397375928195288
offenbart; 0.013902474813448862
mehrfach; 0.013795948658298585
Möchten; 0.013790231898383354
Wohnerlebnis; 0.013594879320578457
Einrichtungsideen; 0.013564319535817049
entdeckenDrucken; 0.013500601138900947
natürlicher; 0.013489647275036987
mehreren; 0.013252833171463863
Industrial; 0.01322323587832841
Feinabstimmung; 0.01310582184123632
Rolle; 0.013091432848341356
Daher; 0.013077509076509841
Überzüge; 0.012862301243330876
Schlafgelegenheit; 0.012826166651393578
wohlverdienten; 0.012716838043274947
griffbereite; 0.012693682354438351
Marke; 0.0126737783077715
schätzen; 0.012672714074142277
SABA; 0.01267184137032018
Mischgewebe; 0.01257408995491005
zusammen; 0.012553611509588336
Kollektion; 0.01254700402250819
bevorzugen; 0.012533509016066091
FALCO; 0.01247278542928143
MICKI; 0.012364840941245347
Machart; 0.012348616791769018
Polyetherschaumkernund; 0.012193104354423667
HinweisEine; 0.012154396966252534
