Wort; Durchschnittlicher Wert
viel; 0.04126820775854867
Kissen; 0.032897398978548154
modernem; 0.02882172715908382
Im; 0.02737530886224704
Schlafmöglichkeit; 0.02665363347477978
Vorstellungen; 0.02658247307408601
geschmackvoll; 0.026536110603046836
schlichten; 0.02641310034232447
Wohlfühlen; 0.026294147872249596
hohem; 0.02544309820223134
angekündigt; 0.025071547541301697
kieferfarbenen; 0.02446957768552238
Tasse; 0.023984198312973604
FJORD; 0.023950205959408777
ihre; 0.023789615239365958
Boxspringsofa; 0.023756856273394078
vier; 0.02372617370565422
somit; 0.023722696510958485
jedes; 0.023240418293426046
gleichen; 0.023193521883513313
gemütlicher; 0.023169680738647003
Sitz; 0.02308477900805883
Vergangenheit; 0.02289634814951569
sodass; 0.022872064347552623
mittig; 0.022854157357869553
aussehen; 0.0226867054370814
bezogene; 0.022489472008601297
Leistungs; 0.022388515189959435
wesentliche; 0.022242021426791325
Verhältnis; 0.02223709521604178
montiert; 0.022069793008995475
letzten; 0.021761846335721202
vielen; 0.021737342915002955
Jetzt; 0.02170209271571366
griffbereit; 0.02161749549486558
zu; 0.021568779538938543
austrecken; 0.021502027375390753
richten; 0.02149070240193396
versöhnliches; 0.021473368848091923
Beim; 0.021393263309619215
großer; 0.021271412493661046
gestalten; 0.021201216735789785
Kuscheln; 0.020966809046512935
Ende; 0.02096077217720449
darauf; 0.020886809226794867
um; 0.020863536889009993
Einrichtung; 0.020793075105757453
schließlich; 0.020713604768388905
erfrischt; 0.020658671972341835
ersten; 0.020637792113120668
