Wort; Durchschnittlicher Wert
Wohnkultur; 0.024346397807676112
naturgeölten; 0.023950645818331395
bieten; 0.02387479970639106
RICHMOND; 0.023833274621210876
Lektüre; 0.023785811717971228
kontaktieren; 0.023213439520986867
Armteil; 0.023153610552981263
zaubert; 0.023149815529905027
rechteckige; 0.022881604500071262
bis; 0.022348895105778865
Regal; 0.022326578369131767
Polsterung; 0.02136061935016187
großzügiges; 0.021185450306802522
direkt; 0.021095160544973623
luxuriösen; 0.02086970239179209
Liefertermins; 0.02083634154405445
Spediteur; 0.020761414649314247
kommt; 0.020670131852966733
Wohnlandschaft; 0.020622930438548792
ihren; 0.020579461481247563
freut; 0.020358007808681577
folgt; 0.020067255866706546
Alltag; 0.020064647418621462
Produkt; 0.01999605372066071
seitlichen; 0.01994755801570136
Vorlieben; 0.01984682059082843
ordentlich; 0.019647013446956407
geplankte; 0.019587746035540476
genügend; 0.019424065514613176
attraktives; 0.019272523120889673
vermissen; 0.019259025899373228
Paketgewicht; 0.019240039895521477
lackiertem; 0.019237486585552688
Nieten; 0.019179525606887182
AZURRO; 0.019157674945972758
starten; 0.01903001264145132
Gute; 0.018843945006665308
Grundprinzip; 0.018791895359754562
JAMES; 0.018500897800549865
eleganten; 0.01840483316755126
Spielsachen; 0.018402406876703026
MANUELA; 0.018279690453709918
InformationenPaketgröße; 0.01822027990783681
perfekten; 0.01798123845946975
ANTONIO; 0.01792719407239929
feinen; 0.017832655565825917
Online; 0.017832316965723294
darüber; 0.017783739075184712
abklappen; 0.0177332933553771
Höhepunkt; 0.0177093573233833
