Wort; Durchschnittlicher Wert
Wohnlandschaft; 0.11448404128896073
glänzendem; 0.10065827275684569
REACH; 0.09869623404665617
Retro; 0.09771257541433442
Höhe; 0.09665982650767546
eindrucksvolles; 0.09488037164555863
Schenkelmaß; 0.09460959822899895
Herzen; 0.09170887030632002
Rollrost; 0.09050576831759827
Vintage; 0.08893475319518984
zeitlosen; 0.08891486351785716
Bonellfederkern; 0.08837202912764042
spezielle; 0.08636378853407223
Box; 0.0859406253148336
an; 0.08530422212788835
Zwei; 0.08494593933937722
Textilbezug; 0.08440630890345346
durchdachte; 0.08388977408321807
höher; 0.08358703352860175
zwischen; 0.08317119674029527
Breite; 0.08316603074490558
Reißverschluss; 0.08214360804413445
verwandelt; 0.08201276212184894
Polsterung; 0.08199587909621187
geradlinig; 0.08196131852309918
ebenso; 0.0818503850750858
Marke; 0.08163110719397082
feinen; 0.0813973118274589
luxuriösen; 0.08124201648752205
Familie; 0.08118067593750311
Lieferumfanges; 0.08086972882847476
Boxbett; 0.08022319939118461
JUIST; 0.07994658972893376
seinem; 0.07912433418096043
Maschine; 0.0789893940964248
Kg; 0.07875378003518563
Rückenlehne; 0.0783462406579929
wie; 0.0782852693582754
Webstoff; 0.07807979253800568
zylindrisch; 0.07754385122825624
Luftbett; 0.07679909697617404
angenehmem; 0.07649444183334708
praktische; 0.07644944627827499
Kontinentalmatratze; 0.07640131922380533
HAVANNA; 0.07639826144804829
Klasse; 0.07609929189857212
moderne; 0.07607242525409674
einzigartig; 0.07546335792721948
mühelos; 0.07545605083578266
bezogen; 0.07503409661148908
