Wort; Durchschnittlicher Wert
Kunststofffüßen; 0.07474245576304384
aufeinander; 0.07325096168642631
Natürlich; 0.07099318591644987
besitzt; 0.06916368351085111
großzügiges; 0.0679324782686308
modischen; 0.06775601036497392
puncto; 0.06645594607107341
Rosa; 0.06394991054548882
waschen; 0.06387242593973497
kleineren; 0.06257120119698811
Bild; 0.062164465081878006
ganzen; 0.06108354922616854
ankündigen; 0.060766369773773476
graue; 0.06028472684556618
Luxus; 0.05995537266426254
zwischen; 0.05958881933474913
TRIO; 0.05950250881141983
Zwei; 0.05902870325371623
eigene; 0.05790348531445488
eichefarbene; 0.05787841585697606
LAGOS; 0.05777870042948052
Gasdruckfeder; 0.05760811176151037
sieben; 0.05710947755142115
ansprechendes; 0.05643436760874465
schlummern; 0.05542135747964494
Wirbelsäule; 0.054815839968796354
Bonellfederkernmatraze; 0.054577612871071324
lagern; 0.054565275117056444
PLAYBOY; 0.05437387977144681
Mini; 0.054252479938440956
FLORA; 0.05387084442190826
öffnen; 0.053807944437721744
Auswahl; 0.05342070816550404
Erwachsenwerden; 0.05293830420123413
überzeugende; 0.05277791962726042
USB; 0.05223968887003139
spontaner; 0.05169198603834957
eindrucksvolles; 0.05162779719103128
Knopfnaht; 0.05134172874386422
Zubehör; 0.051290845120092854
AREZZA; 0.051225658622570336
Raumteiler; 0.05092236501968728
seine; 0.05024298938224092
Vintage; 0.05019372620154172
Praktisch; 0.05010154703631997
ebenso; 0.05008103963336907
Reich; 0.05002257489832118
heiß; 0.05001596861984581
Appartement; 0.05001120932865888
reinigen; 0.049938837364607025
