Wort; Durchschnittlicher Wert
allerbesten; 0.032126277536008274
cooles; 0.031539925425022375
FRISCOKombinieren; 0.02978641627851175
PflegeMontageanleitungHinweisStoff; 0.02857132446661126
gemütliches; 0.027856131324369926
versprechen; 0.027575793756113853
glatte; 0.02648478485934902
Praktische; 0.026461537658178713
harmoniert; 0.025776692065846873
Ausziehen; 0.025557062748703174
Chenille; 0.02552290284074843
Vorstellungen; 0.02526124798168894
letzten; 0.02501287169798161
CHARLIE; 0.02487695212039398
Möbelstückes; 0.024733433197980048
Einrichtung; 0.024641685566166416
Rückwand; 0.024491947388014523
jedes; 0.02440369937539799
gestalten; 0.024314919915923383
Dauerschläfer; 0.02418019036849728
jugendliche; 0.02404426274006255
Seitenteil; 0.023978378565516323
Ordnung; 0.023707057676801924
Musikhören; 0.02351771128451219
geometrischen; 0.023511648061685264
Ablagefächern; 0.02349809133374947
afrikanischen; 0.023464127978513716
gar; 0.02339994152498548
MARINO; 0.02338272914494155
später; 0.02321211967500858
Wände; 0.023166207851318177
ersten; 0.023118298919143854
Reinigungs; 0.02276625006197719
FüßenStilvoll; 0.022762316177249886
einiges; 0.022639852788415737
NADINE; 0.022434820180933457
vollständig; 0.022364794422173873
Studentenbude; 0.022276042658631923
Familienmitglieder; 0.022198951857717475
PolyurethanschaumkernHärtegrad; 0.022106909127614927
austrecken; 0.022094591990025947
Tasse; 0.02198681938534719
wachsen; 0.021958717548841378
geschaffen; 0.021872135155717842
aussehen; 0.021672545761475703
wachen; 0.02166453030804405
Großes; 0.0213946954390849
Haushalt; 0.021377716744609643
geeignet; 0.02113806612760527
Ist; 0.021120308017998468
