Wort; Durchschnittlicher Wert
Farbton; 0.02235997600655537
PflegeMontageanleitungHinweisStoff; 0.020323011282016523
Ende; 0.019711029730387963
erweist; 0.019337496516527608
Boxspringsofa; 0.019133932422846556
British; 0.018996713988599367
Ablagefläche; 0.018957774875161704
Fliegen; 0.018718980078119785
gehören; 0.018425941292662174
Komfortschaumkerns; 0.018174713812186383
Ablageflächen; 0.01794723358761985
Wohin; 0.0179320759489201
perfektes; 0.01765686414000811
Arbeitstagen; 0.017310596420429647
Kollektion; 0.017206790449563414
zugänglich; 0.017205450698384084
Liegeerlebnis; 0.016760310310928617
versöhnliches; 0.016681989065546077
Musikhören; 0.0165696729964111
unterschiedlichen; 0.01643633258936461
spielt; 0.016427863432909362
montiert; 0.016327648672813666
optisches; 0.016272281427518465
Präsentieren; 0.016226558735070284
Eyecatcher; 0.016155581863131374
unten; 0.01612881984328851
zurück; 0.016102663867059164
fehlen; 0.016096666193334386
Augen; 0.016071558697149158
schließlich; 0.015931715053739026
Wohnelement; 0.015914558884105645
einziehen; 0.015668141975766048
aktuelles; 0.015541861386736855
elegante; 0.015412142063723877
keinem; 0.0153350120090181
Matratzenhöhe; 0.015293480872060172
PflegehinweiseDrucken; 0.015288272938050795
treffen; 0.015194317827990744
angekündigt; 0.01513136837456841
verströmt; 0.015122430268093012
ausgestatteten; 0.015100497854291461
trendigem; 0.015047077446070034
Dauerschläfer; 0.015042099286802113
MomenteHinweisBitte; 0.014980754771386273
außerordentlich; 0.01489545942240511
Bereichern; 0.014894595529767685
naturbelassenem; 0.01488689289544709
POINT; 0.014859361072012689
Räumlichkeiten; 0.014813410649367142
ANDREW; 0.014733179174072575
