Wort; Durchschnittlicher Wert
zugabe; 0.00227494174214371
bereits; 0.0022428562032473565
rundum; 0.0020761432228027844
hochwertigem; 0.0019274300553661305
viele; 0.0018539201981184305
stauraum; 0.0017894353752126336
erfüllt; 0.0017114193495160635
je; 0.0016953344660578296
schaffen; 0.0016474057651066688
zuhause; 0.001600085515383398
gepolstertem; 0.0015287024130884674
u; 0.0015093820882611908
armlehne; 0.001492899928780389
perfekte; 0.0014578177768271416
maximale; 0.0014363709931785706
erscheinung; 0.001366517058977479
perfekt; 0.0013610900887215394
tolles; 0.001324374746400281
funktional; 0.0012937466530274833
liegegefühl; 0.00128161318389175
qualität; 0.0012782767462340416
möbel; 0.001273304627102334
schicker; 0.001247235669507063
livetastic; 0.0012157174237472645
beine; 0.0012094880832819398
derselben; 0.0012039508235829998
fußhöhe; 0.0011731714021152584
schlafgefühl; 0.0011715441600244959
wurde; 0.0011697473230015021
gesteppte; 0.001160017513893763
echtholz; 0.0011437999477493578
wahl; 0.0011410609411541372
lazy; 0.0011386623791622696
futonbett; 0.0011385831209736353
reißverschluss; 0.0011177791296404394
allem; 0.0011083079312811605
exklusive; 0.0010752455234978697
maße; 0.001072702147757809
gute; 0.001056147752206016
ergänzen; 0.001055759927839972
gegenüber; 0.0010422350200315123
besticht; 0.0010359143449022667
gemeinsam; 0.0010252930123897386
hochwertigen; 0.000987699024972244
gleichermaßen; 0.0009807114447539789
echtem; 0.0009788523070710653
zweit; 0.0009726676504229204
komfortable; 0.0009475409860897344
armlehnen; 0.0009323878277427867
genuss; 0.0009306334963184781
