Wort; Durchschnittlicher Wert
fernbedienung; 0.002827513956799521
optimale; 0.0025665280380053447
anthrazit; 0.0023921322197566043
maximale; 0.0023835799445805607
je; 0.0023362462015938945
dekor; 0.002290949760936201
natürlichen; 0.0022455212034401483
steppung; 0.002172853780211881
schlichten; 0.0021376608914579266
seinen; 0.0020250289351679386
zuhause; 0.002010309756587958
albero; 0.002007341754506342
matratzen; 0.001952299448021222
entsteht; 0.0019384553695545037
wohnung; 0.0018854066438507289
modernes; 0.0018713173383730463
holen; 0.001848485364462249
stylish; 0.001819165490087471
rundum; 0.001734168678376591
topper; 0.0017161993586341851
perfekte; 0.0017034155494911828
mid; 0.0016911361119127833
tonnentaschenfederkern; 0.0016777132092101964
funktion; 0.0015739914750156458
gleich; 0.0015730779810837702
passenden; 0.0015535143821580276
harmoniert; 0.0015385445429274113
gästezimmer; 0.0015282521111657844
daher; 0.001521870081705856
onlineshop; 0.001503089559264481
erhält; 0.0014736595239810413
linien; 0.001422814935358474
morgen; 0.001422205107519403
vier; 0.001413626368594123
ergänzen; 0.0013980114039441106
moderner; 0.001388016026976402
einrichtung; 0.0013875668125820084
polsterbett; 0.0013597723140264862
kinderzimmer; 0.0013547748947530635
entscheiden; 0.001351139437247184
allem; 0.0013499826076440514
ausgestattet; 0.0013474984290951398
armlehne; 0.0013305543646225716
welcher; 0.0013191100537369494
querschläfer; 0.0013097678859594452
schicker; 0.0012964040470251348
grauen; 0.001287590598440147
schickes; 0.001286258087202441
besticht; 0.0012432977739990747
also; 0.0012425373148289508
