Wort; Durchschnittlicher Wert
weiß; 0.024432084946602116
stilvolles; 0.019820145696576218
dunkelbraun; 0.016304886696161702
optisch; 0.014570681723125745
sieht; 0.014550622503156774
gepolsterte; 0.014058957420638762
belastbarkeit; 0.011812416396787739
stauraum; 0.01154010609316174
mikrofaser; 0.01069067585922312
wählen; 0.010560344149416779
einrichtungsstile; 0.010268898845242801
inkl; 0.010210607291810447
härtegrad; 0.010103473028721055
viele; 0.010033071182260756
verstellbar; 0.009861386869306443
gepolstertes; 0.009814973747052137
möbelstück; 0.009618606149160769
polyester; 0.009550306740857195
blick; 0.009401219425490126
wichtigsten; 0.009357079628534848
gesamthöhe; 0.009337927721935558
korpus; 0.009110758577435263
gesamtbreite; 0.008974169543216703
zugabe; 0.008953541325900006
gepolstertem; 0.008767349786648993
selbst; 0.008705354659468867
entscheiden; 0.008412103613227372
weiteren; 0.008348890473280334
zeitlosen; 0.008305915638629813
zeitlose; 0.008226324497854876
ebenso; 0.008140492271922994
maximalen; 0.008132874200055085
durchdachte; 0.00811451143672457
erfüllt; 0.00805223346251296
handgriffen; 0.007875479575886857
hellgrau; 0.00784401591081405
ausgestattet; 0.007842805896507344
auswahl; 0.007789132550533396
hellgrauen; 0.007540405085455859
gesamtmaßen; 0.007435921480646357
wahl; 0.007357365795905934
komfortablen; 0.007324754461296834
lederlook; 0.007275187257187099
rund; 0.007248008041642606
holzdekor; 0.0072206345823360605
etwa; 0.007127575111553597
größen; 0.007068215046456316
raum; 0.006948710681172088
option; 0.006906787314801477
stilvoll; 0.006834147495101206
