Wort; Durchschnittlicher Wert
marke; 0.016026117106639502
über; 0.015631412485890905
bestens; 0.015533894408326887
ab; 0.015524728558739298
übernachtungsbesuch; 0.015235178802277006
komfortables; 0.014392046241846401
gemütliche; 0.013972858123725018
oberfläche; 0.01385118258313014
bequeme; 0.013762119539751438
schlafplatz; 0.013695718780218158
sollte; 0.013229997842336161
schon; 0.013047825547209868
egal; 0.01296614677994512
verstaut; 0.012710226831404724
macht; 0.01258835602839099
platzsparend; 0.012339165183203705
kunststoff; 0.01233032139085708
besten; 0.01212047897024604
am; 0.011718082323932321
ideal; 0.011694243415013262
hause; 0.011647212525804206
praktische; 0.011638069862237898
lädt; 0.01159237664446664
seinem; 0.011503751243685656
top; 0.011489094430453406
material; 0.01131939378037714
wir; 0.011238859497677823
gerade; 0.011227647550003893
rundet; 0.011193488398203045
schlafkomfort; 0.011006485588677607
entspannen; 0.0107839381782469
weiter; 0.010689532205651631
äußerst; 0.010520671181438956
was; 0.010519426243763518
bequemlichkeit; 0.010492394553148187
ganze; 0.01027447930149492
blau; 0.010145750419951582
gemütliches; 0.010025490539152315
besonderen; 0.0099945297096383
dieser; 0.009981164761381934
praktischen; 0.009964788363049593
ihnen; 0.009908975427697442
eignet; 0.009807024739711779
gerne; 0.009806506361246647
gästebett; 0.009694343908813607
platz; 0.009690220633160607
freunden; 0.009600653604866238
dafür; 0.009583768772336044
stehen; 0.009579322697209135
runden; 0.009521618156043132
