Wort; Durchschnittlicher Wert
gemütliche; 0.02289142262598034
luftbett; 0.021053238899912684
komfortables; 0.02052040105845663
marke; 0.020462425873847678
liegen; 0.019316557748243212
ob; 0.01883191658562282
verstaut; 0.018754389660898596
gemütliches; 0.018524522290681487
sollte; 0.01805149986757897
über; 0.018011361841490724
entspannen; 0.017983043460117188
integrierte; 0.017860843996459153
bestens; 0.01782315756281605
wir; 0.017820271535310895
ab; 0.017724012842518278
bequeme; 0.017701788237900473
übernachtungsgäste; 0.01760711521783378
äußerst; 0.017395715235034005
oberfläche; 0.017379339243052527
übernachtungsbesuch; 0.01736548175686039
ganze; 0.0171607259020675
egal; 0.017140263496912667
ideal; 0.01691761486217729
platzsparend; 0.016637823655037208
integrierter; 0.01647070681792684
dank; 0.01643664713410544
haben; 0.016213107385556213
schon; 0.016200224567728582
schlafplatz; 0.015936561150010676
macht; 0.015833356056373305
spontane; 0.015713811490422815
gibt; 0.015662857172719667
verleihen; 0.015653688712336588
bringen; 0.015048756389296614
lädt; 0.014820721303112804
dafür; 0.014752034802222624
was; 0.014605311263585464
einmal; 0.014597365990630351
allein; 0.014333175189676695
genügend; 0.014233586576483503
blau; 0.014131478458875791
akzente; 0.01410522297010175
setzt; 0.01398020148917567
schublade; 0.013936201771139167
alle; 0.013903206479153597
seinem; 0.013842471453244798
bis; 0.013828218777780421
runden; 0.013637963493238203
rundet; 0.013575226609100354
echter; 0.013450691645994084
