Wort; Durchschnittlicher Wert
weiß; 0.02244629227789119
stilvolles; 0.02103906900738366
dunkelbraun; 0.01769186728342902
wählen; 0.012230368098244071
möbelstück; 0.011341891594202024
selbst; 0.01123775318828848
ebenso; 0.01091135324240895
zeitlose; 0.010850604642473626
maximalen; 0.01083788501273375
hellgrauen; 0.010732273150370019
hellgrau; 0.010731652833737827
zugabe; 0.010665889008669183
einrichtungsstile; 0.01024426097792457
klappbett; 0.009992099630471785
gäste; 0.00993756513853441
viele; 0.00990326167520834
zeitlosen; 0.009686033205070999
erfüllt; 0.009651750225020805
durchdachte; 0.009593409427907318
korpus; 0.009570544114103541
ausgestattet; 0.009410550439497456
gepolstertem; 0.009396627724709106
entscheiden; 0.009330412413692101
option; 0.008710220174089045
erholsamen; 0.008622011571424082
juist; 0.00825543163518887
auswahl; 0.00813278323621489
komfortablen; 0.008107836566341575
wenigen; 0.008097570884274319
schlafgelegenheit; 0.008031883326475508
wieder; 0.007836621589376591
stilvoll; 0.007561145994077379
überzeugt; 0.007541300290904473
verstauen; 0.007256072733434848
stets; 0.0069006579360575415
sieht; 0.006814756695530377
gepolsterte; 0.006631342292530462
preis; 0.006604760814025212
schlaf; 0.006511182421672856
wahl; 0.006396781413241115
handumdrehen; 0.006393040614784695
handgriffen; 0.006323688579141162
großzügigen; 0.006291826610686257
gefertigte; 0.006041331887536217
holzdekor; 0.00601782762005314
lederlook; 0.005921428110013949
gefertigt; 0.005549136607589844
vor; 0.005509759546839632
zur; 0.0054934840823989365
qualität; 0.0053352818576968275
