Wort; Durchschnittlicher Wert
stilvolles; 0.003399575203548011
sieht; 0.0017381076322635636
material; 0.001638118961272994
lederlook; 0.0016198678327782544
härtegrad; 0.001590183426560543
gerade; 0.0015309132379115909
wichtigsten; 0.0015218376420307322
pflegeleicht; 0.0014860745698570099
polyester; 0.0014796019953791984
dunkelbraun; 0.0014217714720871299
großzügigen; 0.0014168009964123484
ideale; 0.0013988688719109633
weiter; 0.0013420307172054891
vier; 0.0013255420304176368
eindruck; 0.0011949272888102768
gesamtbreite; 0.0011928379609344119
farbmodellen; 0.0011916620976080595
zeitloses; 0.0011656955311991624
stauraum; 0.0011358388692315202
schlafplatz; 0.0011279687227215619
kopfstützen; 0.001101574483254808
besonderen; 0.0010990091530402423
stabilität; 0.0010927488902780168
was; 0.001090818190641585
wir; 0.001087923620480069
inklusive; 0.001082571849838132
massiver; 0.0010809432311361888
echter; 0.0010781575259898092
ergänzung; 0.0010712996245274553
rechnen; 0.0010590889264676662
ab; 0.0010523807248318917
individuellen; 0.0010522499604121549
platzsparend; 0.0010430418558826204
auswahl; 0.001041731672376045
kopfteil; 0.0010396999336080627
voraussetzungen; 0.0010308552289643557
inneren; 0.001002965337374917
trendige; 0.001002465355759341
holzfüße; 0.0009976413733966184
gepolsterte; 0.0009956842528481501
bordsteinkante; 0.0009783066278032492
wünschen; 0.0009656469990659388
gepolstertes; 0.0009418227195055806
kommen; 0.0009411047665253136
besten; 0.0009340808348497376
verstellbar; 0.0009260493981855689
bilden; 0.0009199340054692584
attraktives; 0.0009157575067092694
dreisitzer; 0.0009089663759823452
insgesamt; 0.0009030374824305909
