Wort; Durchschnittlicher Wert
akzente; 0.0035516643591108734
marke; 0.003546091719181277
sollte; 0.003029166157648433
top; 0.00287437274128024
platzsparend; 0.002835172021877952
bringen; 0.0026420485417474994
gerade; 0.0026304822944439366
gerne; 0.0025437828022404573
wir; 0.0024918482871726156
macht; 0.0024865062132448656
über; 0.002480673196987482
gemütlich; 0.0024719301058212296
integrierter; 0.0024543980493035634
schublade; 0.0024132103295414708
ab; 0.0023853800106735435
bequeme; 0.002373077909578569
setzt; 0.002344761975109577
dank; 0.002294853342755232
flexibel; 0.0022799740101618225
a; 0.002270020774449222
viel; 0.00210845387655354
egal; 0.0021012809593230486
echter; 0.002086851457352168
haben; 0.0020684678933321266
luftbett; 0.0020612136409909
hause; 0.002057630321360193
wünschen; 0.0020470259736612207
besten; 0.002046346793849807
komfortables; 0.0020353654836071655
langen; 0.002022973653220106
seinem; 0.002002671052105143
weiteres; 0.001968421287892852
allein; 0.0019495205979183083
äußerst; 0.0019138236675644293
edles; 0.0018868854647735133
ob; 0.0018816147749021184
breite; 0.0018594238674268127
übernachtungsgäste; 0.0018314558066776954
stehen; 0.0018181943694798974
schnell; 0.0018119830123396242
praktische; 0.0018116420116712107
gemütliches; 0.0018108481934177689
spontane; 0.0017987328703384265
sechs; 0.0017957312851649477
entspannen; 0.0017931673908606171
aufgrund; 0.0017924033163581043
ideal; 0.0017891442937980173
gemütliche; 0.0017472862149588765
oberfläche; 0.001744043423786934
denn; 0.0017427922095521354
