Wort; Durchschnittlicher Wert
große; 1.113783672451973
hinweisbitte; 1.0066395066678524
rollrost; 0.9756490178406239
UNK; 0.9413687381893396
cm; 0.9287305288016796
x; 0.92319390270859
lieferumfang; 0.9030432878062129
größe; 0.8905848693102598
kategorienschlaftextiliennachtkästchenkleiderschränkekomplette; 0.8904965221881866
schlafzimmerdrucken; 0.8887237515300512
ambiente; 0.8866431880742311
beachten; 0.8854486756026745
webstoff; 0.8842728268355131
abgebildete; 0.8830813714303076
b; 0.880880068987608
schaffen; 0.8770402483642101
funktional; 0.8744011428207159
dekoration; 0.8732584984973073
enthalten; 0.8720456957817078
dekor; 0.8689667005091906
geräumige; 0.8637717962265015
ca; 0.8635375406593084
praktischen; 0.8544592745602131
platz; 0.8455961160361767
weitere; 0.8381908275187016
eignet; 0.834781214594841
moderne; 0.8345291186124086
grau; 0.8333538547158241
empfehlen; 0.8267473801970482
schwarz; 0.8224981110543013
luftbett; 0.8119766134768724
ombra; 0.809403020888567
sitzgelegenheit; 0.8054282497614622
bestway; 0.8031577616930008
einzelbett; 0.8019693531095982
interessante; 0.8001407962292433
bettladen; 0.7956626545637846
erholsame; 0.7950576581060886
zwei; 0.7932418789714575
t; 0.7834307290613651
sorgt; 0.7829871419817209
rückenlehne; 0.780901039019227
liegefläche; 0.7758733043447137
marke; 0.771732633933425
schönes; 0.7706554047763348
oberfläche; 0.7688550017774105
stimmungsvolles; 0.7675346713513136
l; 0.7648139297962189
schafft; 0.7628922928124666
leicht; 0.7591718565672636
