Wort; Durchschnittlicher Wert
große; 1.23233456723392
cm; 1.1423497311770916
abgebildete; 1.1402617376297712
enthalten; 1.1356564667075872
lieferumfang; 1.1337812561541796
ca; 1.129942998290062
x; 1.1288221515715122
dekoration; 1.1238409616053104
beachten; 1.1206129156053066
b; 1.0950435400009155
h; 1.0771037358790636
weiß; 1.049247769638896
bett; 1.0412731785327196
liegefläche; 1.0266666617244482
UNK; 1.0198222026228905
einfach; 1.000543961301446
bequem; 0.9860974531620741
l; 0.9477873593568802
t; 0.9417037023231387
weitere; 0.9398608133196831
ombra; 0.9344800058752298
bestellbar; 0.9196022320538759
hinweisbitte; 0.9094365555793047
grau; 0.9087214842438698
interessante; 0.8963349908590317
drucken; 0.8824858572334051
sowie; 0.8667352199554443
schlafzimmer; 0.8662876710295677
schlafsofa; 0.8481931015849113
schaffen; 0.8410248067229986
funktional; 0.8400312457233667
rollrost; 0.8392858654260635
hinweisdieser; 0.8362592970952392
ausgestellt; 0.8277370110154152
höhe; 0.8240758404135704
artikel; 0.8205098267644644
bestway; 0.8193765059113503
bitte; 0.8126304913312197
drei; 0.807970630005002
kg; 0.7953988239169121
luftbett; 0.7925570867955685
schlafzimmerdrucken; 0.7875868137925863
filialen; 0.7873249482363462
geräumige; 0.7872848846018314
matratze; 0.7871727757155895
kategorienschlaftextiliennachtkästchenkleiderschränkekomplette; 0.7832154221832752
hält; 0.7810658719390631
beflockte; 0.7760891132056713
fernsehsessel; 0.7687825728207827
bettladen; 0.7679799031466246
