Wort; Durchschnittlicher Wert
boxbett; 0.23734843277270556
carolina; 0.22005035324127675
gesicht; 0.21179265662794933
synthetikmix; 0.21139578276779503
widerstandsfähige; 0.21050719324557576
feste; 0.20765836757345824
erwartet; 0.20685607397172134
wohltuende; 0.20342732010612963
strapazierfähigem; 0.19913948481553234
bonellfederkernmatratze; 0.19833656865739613
queen; 0.1981336901517352
betreten; 0.1970884451875463
bestway; 0.19494003013824113
hinsetzen; 0.19122529013839085
inkludierten; 0.18916460018226644
schlafunterlage; 0.18075673434941564
luftbett; 0.18044500425457954
raumes; 0.17952833668823587
knopfnaht; 0.17669597321219044
schätzen; 0.17503099313671555
versprüht; 0.17496001764811808
camping; 0.17475565588392783
gönnen; 0.17108679412558558
nimmt; 0.16966699964996224
dunkelblaue; 0.1669637639715802
graue; 0.16582437653414672
luftmatratze; 0.16563508329272736
situation; 0.16365882299214718
genuss; 0.16104051512957085
federnaht; 0.16091456958747585
pvc; 0.1602471175865503
unterwegs; 0.16012527275597677
traumbett; 0.1577286291430937
beruhigende; 0.15657432881198474
leichtgängigen; 0.1564862341983826
carrol; 0.15446701672772178
fulton; 0.1542728204949526
pumpe; 0.15294348789029755
großzügigem; 0.15292895756010694
krimi; 0.1525922793734935
einschlafgeschichte; 0.1519195938089979
seitlichen; 0.149717399284782
aufstehen; 0.14892918507212016
verführerische; 0.14841020786502668
reise; 0.14808534088660963
beliebt; 0.14797220898253727
verbreitet; 0.14435805787798017
liebesroman; 0.14316034709190717
azurro; 0.14099793499735824
schaumkern; 0.14010204327496467
