Wort; Durchschnittlicher Wert
hinweisbitte; 0.9611780317500234
große; 0.9240746737923473
x; 0.8155627874839411
hält; 0.8143398873507977
weiß; 0.7945629063833621
fernsehsessel; 0.7724374565295875
kategorienwohntextilienvorhängestehleuchtenwohnzimmertischedrucken; 0.762991146184504
cm; 0.7573150639655069
abgebildete; 0.753960709203966
beflockte; 0.7525896765291691
schlafsofa; 0.7441504758317024
praktischen; 0.7440652870573103
moderne; 0.7384708803147078
dekoration; 0.7383905156748369
grau; 0.7341720168478787
ca; 0.726408967631869
beachten; 0.7258828871417791
b; 0.7245263973454712
rollrost; 0.7236560024321079
funktional; 0.721043384168297
luftbett; 0.7209595274180174
lieferumfang; 0.717763391439803
enthalten; 0.713122254004702
bestway; 0.7122651133686304
hautfreundliche; 0.7027370603755116
h; 0.7012660381151363
empfehlen; 0.7006356967613101
nachtkästchen; 0.6997428596951067
l; 0.6976788977626711
sitzgelegenheit; 0.6964183999225497
geneve; 0.6918085366487503
geräumige; 0.6884768875315785
modernes; 0.6880051917396486
entspannen; 0.6878477018326521
runden; 0.6831390801817179
feines; 0.6823014598339796
ombra; 0.6817751275957562
grauen; 0.6683388794772327
liege; 0.6666133631952107
räumen; 0.6632626792415977
led; 0.662685813382268
bereit; 0.6619606334716082
boxbett; 0.6614650767296553
ideal; 0.6555330799892545
drei; 0.6546778522897512
trendigen; 0.6545983739197254
höhe; 0.6540788369020447
liegefläche; 0.6537838591029868
mars; 0.6519963443279266
mitgelieferten; 0.650318743661046
