Wort; Durchschnittlicher Wert
beflockte; 0.6428332708892412
mitgelieferten; 0.5747307598940097
boxbett; 0.5665901215397753
kunststoff; 0.5209012385166716
empfehlen; 0.511903750077181
große; 0.5097003669361584
luftbett; 0.498993769811932
genuss; 0.4782308096764609
aufstehen; 0.47215581813361496
bestway; 0.47119600282167085
wohltuende; 0.4683551909402013
graue; 0.4616740970086539
verbreitet; 0.4594607819672092
minuten; 0.4582966820744332
inkludierten; 0.4566228975309059
leicht; 0.45657509558077436
einlasstiefe; 0.4554265138867777
schätzen; 0.45507434717728756
ungewolltes; 0.4544211710381205
outdoor; 0.4540281154913828
pumpe; 0.4521473266995599
carolina; 0.45000330707989633
feste; 0.4483552520396188
hinsetzen; 0.4461838231072761
gesicht; 0.4446316273533739
schnellverschlussventil; 0.44202978050452657
kabel; 0.44051199388923123
mars; 0.4399765978741925
airbed; 0.4394362079037819
genauso; 0.4371579477447085
gefertigt; 0.4359232435672311
widerstandsfähige; 0.435642341588391
staufach; 0.4348314066592138
befindet; 0.432080989194219
hochleistungsreparaturflicken; 0.4306626147008501
raumes; 0.42652328984695487
schlafunterlage; 0.42536702257348225
bonellfederkernmatratze; 0.4235949008289026
synthetikmix; 0.4228356265812181
betreten; 0.422114105662331
strapazierfähigem; 0.42189706649514847
erwartet; 0.42133453968563117
wohnliches; 0.42081399288144894
wissen; 0.4181639639864443
tragetasche; 0.41786176175810397
besteht; 0.4176185773976613
fußteil; 0.4156209833745379
gepolsterten; 0.41222052460943814
hinweisbitte; 0.4089378656062763
abrutschen; 0.4068238140025642
