Wort; Durchschnittlicher Wert
luftbett; 3.841625458653925
ab; 2.9377144504191164
oberfläche; 2.910708735200751
integrierter; 2.90079443598479
bestellbar; 2.869065404771027
bitte; 2.8608124417078216
beachten; 2.8351187986107105
drucken; 2.780295938530253
dort; 2.7503499260988065
aber; 2.736833792803691
ob; 2.660845359731502
einen; 2.6149617805458547
der; 2.6065960811371043
ausgestellt; 2.591957351231213
abgebildete; 2.5785401484592514
personen; 2.5724848051087976
einfach; 2.543002440523378
unseren; 2.530981701957444
filialen; 2.524565968751631
marke; 2.5195178900114117
hinweisdieser; 2.4954029380105567
bequem; 2.484375487368561
eignet; 2.442162524808373
artikel; 2.4234907298455255
übernachtungsbesuch; 2.411097011635502
schlafkomfort; 2.3860197770500235
dann; 2.3853231206911003
schlafplatz; 2.3573398074238865
über; 2.307702555523792
nicht; 2.2443485547612
einmal; 2.2276854294800614
gästebett; 2.2178804133159247
dank; 2.2171396465153066
sollte; 2.2123177080098686
zu; 2.2095351271536856
beim; 2.186937250079245
großen; 2.0660922294357533
dekoration; 1.943033062217728
bestens; 1.9125434095358287
bequeme; 1.8877472277587912
eine; 1.757121591056898
bis; 1.7231932518832764
können; 1.7043062890896181
ideal; 1.5689295487443815
lädt; 1.5571114861930255
seinem; 1.4586612833987602
doch; 1.3617418024950894
gerade; 1.1820564764857409
rundet; 1.1519201265495211
integrierte; 1.1496053191696773
top; 1.1436215460224048
schnell; 1.043768970714882
kunststoff; 0.9371379441046883
integrierten; 0.8684998037642799
finden; 0.8491244282026855
bequemlichkeit; 0.6966019090101326
haben; 0.5249902270385064
wird; 0.3110052622621879
alle; 0.2995169125322718
seine; 0.20984077265602535
komfortables; 0.11139943022280932
dass; 0.11031520562246441
drei; 0.09553722957207356
