Wort; Durchschnittlicher Wert
luftbett; 3.8335354635943077
ab; 2.929956767263138
integrierter; 2.9047677901384303
oberfläche; 2.885316822656023
bestellbar; 2.8357069665376913
bitte; 2.827457627025433
beachten; 2.8040962125000077
drucken; 2.7685061204865633
dort; 2.7390902280851153
aber; 2.7233529815908697
ob; 2.6408518851327245
abgebildete; 2.585305831236474
ausgestellt; 2.574270949302445
der; 2.5398606711792127
einen; 2.5392938395867533
personen; 2.520872973071346
marke; 2.5024724315084312
einfach; 2.499831929507491
unseren; 2.4786725026000567
filialen; 2.47835713253462
eignet; 2.4635545122757323
übernachtungsbesuch; 2.4563025897281476
bequem; 2.453267848494215
hinweisdieser; 2.4402275305628565
schlafkomfort; 2.406439902752754
artikel; 2.368209013460728
dann; 2.3403303998945377
über; 2.323372517696407
schlafplatz; 2.320790197647875
sollte; 2.193329586740583
gästebett; 2.192583907338849
einmal; 2.1839910876078648
dank; 2.1802087281859714
nicht; 2.1764975096197303
dekoration; 2.152148283821589
zu; 2.1389322124442516
großen; 2.0734148908857604
beim; 2.0420929686333693
bequeme; 2.019431101599184
bestens; 1.8903968780494325
bis; 1.6991644377500053
lädt; 1.5676442629424856
eine; 1.488387566867459
ideal; 1.453515057444747
können; 1.3782329698326066
schnell; 1.3574324544330012
rundet; 1.3463186274151666
seinem; 1.3375335314645782
doch; 1.3360973207889857
top; 1.24007548384252
gerade; 1.1493118135113036
finden; 1.0565465201711048
bequemlichkeit; 0.9165729879649007
integrierten; 0.8232685103896074
kunststoff; 0.8138466012496792
integrierte; 0.6221792372918571
haben; 0.5237044765613973
drei; 0.49660447452915835
alle; 0.40775019305292515
komfortables; 0.1973241358064115
wird; 0.1051665976352524
