Wort; Durchschnittlicher Wert
luftbett; 3.6744304703257513
ab; 2.8609433103814808
integrierter; 2.7773822868359277
oberfläche; 2.7757740400913464
bitte; 2.755691316510365
bestellbar; 2.748578955201083
beachten; 2.7267625498599957
drucken; 2.715379530406426
dort; 2.6568659581149405
aber; 2.6424150785025633
ob; 2.57075381922441
abgebildete; 2.4994747051794546
der; 2.479152128329588
ausgestellt; 2.477047214412232
marke; 2.4611572741356214
personen; 2.4460654930640886
einen; 2.444284528188291
einfach; 2.4074952153676348
filialen; 2.402988580952001
unseren; 2.398147896138107
eignet; 2.3964157116570277
übernachtungsbesuch; 2.392530476558022
hinweisdieser; 2.3737926333440553
bequem; 2.335555267216421
dann; 2.318773170976783
schlafkomfort; 2.3075667437602534
artikel; 2.2879064286953508
über; 2.2612613791119656
schlafplatz; 2.219675536258728
einmal; 2.14494878046753
gästebett; 2.1242532755735737
dank; 2.1238278232813173
sollte; 2.1215861299322567
nicht; 2.120344716759246
großen; 2.018340515728414
dekoration; 2.0147107279422927
zu; 1.987499563464371
bequeme; 1.9701193467677514
beim; 1.96981679063756
bestens; 1.758260961266933
bis; 1.5628428523727051
gerade; 1.5301528733689338
können; 1.5249219200517927
top; 1.4160740102137424
lädt; 1.4076467059610878
eine; 1.3504964282207765
doch; 1.3317122947744793
ideal; 1.3263817414393997
schnell; 1.3209561527721234
bequemlichkeit; 1.3150202986435033
rundet; 1.302874454142875
seinem; 1.119188346586452
integrierte; 0.9990175893021614
kunststoff; 0.9259156517960946
finden; 0.8165367360721575
haben; 0.5093105692997142
drei; 0.4833111090993043
integrierten; 0.39765141658572245
komfortables; 0.2018386561612715
wird; 0.10420424438780174
gemütliche; 0.10282427491620183
alle; 0.10115965679287911
