Wort; Durchschnittlicher Wert
luftbett; 3.798082432430965
ab; 2.915805391444883
integrierter; 2.8756329450523936
oberfläche; 2.862433722105925
bestellbar; 2.819058737810701
bitte; 2.8015505027551626
beachten; 2.7882987884172508
drucken; 2.7670072362174323
dort; 2.7095580214136135
aber; 2.6981560506097595
ob; 2.6313850645675756
einen; 2.549060447745069
ausgestellt; 2.5458503612604546
abgebildete; 2.5427545534487876
der; 2.518992906105814
personen; 2.5125696295479427
marke; 2.499730710247968
einfach; 2.487377801169714
unseren; 2.48251746073056
eignet; 2.476309327939089
übernachtungsbesuch; 2.473095850356549
filialen; 2.4565146122648
hinweisdieser; 2.430880221720872
bequem; 2.415567398751011
artikel; 2.3698461547421177
schlafkomfort; 2.35948064688273
dann; 2.3349659908533793
schlafplatz; 2.31214808820514
über; 2.308794687951013
gästebett; 2.1687535304135963
nicht; 2.1636764235177908
dekoration; 2.1305609852541236
dank; 2.085385893479452
einmal; 2.0826270404008937
sollte; 2.0663740182360923
zu; 2.0606661169636937
beim; 2.0544801570261826
großen; 2.0462140177754917
top; 1.8545427129471137
bequeme; 1.7850343141479244
bestens; 1.7793721268652007
können; 1.7652581919215777
doch; 1.6619658581112162
seinem; 1.6606009719303985
lädt; 1.6590715183484464
eine; 1.5827398988323693
rundet; 1.5576860295521329
ideal; 1.5533278386639722
bis; 1.5002639271368026
gerade; 1.4525480510521447
bequemlichkeit; 1.3398777578005139
kunststoff; 0.8134737149224748
integrierte; 0.730449679029698
integrierten; 0.6227408132515848
schnell; 0.6200656352917576
finden; 0.5303081944010046
drei; 0.41518308005761356
haben; 0.3086697156832088
komfortables; 0.20452452983008698
wird; 0.10396893355064094
gemütliche; 0.10369021659716963
