Wort; Durchschnittlicher Wert
17; 0.6067357540596277
56; 0.5854786168783903
Boxbett; 0.5669665155000985
Farbgebung; 0.5571769669186324
aufstehen; 0.5361219337210059
Schwarz; 0.535871340893209
sodass; 0.5298481290228665
inkludierten; 0.5215391530655324
ist.Weitere; 0.5197405066428473
leichtgängigen; 0.5189525526948273
Schaumstoffkern; 0.5171290845610201
Beim; 0.5161616653203964
befindet; 0.5154413562268019
leicht; 0.5147902991157025
Unter; 0.5142715158872306
Genuss; 0.5127065449487418
Entspannung; 0.5109309409745038
Liebesroman; 0.5084968183655292
Co; 0.5072633565869182
CAROLINA; 0.5035005216486752
schätzen; 0.5026413565501571
Einschlafgeschichte; 0.502612994518131
große; 0.4999316580942832
Traumbett; 0.4989918186329305
AZURRO; 0.49796460079960525
Gute-Nacht-Krimi; 0.49695703852921724
Gesicht; 0.4966688212007284
Zusätzlicher; 0.4964901925995946
Bonellfederkernmatratze; 0.4951857679989189
KategorienSchlaftextilienNachtkästchenKleiderschränkeKomplette; 0.4948242158279754
erwartet; 0.49335586465895176
seitlichen; 0.4932725445833057
beliebt; 0.4913036716170609
Kunststoff-Füße; 0.4894693873357028
vom; 0.48836540011689067
Fußteil; 0.48830100893974304
strapazierfähigem; 0.48827000381425023
Schlafunterlage; 0.48751207208260894
verleihen; 0.48729566182009876
Raumes; 0.4870446634013206
beruhigende; 0.48568549705669284
widerstandsfähige; 0.4807003615424037
hin; 0.47820545081049204
verbreitet; 0.47717434098012745
alle; 0.4761159452609718
gekonnt; 0.4754107759799808
Schlafzimmermöbel; 0.4750543488189578
gleichzeitig; 0.4721403981093317
Regalfächern; 0.4719294933602214
können; 0.47161330794915557
