Wort; Durchschnittlicher Wert
97; 0.9524731244891882
große; 0.8875040393322706
UNK; 0.83292331174016
Weiß; 0.793109480291605
funktional; 0.7293335609138012
hält; 0.721996258944273
ist.Weitere; 0.718406468629837
Dieses; 0.7139642266556621
Luftbett; 0.7124606259167194
Rollrost; 0.7077220249921083
geräumige; 0.6968499450013041
eine; 0.6966431862674654
T; 0.6942859226837754
Das; 0.6936822985298932
17; 0.6808669809252024
84; 0.6779452115297318
Zwei; 0.6738227680325508
); 0.6737711625173688
OMBRA; 0.6707394989207387
BESTWAY; 0.6611726740375161
(; 0.6606532130390406
praktischen; 0.6491730436682701
Marke; 0.6484638638794422
Bettladen; 0.648238311521709
.; 0.6447116988711059
und; 0.6443164814263582
Einlasstiefe; 0.6431581480428576
Dekor; 0.6427881056442857
11,5; 0.6413419246673584
cm; 0.6412077210843563
73,4; 0.640687657520175
Hier; 0.6405961057171226
Lieferumfang; 0.6404616134241223
Liegefläche; 0.6393012902699411
MARS; 0.637582978233695
empfehlen; 0.6344828261062503
x; 0.6342078868765384
LED-Beleuchtung; 0.6300096549093723
beachten; 0.6290523218922317
Schlafsofa; 0.6285960441455245
Dekoration; 0.6269364794716239
,; 0.6253370675258338
wohnliches; 0.6248163338750601
abgebildete; 0.6232697060331702
im; 0.622356940060854
schönes; 0.6217739889398217
beflockte; 0.6216961247846484
B; 0.6149511612020433
dass; 0.6114642368629575
Sitzgelegenheit; 0.6110158879309893
