Wort; Durchschnittlicher Wert
bieten; 0.028218366493820212
Diese; 0.027268091151927364
Akzente; 0.026698407545336523
edlen; 0.026365805009481845
echter; 0.026331723431576394
integriert; 0.02617002035767655
Edles; 0.02610093715193216
setzt; 0.02590438162442297
gerne; 0.025869341022917068
genügend; 0.025817575234395918
95; 0.025551078686112304
modern; 0.02536528090131469
Lederlook; 0.02290035599435214
Look; 0.020937721086738748
Zudem; 0.020853367910422093
zieht; 0.020829705703727087
Gestaltung; 0.02032476573513122
integrierte; 0.014589509624238417
T; 0.014235316113081353
dank; 0.010113789980823639
kann; 0.009979388022475177
bis; 0.009888813202542224
Bedarf; 0.009850696088687983
ganze; 0.008898250742277014
seine; 0.008381714283314069
äußerst; 0.008348400885097362
Und; 0.008262702033789537
integrierter; 0.007809858492328204
was; 0.007788480342424009
fünf; 0.007639144732092973
zeitlose; 0.0074886887130560355
einmal; 0.007424247095332248
Bequemlichkeit; 0.0074100063837249765
somit; 0.007373783542425372
wählen; 0.007274213168420829
rund; 0.007191066810992197
alle; 0.007179006925434805
ob; 0.0071767203313356735
maximalen; 0.007157517376253963
übrigens; 0.0071355840502292265
schnell; 0.0070669496490154415
Übernachtungsbesuch; 0.0070234491548035296
selbst; 0.007017511071171612
Denn; 0.006913746954523958
drei; 0.006913097502274468
haben; 0.006542689603520557
ebenso; 0.006503874622285366
Möbelstück; 0.006454764230875298
nutzen; 0.006392854741716292
sieben; 0.0061945182431372816
