Wort; Durchschnittlicher Wert
gepolstertes; 0.002677291297004558
Polyester; 0.0019377531745703891
Highlight; 0.0018455199940945021
eleganten; 0.0015720621875516371
Kopf-; 0.0015607811248628423
Obermaterial; 0.0015577171314362203
Blick; 0.0015351611829828471
inkl; 0.001503196285921149
Lederlook; 0.0014105182533967308
Weiß; 0.001380105766293127
verstellbar; 0.001341668091390602
sieht; 0.001229790912475437
45; 0.0012258337053935974
versehen; 0.0012253211869392544
möchten; 0.0011985117417907531
Ware; 0.001192885372438468
individuell; 0.0011696424196543376
Abend; 0.0011559761032458483
Gesamtbild; 0.0011492519960711433
24; 0.0011401127403587452
Bezug; 0.0011398763732358929
Ausführungen; 0.001111716302284549
Schlaffunktion; 0.0010868367877264972
abgerundet; 0.0010834405464265728
pro; 0.0010633238292939496
ihrem; 0.0010550804316153517
gegenüber; 0.0010453519265865908
setzen; 0.0010435256461448716
massiver; 0.0010387387554146698
Damit; 0.0010279265598910569
da; 0.0010162025424619969
optimalen; 0.0010032674908870831
griffbereit; 0.0010007182651520451
Gemütlichkeit; 0.0009930555854225532
KategorienSchlaftextilienNachtkästchenKleiderschränkeKomplette; 0.0009714393730973825
Stauraum; 0.0009709338199172634
Lichtechtheit; 0.000960298609061283
Pölster; 0.0009588453787728213
gefällt; 0.0009588060187525116
PAD; 0.0009473124518990517
verbirgt; 0.0009460909102926962
Finden; 0.0009442782771657221
echten; 0.0009268302974760445
240; 0.000925518480653409
wollen; 0.0009056110870005796
Sitzhöhe; 0.0009052845618498396
H2; 0.0009047198116604704
ausreichend; 0.0008821834064292489
jedes; 0.0008782994616922224
Armteil; 0.0008468562838970684
