Wort; Durchschnittlicher Wert
MID.YOU; 0.003473256597614238
nichts; 0.003411268213403673
elegantes; 0.0031941911425860782
Topper; 0.003092986714068502
Anthrazit; 0.0030506526821270086
ihr; 0.0029869041659367213
sondern; 0.0029300427228690753
Da; 0.0028138932559386375
fürs; 0.0027150481992293863
nie; 0.0026816329364805825
erhält; 0.002673679405222629
Preis; 0.002657264888455302
Form; 0.002407804607707931
Morgen; 0.002287385621582416
Mittelpunkt; 0.002275370877578098
Tonnentaschenfederkern; 0.002257946794611598
perfekte; 0.002197841789688937
diese; 0.0021713486988574004
Fernbedienung; 0.002025099586342094
durchgehenden; 0.0020079794616975734
Entdecken; 0.0019455538412216811
Highlight; 0.001898314040772675
ihrer; 0.0018962201518661459
klaren; 0.0018808917588671648
213; 0.001866964474879751
Schlafmöbel; 0.001863750882921522
hohen; 0.0018559167810394683
gefertigte; 0.0018406297343972256
natürlichen; 0.0017674669893494865
110; 0.0017190073541996753
Webstoff; 0.0016259752461337484
natürlich; 0.001605451269858804
NERO; 0.0016041987811149737
vermitteln; 0.0015689021259049697
Ausgestattet; 0.001510341024822992
Voraussetzungen; 0.0014854419489978455
bequemes; 0.0014585301262513895
machen; 0.0014296575375055908
darauf; 0.0014205773502027341
18; 0.0013976172108471018
Fußhöhe; 0.0013530944180956794
schlafen; 0.0013277269558102489
230; 0.0013021886450246712
Hocker; 0.0012775770787186503
etwas; 0.0012670869550162056
Bitte; 0.0012070064458839624
Lösung; 0.0011628402562337214
bezogen; 0.0011231412386392137
Ausführung; 0.0010936988316416318
Blick; 0.00108464537827615
