Wort; Durchschnittlicher Wert
integrierten; 0.0038549359199350876
203; 0.0037479250044270885
bestens; 0.003731230775883887
gemütliches; 0.003712863636610564
HinweisDieser; 0.0037019878771388905
komfortabel; 0.0036697392621135804
Grau; 0.0036264875874621794
integrierter; 0.003617992346335086
gefertigt; 0.0036148130355286414
Eine; 0.0035732714350160677
alle; 0.0035392640929785557
Denn; 0.0035128759969666134
unserem; 0.0034651666355784982
lädt; 0.003433633881377318
macht; 0.0033970357188081836
150; 0.0033705630266922526
komfortables; 0.0033006980978825596
dieser; 0.0032864755139598856
Egal; 0.0032755628561062624
Freunden; 0.0032220606080954894
Übernachtungsbesuch; 0.0032199558532965966
Bequemlichkeit; 0.00321127923525637
sehr; 0.003194537601666525
können; 0.003150862488837447
Plus; 0.0030840444315799686
Luftbett; 0.0030732470368093345
Marke; 0.0030646140774479138
Ihnen; 0.0030453370702161918
Besonders; 0.0030288856331026183
einmal; 0.003000672183407005
praktischen; 0.0029966834190418012
wenn; 0.002961680496082408
fünf; 0.0029330863719223997
wir; 0.00291009581706021
Dann; 0.002902842410003359
dafür; 0.0028863853855000342
per; 0.002874000840529334
Schlafplatz; 0.002842312748362019
am; 0.0028198081403388643
bringen; 0.002805614502358367
Stabilität; 0.0027917094088479645
Kunststoff; 0.002780083042307524
belastbar; 0.0027747595358960098
runden; 0.0027659446641337126
97; 0.002718907794405823
gemütlich; 0.0027079294926807052
bereit; 0.0026903080542979296
mehr; 0.002669399735168554
spontane; 0.0026559468926279804
Schlafkomfort; 0.002650581155103282
