Wort; Durchschnittlicher Wert
120; 0.012823369220132008
zeitlose; 0.011495682896884319
durchdachte; 0.011338196719498228
wählen; 0.011173736389901023
entscheiden; 0.010914327312275419
selbst; 0.01085759900724952
gepolsterte; 0.010261843580519781
ebenso; 0.010257238288795633
Option; 0.010039951202998054
wenigen; 0.009664332159081824
ausgestattet; 0.009178025706933112
dieses; 0.009138600349615444
Schlafgelegenheit; 0.008964729576837272
rund; 0.008768017544934992
komfortablen; 0.008554866721442522
erholsamen; 0.008504976569201971
Lederlook; 0.00844201025320217
Gäste; 0.00842740421921917
sieht; 0.008351342947571538
gut; 0.008194640816873289
sie; 0.007948549315915442
Handgriffen; 0.007857249651351594
rundet; 0.007830661406114815
Dann; 0.007155860948023474
seinem; 0.00707771536490327
was; 0.0069508091743045956
schon; 0.006712498412707646
zeitlosen; 0.006706123455660418
Der; 0.006570891684532398
96; 0.006483281243708916
sechs; 0.006293933670394836
vor; 0.006173693705932237
bieten; 0.00613830339134438
belastbar; 0.006118851213523157
Stauraum; 0.006032355538627599
praktische; 0.00597018319858762
verspricht; 0.005852836588746868
viele; 0.005700254093972035
Zudem; 0.005688961778650992
zur; 0.005631451553563238
höchste; 0.00559238117057248
beträgt; 0.0055370214278809725
Hellgrau; 0.005466467762016691
gepolstertem; 0.0054574900845182125
Farbkombination; 0.0054421280052338265
35; 0.0054073131283075785
echter; 0.005370194414717843
edlen; 0.005321697412364301
210; 0.005319216194038745
lange; 0.005258823219628539
