Wort; Durchschnittlicher Wert
Drucken; 0.016843044094275682
gemütliche; 0.015442449194961228
modern; 0.015109364276577253
setzt; 0.014612452796427533
genügend; 0.014388808881631122
Akzente; 0.014379050766001456
äußerst; 0.014318829629337415
echter; 0.014300534402718768
95; 0.014273091207724065
gerne; 0.014219681028043852
bequeme; 0.014156242978788213
Edles; 0.014154645042435732
Zudem; 0.014023503803036875
ganze; 0.013882728230964859
edlen; 0.01374823568185093
integriert; 0.013286810491990764
bieten; 0.013254127801337745
verstaut; 0.012827983399620279
Diese; 0.012753344372322317
haben; 0.012661652984388639
Luftbett; 0.012107530155481072
was; 0.012047491934208666
ab; 0.011883032726473175
über; 0.011714996020236868
integrierte; 0.011659419193256327
188; 0.011371351626439718
Eine; 0.01069342784685432
4; 0.010454666313671623
203; 0.010219181672437117
Marke; 0.010145178487437078
ob; 0.009825098613146111
Kunststoff; 0.009812540424900363
gefertigt; 0.009767945948260604
integrierter; 0.009746414580331476
bestens; 0.009679814159608214
macht; 0.009678950376110152
dank; 0.00952055560410372
einmal; 0.009502331944167964
Übernachtungsgäste; 0.009310778443614253
beim; 0.009076229289075855
Schlafen; 0.009048480044293683
spontane; 0.0090124198301055
Schlafplatz; 0.009000426974853325
Auf; 0.008913732330074708
wir; 0.008871288973386982
perfekt; 0.008849182685173452
alles; 0.00875011727475794
Bequemlichkeit; 0.008653866577878944
der; 0.008487206281279214
Ob; 0.008448652276274515
