Wort; Durchschnittlicher Wert
Luftbett; 0.016543809336144476
integrierter; 0.016132460662629456
Marke; 0.015636115628967672
ob; 0.015456260934297462
203; 0.015385435443022288
bestens; 0.015344882916542702
Schlafen; 0.015333040476980387
dank; 0.015154753491515294
Drucken; 0.015126977136242203
gemütliche; 0.015004411817790242
Zudem; 0.014790950831229565
Schlafplatz; 0.014787602006981615
ab; 0.01467447117465781
Eine; 0.014663845650647999
Auf; 0.014640040213998872
Denn; 0.014509770131553523
drei; 0.014485026869806461
188; 0.014260453189490364
einmal; 0.014253186495625413
über; 0.014232768362853676
seine; 0.01421546590863727
Übernachtungsbesuch; 0.01421441944257822
integrierte; 0.014182158646872268
gefertigt; 0.014162337267771363
rundet; 0.013885138689511222
haben; 0.013621558506565634
Egal; 0.013412190905387433
integriert; 0.013402382931235478
lädt; 0.013375083730716142
seinem; 0.013356979407399194
Kunststoff; 0.013310262985760346
was; 0.013228612097736913
integrierten; 0.013190733084047678
wir; 0.013110554152081021
alle; 0.013025350011594128
97; 0.012983129762324097
edlen; 0.012942336055857595
Dann; 0.012900575292587747
Ob; 0.012863004910832388
perfekt; 0.01279011754959356
bequeme; 0.012775739972130395
Bequemlichkeit; 0.012766170177201275
verstaut; 0.01267830743745435
schon; 0.01263695215820917
Besonders; 0.012631553952815011
eignet; 0.012611952151928563
gibt; 0.012440004784730263
macht; 0.012324136692041066
bieten; 0.012188255232467781
komfortables; 0.012097653304226696
