Wort; Durchschnittlicher Wert
188; 0.01884409004592271
über; 0.018832266987647017
ganze; 0.018136202571622562
bequeme; 0.018103643970971462
verstaut; 0.017764808947686107
äußerst; 0.017424192538601346
Schlafplatz; 0.01732112044628593
lädt; 0.017197672070687987
gibt; 0.016804579270228714
erhalten; 0.016291692001686897
jederzeit; 0.015925067132047842
moderne; 0.015882963072363053
Dann; 0.015328935343859484
seinem; 0.015125982387689873
flexibel; 0.014727656220566132
Zudem; 0.014700605053803883
Neben; 0.014540290526565514
praktische; 0.01443286353314761
anbieten; 0.014417371623858343
rundet; 0.014401231266674586
schon; 0.014203289106080774
belastbar; 0.014129476320522371
Auch; 0.013874016662884969
ob; 0.01375740146249882
lange; 0.01339481765171513
gefertigt; 0.013289974417421035
Abmessungen; 0.01327325018501142
macht; 0.013218740649608662
wir; 0.013187652065244037
Edles; 0.01290329763724003
was; 0.012895679658686276
Akzente; 0.0128419150458285
modern; 0.012746875981974881
Hause; 0.01267972006025957
hohe; 0.012663927233370486
genügend; 0.012407457883819006
edlen; 0.012396916803481872
integriert; 0.01237064917877433
gerne; 0.012233389940229244
Egal; 0.012139237399969716
95; 0.012079064676072448
ab; 0.012072399292810588
echter; 0.011905633175047114
ideal; 0.011867323095430038
bieten; 0.011832663801033049
jede; 0.011544382395913998
sechs; 0.011083108459024516
Freuen; 0.011068667712970636
bereit; 0.010859015414462192
Diese; 0.010777943366701948
