Wort; Durchschnittlicher Wert
Anthrazit; 0.014665390275172285
Entdecken; 0.01388648652791744
In; 0.012636696895606292
Maßen; 0.010168045398313553
elegantes; 0.010118746727675898
Zuhause; 0.009809536394459428
ins; 0.009544284610092291
20; 0.009489068759285147
schicker; 0.009478749256231822
213; 0.009397517211618833
Matratzen; 0.009048354152037063
Webstoff; 0.008951790494938905
fürs; 0.008860793644907971
Gästezimmer; 0.008801583948661573
MID.YOU; 0.00878998751194331
Wenn; 0.008586161613129662
nach; 0.00851632210524258
optimale; 0.008444269512983738
Onlineshop; 0.008110540546931588
Dekor; 0.008009226471403962
Topper; 0.007981079962337389
Schickes; 0.00796474672461045
160; 0.007857654165127315
schlafen; 0.007793399502406828
Füße; 0.007724539315677248
seinen; 0.007724021513786284
schlichten; 0.007671538032445824
40; 0.007659816295927158
Eiche; 0.007625683939113515
nie; 0.007469351792315138
sorgen; 0.0074114923270826695
Kinderzimmer; 0.00737582749388821
Tonnentaschenfederkern; 0.007357801224134164
Praktisch; 0.007221400567868841
Ihrer; 0.007216247979886248
bringt; 0.0072108910913812
je; 0.007207607036434638
Morgen; 0.0070962615049211305
besitzt; 0.007087604244588874
Stil; 0.0070234487793641165
Highlight; 0.007015316512115533
kommt; 0.006985793328385626
Fernbedienung; 0.0069572879699990155
durch; 0.006866800303396303
Raum; 0.006850521340675186
wie; 0.0068443589640082795
1; 0.006813062309811357
Grau; 0.006806946863616758
robust; 0.006758279509085696
erhält; 0.006741392397816526
