Wort; Durchschnittlicher Wert
120; 0.015625516191357748
Hellgrau; 0.012581146891352545
gepolstertem; 0.012577760469866917
Korpus; 0.012320571162126726
wählen; 0.011583854816854
zeitlosen; 0.011566023995692376
viele; 0.011132455343613401
Stauraum; 0.011076577523635934
96; 0.010685121541609988
Gäste; 0.010087162628769875
Handumdrehen; 0.010058484590990702
Weiß; 0.009349949799434399
Schlafkomfort; 0.0091234108160279
Belastbarkeit; 0.009046509643667378
großzügigen; 0.008640987901299014
entscheiden; 0.008506685516704238
Farben; 0.00817300417838851
selbst; 0.008045364733698079
Möbelstück; 0.007719455275218934
maximalen; 0.007693707054022525
verstauen; 0.00766788059809187
Handgriffen; 0.007376133099023718
ebenso; 0.007258762748824666
Größen; 0.007178601044870447
stilvoll; 0.007051435472385492
Option; 0.006878488761140033
zeitlose; 0.006854939420009032
besten; 0.00681290259672096
wieder; 0.0067420468374621125
steht; 0.006386251027288381
Mikrofaser; 0.005993586174372467
weiteren; 0.00598242983014643
Polyester; 0.005965992642813944
wenigen; 0.005829051363434701
Blick; 0.00579948794329539
43; 0.005795369970429931
sie; 0.005741752839821856
zur; 0.005375225901298108
gepolstertes; 0.005372314125793309
gefertigte; 0.005214737924688961
Ihre; 0.005129089601541637
Kopf-; 0.005010760147797555
verstellbar; 0.0049476953849080015
100; 0.004904794153480907
durchdachte; 0.004827388472040184
wir; 0.004709942583576776
inkl; 0.0046449263207705375
rund; 0.004464186608129239
90; 0.004439768256906973
Wahl; 0.0043869401208212365
