Wort; Durchschnittlicher Wert
Anthrazit; 0.0148878986937234
Entdecken; 0.01420530373470683
Zuhause; 0.012244945103157079
fürs; 0.01162527065712311
40; 0.011591096442680282
160; 0.011445313522563083
Gästezimmer; 0.011330955120320141
schicker; 0.011172322912170785
Wenn; 0.01105998662969796
Morgen; 0.011003189970870153
Tonnentaschenfederkern; 0.010996215588602355
passenden; 0.010921423824584053
213; 0.010864940023247982
elegantes; 0.01085365558938065
durchgehenden; 0.010625924850319279
schlafen; 0.010596047551007359
je; 0.010519425521260927
Schickes; 0.010440576566088567
Raum; 0.010423219489530311
Dekor; 0.01032870767658096
Highlight; 0.010311341965962128
besitzt; 0.010273232571671542
In; 0.010224633722828003
nie; 0.01017665866711468
Webstoff; 0.009967956024831892
ihr; 0.009810276890084424
ins; 0.009705051048877067
Eiche; 0.009675951798271853
Kinderzimmer; 0.009636691334890202
seinen; 0.009574415560928173
6; 0.009470774837973294
Topper; 0.009400014300808834
optimale; 0.009295102297710401
Matratzen; 0.009158104009759426
praktisches; 0.009138231719953182
perfekte; 0.009101567486140993
Fernbedienung; 0.009046565027401244
Onlineshop; 0.009018058823858154
Wohnung; 0.009001319436538324
maximale; 0.00887581981387484
schlichten; 0.008749956594328978
natürlichen; 0.00864763521549321
Preis; 0.00857570889756971
erhält; 0.008551496756354027
Maßen; 0.008501731277647195
kommt; 0.008420272839430254
nach; 0.008396057639765786
20; 0.008235701964258624
Möbel; 0.008012852487081546
modernes; 0.007956338830990718
