Wort; Durchschnittlicher Wert
Weiß; 0.017092774569300674
120; 0.012887627252712263
sieht; 0.011643098478452884
optisch; 0.010698962412789115
Belastbarkeit; 0.01004987477172108
selbst; 0.009832084685149312
durchdachte; 0.009346820495738938
96; 0.009257064985285978
wählen; 0.00902346308066626
ebenso; 0.0089658538432559
dieses; 0.008909641488753551
gepolstertes; 0.008887301649519942
zeitlose; 0.008807280196924694
So; 0.008480134533238015
Polyester; 0.008455278095243556
Mikrofaser; 0.008401043654157548
gepolsterte; 0.008396385902233305
Hellgrau; 0.008376567675804835
viele; 0.008367476476223601
Blick; 0.008360520053975052
ausgestattet; 0.008171724845306016
verstellbar; 0.008159433959735906
212; 0.008094843144863261
zeitlosen; 0.008043878273383598
inkl; 0.0076805324242741335
maximalen; 0.007666961029462982
kg; 0.007600314947558218
großzügigen; 0.00753834137431113
gepolstertem; 0.0075022609977168035
Stauraum; 0.007305327395806671
Korpus; 0.007120095033678808
Bezug; 0.006999599400296574
Möbelstück; 0.006685192043732968
Holzdekor; 0.0065827702746901195
Gäste; 0.006479478694814134
entscheiden; 0.0063808518807491055
Wahl; 0.006362122604332399
Ihre; 0.006270570220658555
Option; 0.006216749100349262
Handgriffen; 0.006115013010457915
komfortablen; 0.006111214347038185
vor; 0.005997469591966365
Qualität; 0.005969534580799518
43; 0.005905034794886887
180; 0.00589631427974382
steht; 0.005844303567573661
überzeugt; 0.005699525035424813
Mit; 0.005563831633799055
gefertigte; 0.005488702297134296
Lattenrost; 0.005454244163047406
