Wort; Durchschnittlicher Wert
rund; 0.002323227775923442
120; 0.0021455084595800146
212; 0.0019802814349532127
Diese; 0.0019359307172635454
moderner; 0.0018628862206242047
integriert; 0.001859760041406844
zieht; 0.001794020759916748
genügend; 0.0017904567786899861
zeitlose; 0.0017287064172705868
Holzdekor; 0.0017181566079671029
Während; 0.0016855411220490168
komfortablen; 0.001667705453292001
Akzente; 0.0016403884454120998
190; 0.0016193179743140718
95; 0.0015548952644167003
schafft; 0.0014919581881258637
113; 0.0014871671913169848
Belastbarkeit; 0.0014784701706958003
setzt; 0.0014604503654481959
Lederlook; 0.001425525096419733
durchdachte; 0.0014140056795440615
ihren; 0.0014070293482291163
bieten; 0.0013174479492590763
echter; 0.0013146174784196773
Ambiente; 0.0012508831903687678
Gesamtmaßen; 0.0012268176142242737
robust; 0.001216756206122227
Einfach; 0.0012152336856161127
Anlehnen; 0.0012095398946257775
edlen; 0.0011747578713766416
Schwarz; 0.0011736329819541425
stets; 0.0011598785018577472
hohen; 0.0011570332211704227
gerne; 0.001156690013340267
inkl; 0.0011552137515536743
?; 0.0010883468237807392
modern; 0.001082629554093728
erholt; 0.0010685525648113981
gleichnamigen; 0.0010454806390043814
51; 0.0010451631695104879
140; 0.0010345383308958845
Stil; 0.0010307653070412925
verstauen; 0.0010192403249675408
35; 0.0009975009164918448
harmonisch; 0.0009957894955732627
rechts; 0.0009849109071751628
Füße; 0.0009838367077463772
bereits; 0.0009769012590822967
Bettes; 0.000965484042535536
klare; 0.0009607330142443971
