Wort; Durchschnittlicher Wert
120; 0.027611122191228788
viele; 0.012628132197824016
gepolstertem; 0.01247352503851289
gefertigte; 0.012013781661335089
Stauraum; 0.011934945000393781
Korpus; 0.011819457593082916
96; 0.011672777433341252
Hellgrau; 0.011230618943591253
zeitlosen; 0.01023311695898883
Wahl; 0.008623504784191027
Wohnzimmer; 0.00831914953159867
hohen; 0.008103769524677774
diese; 0.00803267031078576
Wohnbereich; 0.007658834435460449
großzügigen; 0.007521305561647295
Ausgestattet; 0.007469438101907144
Lösung; 0.00700565717270365
bequemes; 0.006965681042674987
Komfort; 0.006124007833659561
bequemen; 0.006083525642065979
komfortable; 0.005956421427254099
Schlafkomfort; 0.005038017807601136
besten; 0.0048671985491637315
vielen; 0.004670122753668693
Ihren; 0.004545760308849367
jede; 0.0035958909098553703
praktisch; 0.00310620768964327
So; 0.0029197625975939446
erholsamen; 0.002457136349676148
überzeugt; 0.0024503346536221215
entscheiden; 0.002398730809727567
Und; 0.002358588413517282
Option; 0.002356540196797141
:; 0.0023550625724283237
maximalen; 0.0023275686065062475
alles; 0.0022533549239142302
kg; 0.0022166052661305004
Artikel; 0.002214043018557277
nicht; 0.0022079424570620176
Liegefläche; 0.002182341583466041
Qualität; 0.002171021219692193
sowie; 0.002123127272443526
Serie; 0.0020409498241861002
wenigen; 0.002010693325473767
Optik; 0.002008545103853976
einem; 0.0020058748853898577
kombinieren; 0.00199548608029545
Lattenrost; 0.001962182863644557
selbst; 0.001953158579817682
90; 0.001944985610407457
