Wort; Durchschnittlicher Wert
188; 0.025787818827666342
ganze; 0.025540938577614726
über; 0.0248258498031646
äußerst; 0.02342353540007025
dank; 0.022509180812630803
bequeme; 0.02236942445160821
integrierter; 0.021959256427362562
gibt; 0.021113655404769817
integrierte; 0.021065768878906967
Besonders; 0.01993996517267078
wenn; 0.01953884862596169
können; 0.01912463872868102
am; 0.01906626157433493
jederzeit; 0.0189039746648632
bis; 0.018560010616783983
schon; 0.018449625885114073
Kunststoff; 0.018387004896067084
erhalten; 0.018221607198938727
rundet; 0.01806374254520051
seinem; 0.018024413054808973
Dann; 0.017924000124912708
anbieten; 0.017869610048364848
flexibel; 0.017773521423805505
Übernachtungsbesuch; 0.017755000351462512
ganz; 0.017704244442234084
Auch; 0.01732577574439347
Zudem; 0.0172564704065735
lädt; 0.01721910316264257
Bequemlichkeit; 0.01699517873348668
moderne; 0.01679246611893177
alle; 0.016770409396849574
Familie; 0.016651935619302095
somit; 0.01601824675453827
besten; 0.015999182470841332
echter; 0.015940678049810232
Neben; 0.015751925017684697
Freunden; 0.0155837108992273
großen; 0.015556234837276861
integriert; 0.015433634107466787
belastbar; 0.015318165117059834
edlen; 0.015302468102890997
Schlafkomfort; 0.015211028954945504
modern; 0.015200712186924648
Akzente; 0.015134170273086056
geeignet; 0.014865919784642755
95; 0.014830905305279885
praktische; 0.014649984252173454
Abmessungen; 0.014500084053725004
bringen; 0.01441596569493413
dafür; 0.01431043929187581
