Wort; Durchschnittlicher Wert
gefertigte; 0.0021351702964238937
Ihrem; 0.002076045951253036
Füße; 0.002021907197195105
96; 0.002016091983387014
Zuhause; 0.0019835627696011215
harmonisch; 0.0019790445498074406
rundum; 0.0019650281779831857
hohen; 0.0019630451015473227
je; 0.0018429121351800858
komfortable; 0.001747801317833364
zeitlosen; 0.0016383033478632569
schafft; 0.0015682508224927004
gleichnamigen; 0.0015635474235750734
Erleben; 0.0015536167396930979
Ausgestattet; 0.0015432649948706966
Lederlook; 0.001530475100480544
Somit; 0.0015017648242064753
Stauraum; 0.001501569822721649
54; 0.0014874266063088725
160; 0.0014740947808604687
weiter; 0.0014486672982457094
Hellgrau; 0.0014376863226061686
20; 0.0013892295137338806
82; 0.0013886819518575066
Bettes; 0.0013854661170626058
vom; 0.0013775658831946202
213; 0.001318554807221517
kombinieren; 0.0013117753231199458
Tonnentaschenfederkern; 0.001299147507234011
Zweisitzer-Sofa; 0.0012770268984240829
Komfort; 0.0012728232741210377
Bonellfederkern; 0.0012433863868864137
40; 0.0011935281596379354
Qualität; 0.0011933705405681393
Wohnbereich; 0.001145195256685838
Wahl; 0.0011231293312448543
diese; 0.0011051346918975469
moderner; 0.0011036465744837186
höchste; 0.0010664357716450468
Maße; 0.0010657350242126995
KategorienSchlaftextilienNachtkästchenKleiderschränkeKomplette; 0.0010473961302523093
Steppung; 0.001045033836271614
Webstoff; 0.0010223314980976283
Zeit; 0.001014985699339377
kombiniert; 0.0010145830824512814
Nieten; 0.0010100557366968133
Modernes; 0.0010045346039987634
L-Form; 0.0010012709517468465
Auch; 0.0009924233629135415
Farbkombination; 0.0009820863321692741
