Wort; Durchschnittlicher Wert
liebesroman; 0.46566045702638803
boxbett; 0.46527148697896337
beliebt; 0.45963643065988435
hinweisbitte; 0.45168222462234553
leichtgängigen; 0.4483831197139807
einschlafgeschichte; 0.4460567958012689
azurro; 0.4457851602965093
traumbett; 0.4457846290897578
seitlichen; 0.4402919678541366
schlafzimmermöbel; 0.4358672846647096
krimi; 0.4311584453098476
regalfächern; 0.41313148362678476
turino; 0.40197547733259853
paneelen; 0.4003311874494102
aufstehen; 0.39981806083233096
carolina; 0.39549806225841166
bonellfederkernmatratze; 0.39445729002181906
hinsetzen; 0.3842231807502685
strapazierfähigem; 0.3798095579404617
inkludierten; 0.3779273135442054
puerto; 0.37608308030758053
erwartet; 0.37565170207381016
betreten; 0.37543691620521713
synthetikmix; 0.37463654062594287
schlafunterlage; 0.3731074714451097
graue; 0.3708526797709055
feste; 0.36494957184186205
widerstandsfähige; 0.3634932567656506
wohltuende; 0.3634929019608535
gesicht; 0.3622925530507928
entspannung; 0.35314395441673696
schätzen; 0.35244200950546656
land; 0.3504417627409566
vielseitigen; 0.34566548057773616
gönnen; 0.3451448138730484
während; 0.3427881652896758
aufbauanleitunghinweisbitte; 0.34043126355390996
wotan; 0.33880892759771086
knopfnaht; 0.3352305575099308
großzügigem; 0.3337577677157242
nimmt; 0.32930656955431914
holz; 0.3279704507731367
reise; 0.32699772603336896
verbreitet; 0.3263482490874594
charme; 0.32570563971967204
schaumstoffkern; 0.3247553175169742
verführerische; 0.3218663641703188
raumes; 0.3207649367686827
carrol; 0.32004546439566184
zusammen; 0.3189533967379248
