Wort; Durchschnittlicher Wert
hinweisbitte; 0.403059835662134
boxbett; 0.3344048912404105
paneelen; 0.3100856051314622
grauen; 0.2945579844927124
einschlafgeschichte; 0.29112859594170004
malu; 0.29039840030600317
verbindungen; 0.28955947555368766
queen; 0.2847546977282036
nimmt; 0.2822171595180407
keilgezinkten; 0.2812126995995641
reise; 0.2809488874627277
azurro; 0.28091074504482094
beliebt; 0.2779971459531225
versprüht; 0.2776096621528268
seitlichen; 0.2775756878545508
land; 0.2755275589879602
aufstehen; 0.2716099992940144
großzügigem; 0.2715626023709774
verführerische; 0.27086314593907446
entspannung; 0.2690138993784785
puerto; 0.26763097185175866
liebesroman; 0.26480243913829327
pulverbeschichtetem; 0.26313416741322726
krimi; 0.26155574223957956
turino; 0.2593653863295913
traumbett; 0.25889567207195796
gestaltbares; 0.2585544707108056
carrol; 0.2558809027541429
anzubieten; 0.25458365597296506
schätzen; 0.2541297214338556
carolina; 0.2536111955996603
leichtgängigen; 0.252559203770943
unschlagbaren; 0.2522997264750302
zeug; 0.24936240003444254
geölten; 0.24904812878230587
inkludierten; 0.24743905756622553
beruhigende; 0.24620995187433437
vielseitigen; 0.24577838712139055
gönnen; 0.2453338090563193
mittelgroße; 0.24481841077795252
beweglicher; 0.242668361752294
regalfächern; 0.24221180722815916
dunkelgrauer; 0.24126784605323337
feste; 0.23926404386293143
dunklen; 0.23862495232606307
trendigen; 0.23762656029430218
ii; 0.23755506391171366
knopfnaht; 0.23418742121430114
karierte; 0.23334862274350598
musterung; 0.23330143676139414
