Wort; Durchschnittlicher Wert
Luftbett; 3.094161279499531
Oberfläche; 2.9771878272295
Personen; 2.9709938041865827
zu; 2.9404020454734563
der; 2.9102051738649606
L; 2.8424913842231034
für; 2.8292778678238393
x; 2.814772966876626
von; 2.8120206858962775
B; 2.8107746370136737
mit; 2.808250401541591
als; 2.8065195847302675
UNK; 2.8040868040174245
cm; 2.788520976155996
Gästebett; 2.78757305406034
Drucken; 2.7867361802607773
bis; 2.7853896494954826
ist; 2.7832029178738593
und; 2.7825213115662337
aus; 2.782513118907809
Das; 2.7801379296928643
Schlafplatz; 2.7704937499016524
bequem; 2.730411060526967
großen; 2.7298989769071342
die; 2.715604107454419
Sie; 2.715334131941199
einfach; 2.694614728167653
Platz; 2.613283535465598
eine; 2.5927288711071013
HinweisDieser; 2.5841238159686326
in; 2.5647773679345844
wird; 2.55769963786006
einen; 2.4131996002048255
integrierter; 2.3229467652738096
das; 2.310020286217332
Ob; 2.1477015700191258
Die; 2.133722772821784
dass; 1.991467247530818
Filialen; 1.9893252056092023
dort; 1.8767883764579891
dieses; 1.869397160038352
Eine; 1.8671994782984256
enthalten; 1.7449311304837465
bestellbar; 1.7369961155578495
Artikel; 1.7321532480418682
aber; 1.7321186583489179
ausgestellt; 1.7276076197624206
Bitte; 1.6108232956379651
Dekoration; 1.6076960168778895
nicht; 1.582397892139852
unseren; 1.4854354601353408
im; 1.4774552058428525
beachten; 1.4489012412726878
oder; 1.3406260065734386
abgebildete; 1.3312477506697178
beim; 1.2077198542654515
Lieferumfang; 1.191643911600113
kg; 0.7873424481600523
Schlafkomfort; 0.6637486759573221
Auf; 0.6518252547830343
Ihren; 0.5216078542172908
finden; 0.39720818400382996
Bequemes; 0.3953121092170477
können; 0.2609288513660431
Marke; 0.2552803818136454
Besonders; 0.1347289379686117
sorgt; 0.13447272963821888
Hause; 0.13439541570842267
bequeme; 0.12985885441303252
über; 0.12967560403048992
jede; 0.1275448553264141
Übernachtungsbesuch; 0.12467730119824409
