Wort; Durchschnittlicher Wert
Luftbett; 3.108365711197257
Oberfläche; 3.0077210143208504
Personen; 3.004003334790468
zu; 2.948469489440322
der; 2.9423331078141928
L; 2.872375114262104
für; 2.842007781565189
als; 2.839350047335029
mit; 2.835554363951087
UNK; 2.817983826622367
Das; 2.817509039491415
von; 2.8169321935623883
und; 2.814800212904811
Gästebett; 2.8120669826865194
x; 2.808888081088662
B; 2.808658554404974
aus; 2.8010438576340677
Drucken; 2.7976109579205515
cm; 2.794527141749859
ist; 2.7919605929404496
Schlafplatz; 2.7880287900567056
Platz; 2.75912062600255
eine; 2.7393845658749343
HinweisDieser; 2.730611867830157
bequem; 2.7297685235738753
einfach; 2.7252041097730397
die; 2.723227185383439
in; 2.719147678092122
Sie; 2.714163946732879
das; 2.707756933942437
bis; 2.6522797875106336
wird; 2.599832898005843
großen; 2.464918928220868
integrierter; 2.3337889347225427
Ob; 2.204895959421992
einen; 2.0347985710948704
aber; 2.0228597313165664
Filialen; 2.0083213726058604
im; 1.9972957648336886
Die; 1.8961413901299238
Bitte; 1.8917382538318634
ausgestellt; 1.878625500574708
bestellbar; 1.863883108831942
unseren; 1.7421763561666013
nicht; 1.734914368763566
Lieferumfang; 1.723833142966032
Eine; 1.6114395458251238
dort; 1.6038117103278637
oder; 1.4949017208069564
Artikel; 1.4768001850694419
enthalten; 1.4725603081285954
abgebildete; 1.4402607053518295
dieses; 1.3747839491814375
dass; 1.362031266093254
beachten; 1.3531647823750972
Dekoration; 1.3255021192133427
kg; 1.2067676052451133
beim; 1.071558804810047
Schlafkomfort; 1.0462933745235206
Bequemes; 0.5259304326027632
Auf; 0.5215028628706933
finden; 0.40085364058613776
Ihren; 0.396816323697567
sorgt; 0.37622060924768447
bequeme; 0.25213355496525763
Besonders; 0.2506326321512461
angenehm; 0.12743348851799965
Marke; 0.1263379819691181
