Wort; Durchschnittlicher Wert
luftbett; 3.43640269972384
bestway; 3.4207673240453005
l; 3.3832614555954934
UNK; 3.357064076140523
cm; 3.3556632693856954
druck; 3.3553186669945716
b; 3.354603910818696
x; 3.3529965084046127
person; 3.3514257799834013
bequ; 3.293342559039593
bequem; 3.285101932659745
einfach; 3.268837567791343
oberflach; 3.267949813976884
pump; 3.264395170286298
elektr; 3.2452003259211777
hinweisdies; 3.236116357892752
lieferumfang; 3.2343001168221237
filial; 3.2293405327945948
enthalt; 3.2261996760964395
beacht; 3.219818791374564
ausgestellt; 3.2174042370170355
bitt; 3.2138350781053306
bestellbar; 3.212966410815716
ca; 3.2103985637426375
artikel; 3.2100704897195103
abgebildet; 3.207322544232011
dekoration; 3.202315257489681
integriert; 3.1990568172186613
h; 3.1584512453526257
komfortabl; 3.155286741256714
platz; 3.112347902357578
kg; 3.111295708268881
gross; 3.1008194398134945
haus; 3.0761846102774144
gastebett; 3.0623457066714765
bett; 3.0187595169991255
liegeflach; 3.008839961141348
sorgt; 3.0069618415087462
schlafplatz; 2.987230044603348
find; 2.9168391071259974
best; 2.807718889415264
sowi; 2.792639818415046
schlafkomfort; 2.4784359253942965
mark; 2.2968222413212063
beim; 2.144333789125085
ubernachtungsbesuch; 2.1392187915742396
spontan; 2.0320045705884695
schlaf; 1.8820255246013402
handumdreh; 1.8475930090993642
flexibl; 1.5684510432183743
ideal; 1.1496017146855593
matratz; 1.1434890266507864
angenehm; 0.99577651694417
nach; 0.7156633462756872
kunststoff; 0.6997749365866184
praktisch; 0.5640526786446571
grau; 0.43608443401753905
dank; 0.4347010377794504
gemut; 0.29297613613307477
blau; 0.29070158340036867
ab; 0.14147324189543725
