Wort; Durchschnittlicher Wert
Luftbett; 3.117283234745264
!; 3.1038737345486878
203; 3.04293622598052
2; 3.021497854962945
Personen; 3.0192626170814036
zu; 2.9593210320919754
der; 2.949983263015747
Das; 2.8593170177191496
L; 2.8537292197346686
als; 2.8425511851906777
Gästebett; 2.829298148304224
für; 2.8232952620834113
mit; 2.817468823865056
.; 2.8173519089818
cm; 2.8129837825894355
B; 2.8128375872969626
aus; 2.809648188948631
von; 2.805642733350396
(; 2.8029077783226968
und; 2.8010273817926645
UNK; 2.8004620149731636
x; 2.796972480416298
Schlafplatz; 2.7913338884711267
bis; 2.790997539833188
); 2.7876370042562484
ist; 2.7851703889667987
eine; 2.749945155531168
bequem; 2.7474990628659723
die; 2.7292264226824043
,; 2.7155289221554995
einfach; 2.7149186097085476
wird; 2.70917551741004
großen; 2.643456037342548
Sie; 2.5962300058454275
Platz; 2.4892178758978845
das; 2.4389935716986657
in; 2.3164317406713963
Ob; 2.0522398918867113
einen; 2.024269000068307
integrierter; 1.9105449054390191
unseren; 1.8765960350632667
bestellbar.Bitte; 1.7668847020715475
Artikel; 1.7538666911423206
dieses; 1.6307314652949572
aber; 1.62683714479208
dort; 1.6117128737270832
Filialen; 1.4898336753249168
enthalten; 1.4880180723965168
abgebildete; 1.343900305777788
ist.Drucken; 1.3377423446625472
Dekoration; 1.3319763489067555
Lieferumfang; 1.2152526926249265
im; 1.2148737460374832
ausgestellt; 1.0813692905008794
nicht; 1.0748319301754237
beachten; 1.0652718558907508
oder; 0.9472080864012241
dass; 0.9394707985222339
beim; 0.6620344046503306
Schlafkomfort; 0.6555625680834055
Die; 0.5371239971369505
Auf; 0.5289169501513242
Drucken; 0.5286861132830382
kg; 0.4096358880400658
Ihren; 0.39957937858998777
HinweisDieser; 0.3948932230472565
–; 0.27020024992525576
können; 0.26339149214327334
Besonders; 0.2547087248414755
finden; 0.13359206803143026
Übernachtungsbesuch; 0.12951219417154788
Handumdrehen; 0.12823199518024922
sorgt; 0.12787640653550625
