Wort; Durchschnittlicher Wert
!; 3.119935667514801
Luftbett; 3.0938988756388426
2; 3.048278604447842
203; 3.039373951405287
Personen; 3.023769175633788
zu; 2.9603856682777403
der; 2.9179498195648192
Das; 2.861482348665595
als; 2.853154522553086
L; 2.842214424163103
Gästebett; 2.8320001173764466
für; 2.8245847184211015
mit; 2.8107641849666836
aus; 2.809891879186034
); 2.8062051095068457
cm; 2.8054865900427104
von; 2.8039848428219556
B; 2.8036802150309086
UNK; 2.7997398357838392
.; 2.797959502413869
und; 2.797899001091719
(; 2.797236118838191
x; 2.7915787741541864
ist; 2.7757115460932256
bequem; 2.7277345046401025
in; 2.7225255951285363
wird; 2.7152800247073174
einfach; 2.7111699525266886
bis; 2.6635364409536124
Schlafplatz; 2.6542753502726555
eine; 2.5930690936744214
die; 2.5783273939043285
das; 2.5739158771932127
Ob; 2.4595882378518583
Sie; 2.438474476337433
,; 2.4319641731679438
Platz; 2.3663214545696976
integrierter; 2.303663996234536
großen; 2.2194575741887093
Drucken; 1.8904606409370899
ausgestellt; 1.8764204148203134
dieses; 1.6276410154998302
Filialen; 1.5866749677807093
einen; 1.472233584523201
bestellbar.Bitte; 1.4714483704417944
Artikel; 1.4609205737709998
aber; 1.3387855883687734
enthalten; 1.3285063426941632
Dekoration; 1.3280615072697401
ist.Drucken; 1.3239752262830735
dort; 1.1973055634647607
Lieferumfang; 1.196814339607954
unseren; 1.1899293903261423
dass; 1.1816633611917495
nicht; 1.079859694838524
oder; 0.9493906490504742
beachten; 0.9403637282550334
Auf; 0.7949193309992552
im; 0.6870355155318976
abgebildete; 0.6792143594473601
–; 0.6745781373232603
Ihren; 0.6709820043295622
beim; 0.5448140528053045
finden; 0.5437461897730828
kg; 0.542560363188386
Schlafkomfort; 0.5346439637243747
HinweisDieser; 0.5266216836869717
Die; 0.5245384067296982
können; 0.269211208075285
Hause; 0.2639570139348507
Kunststoff; 0.26016383022069933
Besonders; 0.13439467512071132
sorgt; 0.1318918064236641
