Wort; Durchschnittlicher Wert
Boxbett; 0.43124036968220025
17; 0.40105825565115083
56; 0.3904806432365149
Knopfnaht; 0.3782758925553935
aufstehen; 0.35452758411702234
schätzen; 0.35097881302499445
Während; 0.330437710887054
inkludierten; 0.3214845054608304
Land; 0.32002917624777183
Beim; 0.31788500659604324
Luftbett; 0.31730903827156
BESTWAY; 0.31494842618121766
Unter; 0.3146325403431547
CAROLINA; 0.3128070531092817
widerstandsfähige; 0.30934818848618306
Fußteil; 0.30655830577597953
Schaumstoffkern; 0.30456470663193613
hin; 0.30046782350109424
Kunststoff-Füße; 0.3004626379115507
strapazierfähigem; 0.2975300833641086
feste; 0.29507377662230283
Betreten; 0.2950701709196437
gepolsterten; 0.2944125059657381
Gesicht; 0.2934192794491537
Bonellfederkernmatratze; 0.2930297778948443
2,5; 0.2929428084898973
erwartet; 0.2929279179079458
wohltuende; 0.28959183642291464
nimmt; 0.28958731719467323
hinsetzen; 0.2847040032647783
neues; 0.2797404131415533
Raumes; 0.2794120557809947
Schlafunterlage; 0.2776869911904214
eleganten; 0.26902464427257655
vom; 0.2687433975224849
leicht; 0.26858144030484254
33; 0.26805730699561536
Farbgebung; 0.26571207186134416
graue; 0.2596073482709471
295; 0.2557985281910078
Gönnen; 0.24962367991975043
versprüht; 0.2490383666854541
beruhigende; 0.24727914147661068
verführerische; 0.24541173764737323
Webstoffbezug; 0.2438080684732995
Träume.HinweisBitte; 0.24305556940453243
152; 0.2425273403787287
flexibel; 0.24145219175261445
Genuss; 0.23778472688718466
verbreitet; 0.23693018493941054
