Wort; Durchschnittlicher Wert
luftbett; 3.4936357151716946
bestway; 3.460849405452609
x; 3.4138219226151705
l; 3.405708925053477
person; 3.4051370441913607
b; 3.4000289190560578
druck; 3.399516072869301
cm; 3.3928070392459633
UNK; 3.3902031540870667
bequ; 3.3404357682913544
oberflach; 3.314252471923828
einfach; 3.3115534145385026
elektr; 3.308282469958067
bequem; 3.3043407991528513
pump; 3.292429464682937
filial; 3.281898931786418
hinweisdies; 3.280882251262665
abgebildet; 3.2785505507141353
dekoration; 3.2784330621361732
lieferumfang; 3.274120469018817
ausgestellt; 3.2729131117463113
artikel; 3.2703658882528543
enthalt; 3.27002550214529
bestellbar; 3.2649312894791365
beacht; 3.264335335418582
bitt; 3.2552352715283632
ca; 3.2496171351522207
integriert; 3.241354215890169
komfortabl; 3.184067427739501
h; 3.1618792302906513
kg; 3.1486541755497455
platz; 3.120115404576063
gross; 3.1195537090301513
haus; 3.0977504350245
gastebett; 3.0911507438868284
bett; 3.086866545677185
liegeflach; 3.071088533848524
sorgt; 3.0701300971210004
schlafplatz; 3.031178139522672
best; 2.975578123703599
schlafkomfort; 2.9702404215931892
find; 2.6644639659672977
sowi; 2.652026752382517
handumdreh; 2.628224419057369
spontan; 2.493562662601471
flexibl; 2.4830716252326965
mark; 2.1895242027938364
schlaf; 2.0593898225575686
ubernachtungsbesuch; 1.7397841688245534
beim; 1.311054177954793
angenehm; 1.281771718710661
ideal; 1.0122775375843047
dank; 0.9961328357458115
praktisch; 0.7092421367764473
ab; 0.43088894300162794
nach; 0.43063752353191376
grau; 0.4251900251954794
matratz; 0.42166234105825423
kunststoff; 0.1414744544774294
komfortabel; 0.1365677710622549
