Wort; Durchschnittlicher Wert
kgPaketgewicht; 0.10654080420499668
Das; 0.10410020197741687
Griffmulden; 0.10020243477629265
bei.Der; 0.09779590850121167
Vereinbarung; 0.09617357695606188
Spediteur; 0.09471407340606675
Schlaf; 0.0942462277598679
zusagt; 0.09357004292542115
Viscoschaumkern; 0.0928395482187625
Paketgröße; 0.0919312930200249
gleicht; 0.09143746079644188
HinweisDieser; 0.08923849649727345
Buchenholzes; 0.08910559042124078
Wesentliche; 0.08888043055776507
griffbereit; 0.0877626349683851
rechteckige; 0.08728221628553001
Ambiente; 0.08725375961512327
L; 0.08719164272770286
KategorienWohntextilienVorhängeStehleuchtenWohnzimmertischeDrucken; 0.08629721240140498
traditionell; 0.0860282726935111
&; 0.08581666159443557
Schlafsofa; 0.08369952021166682
Bettlade; 0.08316310285590589
federführenden; 0.08272890490479767
entscheiden; 0.08212541393004358
); 0.08202025387436152
freut; 0.08138757467531832
verzierten; 0.08130161858571228
Sofa; 0.0810998035594821
:; 0.08073228612192906
optimal; 0.08055436727590859
folgt; 0.07925097591942176
RELITA; 0.0787159483297728
das; 0.07866155984811485
dank; 0.07819108688272536
verwendeten; 0.07795427410746925
ausstrecken; 0.07755977340275422
Bordsteinkante.Die; 0.07674162611510837
Wohnraum; 0.07671639882028103
Übriges; 0.07639617558015743
unvergleichlich; 0.07637458364479244
Lage; 0.07567489068605937
Vor; 0.07559301418950781
Grundprinzip; 0.07555360265541822
MANUELA; 0.07543474859267008
stimmungsvolles; 0.07475874735973775
Grundlage; 0.07449450646527112
Schlafgefühl; 0.07430430059321225
33,5; 0.07416803233718383
Ob; 0.07410426228307188
