Wort; Durchschnittlicher Wert
Zubehör; 0.0840938207693398
wie; 0.07416723389178514
lang; 0.07327108760364354
gesellige; 0.07254260685294867
Gestell; 0.07235610787756741
ALICANTE; 0.07141842955024913
jedoch; 0.07015551999211311
verriegelnde; 0.0690040552726714
Serie; 0.06717465491965413
Jugendzimmer; 0.06667742412537336
66; 0.06570081994868815
gefertigten; 0.06542150734458119
Dekor; 0.06499049859121442
185; 0.06497805519029498
Lounge; 0.06490125728305429
außergewöhnlichen; 0.06313258223235607
ungewolltes; 0.0629013804718852
Stauraumbett; 0.06257180543616414
17; 0.06224936433136463
ideal; 0.06199067481793463
mitten; 0.06155122711788863
reichlich; 0.06148458970710635
schickes; 0.060564307030290365
zweckmäßige; 0.060300299199298024
Interieur; 0.060142915113829076
T; 0.05992445320589468
flexible; 0.0596586624160409
gemacht; 0.05918096471577883
frei; 0.05853679380379617
292; 0.0583752662059851
Boxbett; 0.05780829908326268
zurückhaltenden; 0.05770033202134073
209; 0.0575751019641757
diesen; 0.0570364021405112
exquisiten; 0.056958827772177756
ATLANTIS; 0.0567085089351167
perfekte; 0.056661388371139765
Vorzügen; 0.056277060182765126
macht; 0.0559318398591131
tolle; 0.05592038528993726
sollte.HinweisDieser; 0.05589361232705414
Schnellverschlussventil; 0.05548188555985689
gekonnt; 0.05537813785485923
203; 0.05498328828252852
Zurücklehnen; 0.05497458927857224
JAMES; 0.054073243867605925
Rückenkissen; 0.05393341463059187
–; 0.053666251129470766
originelles; 0.05356846936047077
3-teilige; 0.053303267108276486
