Wort; Durchschnittlicher Wert
REGI; 0.11839694975060411
variabel; 0.10272603952762438
Unterbringung; 0.08814302673272323
Welt; 0.08159115060334443
.Belastbar; 0.0766955793951638
Bezügen; 0.07617686805315316
Malutensilien; 0.07493881051777862
Samt-Bezug; 0.07395741765503772
aus.Denn; 0.06777509610401466
vergessen.HinweisDieser; 0.06662449927534908
abziehen; 0.06639163609361276
exakt; 0.0655374545021914
üppig; 0.06335164891788736
aus.HinweisStoff-; 0.06316451315797167
Fans; 0.06205424005747773
erleben; 0.06174566014306038
Anthrazitfarbenes; 0.0614226731704548
Visocschaum; 0.060416049032937735
Julia; 0.060099295416875975
Bonellfederkernmatraze; 0.059891069286095444
schönem; 0.056188113943790086
Kleidungsstücke; 0.05561433723778464
NORWICH; 0.05560291180154309
ERNA; 0.05502258223714307
73; 0.054909285603571334
Ausklappen; 0.05478340591480446
Holzrahmen; 0.053300433966796845
mal; 0.05312303417304065
gehalten.Ein; 0.052749828551895916
ausladender; 0.051979206725263793
Wertigkeit; 0.051937007112428546
MAINE; 0.05189576281554764
MERCI; 0.05179987268638797
TRIO; 0.05172063623649592
neutral; 0.05153634064481594
64; 0.05097473450587131
151; 0.05097154290706385
hölzernen; 0.04929335476481356
EXTRA; 0.04899728581949603
eindrucksvolles; 0.04857264066595235
Flächenelastizität; 0.0477936306851916
aufgeräumtes; 0.04764917169813998
69; 0.04759663273580372
bitte; 0.04721935512498021
dürfen; 0.04705279607151169
Gäste.Eine; 0.0466057097655721
CANARIA; 0.046302199920319254
Kind; 0.04535331067017978
Kontrastnähte; 0.04516211707232287
Bordsteinkante.Die; 0.0444303892145399
