Wort; Durchschnittlicher Wert
dunkelblauen; 0.05669955779376323
federführenden; 0.053143196426390205
Stoffbezug; 0.051874571217922494
in; 0.05164910035091452
Stunden; 0.05018320188537473
Körpergewicht; 0.04926623832216137
216; 0.04918421235925052
Kollektion; 0.04873441465315409
anthrazitfarbenem; 0.04726138557452941
UNK; 0.0466417875722982
Pluspunkte; 0.04566328742657788
46; 0.04531471694645006
ihrem; 0.04481660877354443
14; 0.04358724372286815
die; 0.043519541854038835
gefertigt; 0.042970432637957856
stylisch; 0.04291347124672029
Charme; 0.042709864472271875
über; 0.04223366564838216
ganzen; 0.042098922189325094
auf; 0.0417470068205148
Boxbett; 0.041523291074554436
am; 0.041472941236861516
verfügt; 0.04146346366906073
luxuriösen; 0.040889123803935945
Filmabende; 0.04079027972329641
loungen; 0.04065325080227922
nützliche; 0.04063438546290854
.; 0.0403139723057393
Holzdekor; 0.04030114992929157
ELISABETH; 0.04019905814493541
Komponenten; 0.040092173010634724
richtige; 0.03978513467882294
erholsamen; 0.03956965383258648
Und; 0.03920046702842228
21; 0.03898850498080719
Polyester-; 0.038821615551569266
eignet; 0.03862464001576882
haben; 0.03859269559325185
Liegefläche; 0.03851289281737991
Sie; 0.038316119971568696
deren; 0.03810725469793397
schlichter; 0.03789208349189721
BESTWAY; 0.03787684749113396
Bedarf; 0.037611100677168
Zuhause; 0.03732961509376764
stilvollen; 0.037063020645291544
Mega-Sofa; 0.03704957534773712
Die; 0.03694294071465265
Designmöbel; 0.03671926312381402
