Wort; Durchschnittlicher Wert
Metallfüße; 0.08544268568221014
inspiriert; 0.08096798736369237
Holzes; 0.07943093177163973
unmittelbarer; 0.07814479045919143
DETROIT; 0.07513771147932857
attraktiv; 0.07496019284008071
hervorragende; 0.07106707993079908
Struktur; 0.06917183761834167
Auffälliges; 0.06773309299023822
Teenies; 0.06661372899543494
Bestandteil; 0.0657977091614157
ausgeklügelte; 0.06577660323819146
silbernen; 0.06473716715117916
321; 0.06399626628262922
Designsprache; 0.06397994671715423
Dachschrägenzimmer; 0.0635120212828042
bedeutet; 0.06347357074264437
Teenager; 0.06215177188278176
verwendeten; 0.06211246954626404
auszeichnet; 0.061886606803454924
schwarz; 0.061494726163800806
kg.Ein; 0.06135426048422232
kgZustellungDie; 0.06085647240979597
Asiatisches; 0.06007771840086207
einstellbarer; 0.060075462781242095
beträgt.Die; 0.05987180305965012
Reichweite; 0.059489457285963
231; 0.058500137958617415
Wuchtige; 0.058039201496285386
umrahmt; 0.05797577931195974
spart; 0.05608640097489115
Asiens; 0.05569010126055218
Bordsteinkante.Paketspezifische; 0.05544607219053432
Schwarz.Dank; 0.054401980829425156
raumsparende; 0.054290519561618567
motorischer; 0.05413917233818211
AnthrazitMaterial; 0.0540167858634959
Übriges; 0.05357345743686892
verwahren.Mit; 0.053297509206458926
Zertifikat; 0.05322210647864267
Designerfeeling; 0.052767109060368966
Außergewöhnlichen; 0.05252103292150423
Simplizität; 0.05224153165181633
Raumklima; 0.051764709438430145
Sitzpolster; 0.05127619484846946
Wohnstilen; 0.0511120127121103
ankommt; 0.05107885926554445
Trendige; 0.05105135614576284
Velour-Bezug; 0.050962117209564894
vergleichsweise; 0.05033735267352313
