Wort; Durchschnittlicher Wert
H; 0.12518927548080683
Ein; 0.11821486009284854
in; 0.1133454639930278
Design; 0.10859481804072857
und; 0.10832104086875916
(; 0.1062152637168765
Schenkelmaß; 0.10425821831449866
ca; 0.10340894083492458
haben; 0.10318879829719663
Möbelstück; 0.10254653776064515
Sie; 0.0994789581745863
für; 0.09933153563179076
Matratze; 0.09718162752687931
rund; 0.09660441265441477
erhalten; 0.09533024113625288
.; 0.0951628633774817
an; 0.094539909157902
abgebildete; 0.09449115063762292
kann; 0.09383233590051532
erhältlich; 0.09291972685605288
Ihren; 0.09275724226608872
:; 0.09267828706651926
Familie; 0.09200022835284472
dem; 0.09192393161356449
UNK; 0.0918316540773958
rechnen.Bitte; 0.09171435458119959
Liegefläche; 0.09098612330853939
enthalten; 0.09089193458203226
PreisNeben; 0.0906553037057165
,; 0.0905618998222053
Drucken; 0.09045184217393398
es; 0.09032797813415527
Lieferumfang; 0.09027610660996288
gekonnt; 0.08969988627359271
höheren; 0.0891078885179013
alle; 0.08867102209478617
190; 0.08864118927158415
den; 0.0878397524356842
wird; 0.08775274478830397
flexibel; 0.08770531648769975
Schlaffunktion; 0.08754949877038598
die; 0.08736710611265153
zu; 0.08726575490436517
oder; 0.08695349842309952
von; 0.08685281203361228
Bezug; 0.08682548394426703
); 0.08639192394912243
verstaut; 0.08633264107629657
mit; 0.08604452130384743
Schaumstoffpolsterung; 0.08596955984830856
