Wort; Durchschnittlicher Wert
Räumen; 0.6033424520283006
AZURRO; 0.4931905084522441
56; 0.4891377398162149
Boxbett; 0.4882415861065965
Stellen; 0.46784418338211253
17; 0.4618660169071518
jaLattenrost; 0.4618515487527475
Wotan; 0.4548215525574051
Sitzgefühl.Erweitern; 0.45282614458119497
Regalfächern; 0.44733779615489766
Zusätzlicher; 0.43404570475104265
beliebt; 0.43260126197128557
Gute-Nacht-Krimi; 0.4304560066666454
großzügigem; 0.4284569174051285
ausgezeichnet; 0.4284251760109328
Schlafzimmermöbel; 0.4279879314999562
seitlichen; 0.42633933064644225
Liebesroman; 0.4245959970576223
Einschlafgeschichte; 0.4233143679157365
Traumbett; 0.422398237104062
leichtgängigen; 0.4116526877623983
Komfort.Die; 0.4102868461923208
HinweisBitte; 0.405387980688829
Ausführungen; 0.3941848643589765
grauen; 0.3899291307970998
Entspannung; 0.3879844674374908
Knopfnaht; 0.38719740058877505
ist.Weitere; 0.3809155339076824
Schwarz; 0.38067498552118195
Betreten; 0.3806701401772443
Grau; 0.37403753337002854
Schöner; 0.37379471128224395
sind.Das; 0.373433676752029
Luftbett; 0.37328595425242383
BESTWAY; 0.3731944017636124
graue; 0.3722764326375909
schätzen; 0.3714163414842915
2,5; 0.3708744279574603
CAROLINA; 0.36886946007143706
KategorienSchlaftextilienNachtkästchenKleiderschränkeKomplette; 0.36820900041493587
Wählen; 0.36630582151701674
Bezüge; 0.36558942976989783
75; 0.36554574147157837
Bonellfederkernmatratze; 0.36414947068260517
Gesicht; 0.36390012767515145
widerstandsfähige; 0.36333162494702265
erwartet; 0.36323753953911364
hinsetzen; 0.3627970389206894
Gästebett; 0.3596934943634551
wohltuende; 0.3584587467194069
