Wort; Durchschnittlicher Wert
Luftbett; 3.809564234466234
203; 3.0808820436355746
integrierter; 2.8955287774886527
einen; 2.7919010388111927
bequem; 2.7883525533776266
2; 2.7548821100550414
der; 2.6401979299011145
gefertigt; 2.612113517888065
ab; 2.603087511866761
Denn; 2.5879795585101872
Marke; 2.556429260301866
Artikel; 2.5278363582758177
Personen; 2.5039624902654394
Übernachtungsbesuch; 2.4672736643122333
schnell; 2.457704328240652
eignet; 2.4371552590077044
Auf; 2.4283419604311347
Schlafkomfort; 2.407913177298906
Die; 2.3481741250769117
Drucken; 2.3282652296526067
Schlafplatz; 2.307307437896088
über; 2.298377997741045
!; 2.250522260795333
188; 2.2417445322680125
Bedarf; 2.23401023928418
Ob; 2.2300856895730248
HinweisDieser; 2.195545919379583
Filialen; 2.1941316091064436
ausgestellt; 2.1867814475132037
aber; 2.175699554363382
großen; 2.1748929539600796
dort; 2.174577347387822
unseren; 2.163906622387367
Gästebett; 2.1558419823268196
ob; 2.137495875149034
beim; 2.098024946411351
zu; 2.0882706401873294
bestens; 1.8728612525479549
bestellbar.Bitte; 1.8262788238493157
einfach; 1.815973515994847
bequeme; 1.8010135156437173
97; 1.5626750109746355
Besonders; 1.5596505377969152
einmal; 1.485749211642542
bis; 1.3936161070858362
Eine; 1.3683594652768079
praktisch; 1.3676844659406924
finden; 1.2722337362098188
rundet; 1.2270779552520252
lädt; 1.0239052516978973
Kunststoff; 0.9446759866827051
beachten; 0.8028295301453909
Bequemlichkeit; 0.7233256722684018
&; 0.7027825125522214
schon; 0.6986983076436445
haben; 0.618337640761456
Dann; 0.6140588106587529
dieser; 0.5342122017435031
integrierte; 0.5178122771248127
integrierten; 0.48896753117369374
seinem; 0.40109176897094584
wenn; 0.3092899006398511
können; 0.2116344935260713
gemütliche; 0.09851993462070822
