Wort; Durchschnittlicher Wert
Luftbett; 3.8647667984787404
203; 3.117017774685519
integrierter; 2.883163464923564
bequem; 2.8153205624785187
einen; 2.8109471019750343
2; 2.764080910285702
der; 2.6948774651740677
ab; 2.6207684458466245
gefertigt; 2.6056523385690524
Denn; 2.5979642113572483
Marke; 2.54883172052796
Personen; 2.535329570392787
Artikel; 2.5347522403564655
eignet; 2.4859163299333886
Übernachtungsbesuch; 2.4633858420711476
schnell; 2.443429688543256
Auf; 2.4316310075155343
Drucken; 2.400290222042531
Die; 2.396612001740505
Schlafkomfort; 2.375339532800717
über; 2.3527043211928684
!; 2.3340107279444053
Schlafplatz; 2.3290567770949564
188; 2.2672700574243208
Ob; 2.251226821691671
zu; 2.2092022559001636
Filialen; 2.1995094402722315
unseren; 2.1987841612586636
HinweisDieser; 2.190186805582198
dort; 2.1896842066707904
Gästebett; 2.1883388900823775
aber; 2.182930677960394
Bedarf; 2.1535327426725415
bequeme; 2.130977776166401
ausgestellt; 2.0956155659036084
großen; 2.089122453406162
beim; 2.0553014053730294
einfach; 2.019735626570764
ob; 1.9741504900832296
bestellbar.Bitte; 1.9305730688211042
bis; 1.8363720174332456
bestens; 1.66919157167722
einmal; 1.363679647963727
Kunststoff; 1.3589533358557673
Bequemlichkeit; 1.2362424557490157
praktisch; 1.1693418757233303
lädt; 1.152693275634374
97; 1.0581786701077363
Besonders; 1.047365389468905
&; 0.9524255092372187
Eine; 0.9519386977772228
finden; 0.9513162751216442
integrierte; 0.9475467133423081
integrierten; 0.9468313212892099
schon; 0.9324623454696848
Dann; 0.8428832009478355
seinem; 0.7210686425096355
können; 0.6512148849184086
rundet; 0.6274676365690539
beachten; 0.6157488249184098
haben; 0.5240116434550146
alle; 0.29950679662870244
dieser; 0.09641167302615941
