Wort; Durchschnittlicher Wert
Luftbett; 3.7856461578601737
203; 3.0618745267423946
integrierter; 2.8751016198963044
bequem; 2.7978928057986194
2; 2.7819766889559103
einen; 2.7762358629901427
der; 2.669334828206047
ab; 2.573577396303881
gefertigt; 2.5674361047917045
Denn; 2.557463801985432
Personen; 2.518095447111409
Marke; 2.5001146631955633
Artikel; 2.48290527288882
Übernachtungsbesuch; 2.4574176354537487
schnell; 2.439924074258306
eignet; 2.4261928152118344
Auf; 2.4183666681674367
Schlafkomfort; 2.3789313271670833
Die; 2.3701505952625213
Drucken; 2.3453697134646063
über; 2.311160739855768
!; 2.3053781607777637
Schlafplatz; 2.299847693060292
Bedarf; 2.264305603678804
188; 2.243648981358274
Ob; 2.2178976168608644
zu; 2.2100427963217952
großen; 2.1509759871392817
dort; 2.1490754934493452
aber; 2.149071949496283
ausgestellt; 2.145875895365316
HinweisDieser; 2.1437155434599844
unseren; 2.1398435710310877
bequeme; 2.1361113584309352
Filialen; 2.132516127656936
beim; 2.1298652787547327
Gästebett; 2.088848635202885
ob; 2.0416345762816492
bestellbar.Bitte; 1.984199681834434
einfach; 1.6946120438595245
einmal; 1.6681450939533533
97; 1.654326885586488
bis; 1.6113018122097855
bestens; 1.246149240178056
lädt; 1.2080213014531183
Eine; 1.1582840127462988
Besonders; 1.1351930679153157
praktisch; 1.0531437165336683
integrierte; 1.0183696167194285
schon; 0.9963256669416296
finden; 0.9411018204700667
integrierten; 0.9184791356296046
Dann; 0.8907457645167597
Bequemlichkeit; 0.8895014892914332
Kunststoff; 0.7214620032391394
können; 0.6311215697438456
seinem; 0.6031437300029211
rundet; 0.6031241896795109
beachten; 0.529182878829306
&; 0.4881405408617866
haben; 0.4081509925686987
wenn; 0.3168739067055867
dieser; 0.20941764236195012
alle; 0.19140884578227996
Platz; 0.1118442620150745
gemütliche; 0.10806648138677702
