Wort; Durchschnittlicher Wert
Luftbett; 3.808745821450702
203; 3.1006322285393253
integrierter; 2.9206368366227253
bequem; 2.8358213865278232
einen; 2.8192996695870534
2; 2.779148116541182
der; 2.6691464230207202
ab; 2.578010557842208
Denn; 2.572046724568645
gefertigt; 2.553362824959913
Personen; 2.543975909257097
Marke; 2.5164614824592717
Artikel; 2.505410778441001
Übernachtungsbesuch; 2.5027111591158246
schnell; 2.4678639911442586
eignet; 2.465172749850717
Auf; 2.4494672668886777
Schlafkomfort; 2.4060426566598836
Drucken; 2.4021134567970877
Die; 2.3875048221487303
über; 2.34675853061417
Schlafplatz; 2.3319339588837464
!; 2.2981667054700665
Bedarf; 2.244291624438483
188; 2.2385973787662805
Ob; 2.2353015855755074
zu; 2.220459653910075
Gästebett; 2.218118380184751
großen; 2.18865502841727
unseren; 2.1871409404604494
aber; 2.182926668460277
ob; 2.172178202297755
ausgestellt; 2.161001367510471
HinweisDieser; 2.077236329848529
Filialen; 2.0742222976594347
dort; 2.0697263842730536
bequeme; 2.037632813886012
beim; 1.954404255906411
bis; 1.9287535118823143
einfach; 1.8180229480058188
bestellbar.Bitte; 1.8133210577638237
97; 1.6861375967462664
bestens; 1.6529576634144179
Eine; 1.3564831436582607
Kunststoff; 1.3442538380622864
Besonders; 1.2386036209121811
finden; 1.1720670974173117
praktisch; 1.157428718439769
einmal; 1.051692557753995
beachten; 0.9285422693250439
Bequemlichkeit; 0.9255576806433965
integrierte; 0.854428011966229
Dann; 0.8232270502427127
seinem; 0.8126320032868535
integrierten; 0.7789573921436386
lädt; 0.630983241937065
rundet; 0.6220101561455522
haben; 0.616047176225402
schon; 0.5128925676981453
&; 0.5113118914421648
können; 0.42073899971874196
wenn; 0.30695169558166524
Hause; 0.21751622199080883
alle; 0.20282151061110198
gemütliche; 0.19647902547148988
Platz; 0.10394086448359303
dieser; 0.09697472897387342
