Wort; Durchschnittlicher Wert
beflockte; 0.6722542761999648
97; 0.5395661092625232
Luftbett; 0.5369319773890311
BESTWAY; 0.5200192783377133
17; 0.5185881665238412
56; 0.5041884930251399
Minuten; 0.487597987317713
grauen; 0.4750426431696724
Boxbett; 0.47336637385888025
aufstehen; 0.47122542462602723
Pumpe; 0.45967603573808447
ungewolltes; 0.4589464648888679
empfehlen; 0.45793431712081656
Schnellverschlussventil; 0.44819949714292306
setzt; 0.44490918971132487
große; 0.44291252159746364
mitgelieferten; 0.4427714384655701
leicht; 0.43865242817264516
platzsparend; 0.43680954865703825
11,5; 0.4157219804401393
AIRBED; 0.4151992210827302
bis; 0.41391555046720896
203; 0.4122136642690748
Kabel; 0.4119186566749704
LED-Beleuchtung; 0.41005790737835923
hält; 0.40974791736516636
aktuelle; 0.40962454272812465
sodass; 0.4077322372395429
152; 0.40755695606640074
Genuss; 0.4073565813814639
beruhigende; 0.406414103366842
trendigen; 0.404424767258206
Unter; 0.4041949924285291
Höhe; 0.40319012512190966
nimmt; 0.40299507754389197
73,4; 0.40297414624365047
Bonellfederkernmatratze; 0.4027672556330799
Staufach; 0.4023948491521878
verbreitet; 0.4009620797223761
hat; 0.39749787975461004
schätzen; 0.39741458419302944
Dieses; 0.39707141782855615
Einlasstiefe; 0.3963579309202032
wohnliches; 0.3945921194535913
funktional; 0.3942629699727149
84; 0.39397280795674305
MARS; 0.3934843600018212
OUTDOOR; 0.3927692025754368
Beim; 0.39148279986693524
2,5; 0.3905526611779351
