Wort; Durchschnittlicher Wert
grauem; 0.03636467608157545
ergänzt; 0.03022177139791893
überbieten; 0.029578875539300498
jersey; 0.028489033968071453
retro; 0.028422343191778054
härtegrads; 0.028376628673868254
kontrastfarbe; 0.02836283538636053
verdankt; 0.027978084564892924
betthälfte; 0.027970656607067212
prakitscherweise; 0.027948476854362525
grauen; 0.027798596711363643
eukalyptusholz; 0.027770414017140865
eingebautem; 0.027344223322870675
kaltschaumkern; 0.027296147905872203
familiensofa; 0.02707530217594467
eindrucksvolles; 0.026565283798845485
dauerhafte; 0.026424914743984118
wellnesszone; 0.025999297766247764
verloren; 0.025855660962406546
treffpunkt; 0.02577224616834428
silvia; 0.025724762308527716
carbonstahl; 0.025341074928292073
kästen; 0.02530471510908683
neigungswinkel; 0.02465638394130565
wichtigsten; 0.02449264037568355
endgültig; 0.024407601602433715
kippfunktion; 0.024305444356286898
dezente; 0.02414822418722906
dienen; 0.023900598607724532
schlummert; 0.023645481720450334
starten; 0.02364198028226383
doppeltaschenfederkern; 0.02311479320633225
bild; 0.0231127516090055
gebracht; 0.02306601004966069
federkernpolsterung; 0.02289173106873932
stellt; 0.022868920845212415
tablet; 0.022661520779365674
nova; 0.02236912008083891
dunkelgraues; 0.022336267285595568
preiswerten; 0.022264772433118196
neo; 0.022250539470405784
auszug; 0.02218640558203333
stoffbezug; 0.022185392255778424
weißmaterial; 0.022184923975146376
schlafcouch; 0.022169258943904424
havanna; 0.022075993852922693
lese; 0.021935936267254874
exakt; 0.02191614915500395
erweckt; 0.021802886398290866
geschnittene; 0.021378875855589285
