Wort; Durchschnittlicher Wert
vintage; 0.08730611033388413
verloren; 0.08379576390143484
prakitscherweise; 0.08301648101769388
eindrucksvolles; 0.07721933821449056
angenehmem; 0.07165029435418546
pölstern; 0.06911869527539238
kind; 0.06874393412726931
geöltem; 0.06553911013179459
dunkelgraues; 0.06388567801332101
sternen; 0.06366137624718249
massiven; 0.0634822053834796
zugabe; 0.06281044339993969
eichefarbenes; 0.062155151390470564
kontinentalmatrazedas; 0.06166418123757467
livetastic; 0.06144622666761279
stütze; 0.061436124553438276
liegefunktion; 0.06072799034882337
reich; 0.05951054306933656
wellnesszone; 0.058808761881664395
orange; 0.05867079160816502
braun; 0.05709703895263374
arezza; 0.05706944686971838
ausladender; 0.056994685903191566
tüll; 0.05676546032191254
hand; 0.05663340524188243
raumgröße; 0.0562282566097565
fröhlichem; 0.05598929307598155
wischen; 0.05559080292005092
strapazierfähiger; 0.05534588097361848
griffbereite; 0.055201801063958555
matto; 0.05513822298962623
eichefarbenem; 0.05512489238753915
knopfverzierung; 0.05505011274362914
intelligente; 0.054852655448485166
bella; 0.05473684283788316
variieren; 0.05464038449281361
schlaffunktionbettkastenarmteilverstellungwellenunterfederungkopfteilverstellungsitztiefenverstellunginkl; 0.05411552555960952
trio; 0.05404745473060757
wohnerlebnis; 0.054020215378841385
spontaner; 0.0536793774808757
buchenholz; 0.053300342138754786
maine; 0.05296555138193071
lieben; 0.05293576687108725
antonio; 0.05282278177764965
toller; 0.05280272930394858
nierenkissenrücken; 0.052479169506113976
rosa; 0.05229783785762265
raumteiler; 0.05171871771744918
visocschaum; 0.051666155850398354
krönenden; 0.05162186316738371
