Wort; Durchschnittlicher Wert
kopf; 0.1294794325476687
rollroste; 0.12822135596798034
braun; 0.1197022536211989
echt; 0.11341092737529834
türkis; 0.10905917723403036
erhält; 0.10716181582938589
beige; 0.10488903083023615
ungefähr; 0.10183718800817587
maximale; 0.09804917906330957
funktion; 0.09667886424722383
schlafgefühl; 0.09469838852055545
voraussetzungen; 0.09361737451763474
durchgehende; 0.09160003950910323
bereichert; 0.08976111758238403
unterstreicht; 0.08925356772851956
stilvolle; 0.08904588702898764
polyetherschaumkern; 0.08896721500855165
letzten; 0.08891163911175681
lässigen; 0.08863835478950932
richtig; 0.0880812810628413
dauerschläfer; 0.08763176968295738
dunkelbraun; 0.08717606553364021
kontrast; 0.08673125574568985
ordnung; 0.08629116630436329
neu; 0.08588906034674437
geben; 0.08561755712435115
hochwertigem; 0.08485269268408047
rot; 0.08376961140220374
fehlen; 0.0837013335658412
entdeckendrucken; 0.08277751856803661
ende; 0.08250838798630866
komforthöhe; 0.08184614313950078
charakter; 0.08178508317314481
schliff; 0.08139395189391507
bettdecken; 0.08078012509372456
gut; 0.08075834370174562
farbton; 0.08066640075776377
mitten; 0.08062895585862861
stimmige; 0.08028595558971574
formen; 0.08009052647594217
mid; 0.08007301536417799
fernbedienung; 0.0792110227239391
friscokombinieren; 0.07900936137593817
kiefernholz; 0.07890287347436242
olivgrün; 0.07847008993758209
farbe; 0.0783566169502592
zweit; 0.07809378715137427
hellgrauem; 0.07793298602155119
zeit; 0.0778403707590769
liegt; 0.07771117829679497
