Wort; Durchschnittlicher Wert
angekündigt; 0.09132467128802091
verziert; 0.08925301866838709
umfunktionieren; 0.08356523368274793
wiederum; 0.0833903350867331
farbton; 0.0810733989928849
einrichtung; 0.0760034549748525
dauerschläfer; 0.07444740389473736
teilen; 0.07274808874353766
aufweisen; 0.07271208433667198
darunter; 0.07265652525165933
schlafbereich; 0.07249651112942956
rückenpölstern; 0.07221731450408697
schlafgemach; 0.07069680525455624
verräumen; 0.07041195849888027
anstrengenden; 0.0702589618449565
kollektion; 0.06910750600945903
bestehende; 0.06824425491504371
all; 0.06818543738336302
dunkelgrün; 0.06810848566237837
misst; 0.06798432217328809
boxspringsofa; 0.06778292107628658
türkisem; 0.06775045528775081
stress; 0.06723588309250772
sitzpölster; 0.06716426339698955
genutzt; 0.06673408427741379
elegante; 0.0660134427016601
vieles; 0.06532194139435887
beisammensitzen; 0.06485954590607435
geradliniges; 0.06475797781604342
ende; 0.06426168652251363
schliff; 0.06402392796007916
möbelstücks; 0.06401970837032422
modernem; 0.06377139536198229
strapazierfähigen; 0.06360736433998682
einfügt; 0.06341157481074333
garcia; 0.06333885839558206
charming; 0.06327896623406559
raffinierte; 0.06308087345678359
wangenform; 0.06295970426435815
ausspannen; 0.06279314137645997
komfortschaumkerns; 0.062416379689238966
noppenstruktur; 0.06176152703119442
puerto; 0.061656684963963926
hierbei; 0.061058818944729865
puristischen; 0.06101601256523281
auszeiten; 0.060987849021330476
silber; 0.06097162076912355
anthrazitmaterial; 0.060570482979528606
formschönen; 0.06046553410124034
dunkelblauer; 0.060184027068316936
