Wort; Durchschnittlicher Wert
braun; 0.06189854780677706
prakitscherweise; 0.05799993363325484
pölstern; 0.05798871655133553
rosa; 0.05444222435289703
verloren; 0.05348144331946969
angenehmem; 0.04847635293845087
reißverschluss; 0.04846291530702729
kindes; 0.04728972616430838
zugabe; 0.04709790680499282
toller; 0.04655236156031606
robuste; 0.04589136698632501
hellbraun; 0.04483183636330068
perfekt; 0.044468863552538096
querschläfer; 0.043110048095513775
buchenholz; 0.042436446324472854
informationenpaketgröße; 0.0419854136853246
schönen; 0.041950682762035285
liegt; 0.0419224005236174
kind; 0.04168607291649096
federkern; 0.041618038827436976
begeistert; 0.04154326483330806
perugia; 0.04149750313081313
raumbedarf; 0.04137475957895731
erleben; 0.04090807469816582
reich; 0.04040232869738247
wirkt; 0.03966623968153726
kilogramm; 0.039505850207206095
eindrucksvolles; 0.03935427241958678
livetastic; 0.039261348225409165
xl; 0.039213242122059455
stütze; 0.03909175779699581
schrankbett; 0.03892277422346524
trio; 0.0389050668454729
blaue; 0.03850509927724488
herunterklappen; 0.03841000498505309
rot; 0.038265498165856116
griffbereite; 0.03816306342559983
voraussetzungen; 0.03794999232536611
circa; 0.037885801430093125
lattenroste; 0.03788426642131526
hochwertigem; 0.03779038818902336
braunem; 0.03770356656241347
position; 0.03769656860936266
echt; 0.03759286402055295
beträgt; 0.03750404574020649
antara; 0.03743803743418539
wohnerlebnis; 0.03705423342762515
level; 0.03701734941569157
ab; 0.03697568993084133
dunkelbraun; 0.03682215361914132
