Wort; Durchschnittlicher Wert
getränke; 0.027548900892725214
bauchschläfer; 0.026089732404216193
wolke; 0.024755730331889936
langem; 0.024384016589465318
nova; 0.024344904767747977
integriertem; 0.024011563320527785
grauem; 0.023594648444486666
fall; 0.0229495643361588
positionierung; 0.022715247810992878
aufbauanleitunghinweisdieser; 0.022509341171826236
n; 0.022164638594404096
doppeltaschenfederkern; 0.021931175793724833
entdeckenhinweisdieser; 0.021765761470305733
kleiderschrank; 0.021620139123115223
senfgelb; 0.02143260696902871
tollem; 0.021203728509135544
ausgiebig; 0.021184144850849407
öffnung; 0.02117171952022545
himmlisch; 0.021148602725588717
uvm; 0.021026244132372085
mondäne; 0.020824489044571237
erstrahlt; 0.02065704352571629
elektrischer; 0.020290902413762524
acessoires; 0.020180553947284352
glänzt; 0.02005369419021008
fünffach; 0.019985862512839958
schlichter; 0.01969231195107568
lavagrau; 0.01948692607402336
investieren; 0.019109149550786242
madera; 0.01903269816102693
doppelpack; 0.01897289976477623
base; 0.018938243621960282
kombinierfreudig; 0.018848298306693323
gestalterischen; 0.018846935912733898
situationen; 0.0188014153700351
wohin; 0.01863513707940001
liegemaßen; 0.01862869471369777
glamour; 0.018365974408879993
enthaltenen; 0.018361634372055846
stilbewusste; 0.018193126657934044
grauen; 0.01802297361427918
genießer; 0.01792853954793827
la; 0.017876007113954984
bettkastens; 0.01787600254829158
desweiteren; 0.017803350697022324
bettschubkasten; 0.01776825755587197
interieurs; 0.01775638960680226
schmerzt; 0.017549010795846698
anpassung; 0.017398268231772818
jugendzimmers; 0.01738181710061326
