Wort; Durchschnittlicher Wert
möbelstücke; 0.06545923696830869
höchster; 0.05920314020477235
nardo; 0.05386963562341407
hinreißendem; 0.050278951646760106
naturbelassenem; 0.04718168612453155
asiatisches; 0.047022914281114936
currygelb; 0.04546741966623813
entdeckendrucken; 0.04543290357105434
glatte; 0.04424100276082754
langweilige; 0.044057833089027554
polyurethanschaumkernhärtegrad; 0.043966729717794806
friscokombinieren; 0.043850034242495894
überzeugender; 0.043308174557751045
anthrazitmaterial; 0.042971932038199157
textil; 0.041584639402572066
verchromten; 0.041437722742557526
viola; 0.0413091832306236
designliegefläche; 0.040664860236574896
programm; 0.04042966407723725
praktischer; 0.040342787047848105
schlafraum; 0.04031222182675265
lindau; 0.04015677853021771
barbados; 0.040027259092312306
alice; 0.03986236051423475
hervorragenden; 0.0398492417189118
schlichter; 0.03958083539328072
eingearbeiteten; 0.03955599243636243
zugeschnitten; 0.03938721993472427
pflegehinweisedrucken; 0.038559166714549065
mendoza; 0.038388090091757476
marianne; 0.03821011584659573
bereicherung; 0.03813620036817156
komforthöhemaßeliegefläche; 0.03807478667295072
universalrollen; 0.03795223301858641
hocker; 0.03759105535573326
ziehen; 0.037564365502475994
festen; 0.03713142708875239
karo; 0.0369728964578826
ordnung; 0.036935585958417505
höhenverstellbar; 0.03658767754677683
umfangreichen; 0.0365197483333759
ausgestatteten; 0.036436455528018996
hr; 0.03599607711657882
metallgriff; 0.035943849419709295
durchgehend; 0.03567904990632087
stilsicheres; 0.03566337650408968
haltegurte; 0.03564655780792236
rio; 0.03549609336187132
wohnträume; 0.03532062529120594
stöbern; 0.03520947881042957
