Wort; Durchschnittlicher Wert
modischen; 0.059015998402173864
geneve; 0.05740283627528697
stauraumgenießen; 0.05513116143993102
bonellfederkernmatratze; 0.05500082160983766
queen; 0.052256387687521055
camping; 0.051906525797676295
unterwegs; 0.04942527129605878
kautschukholz; 0.04836143749707844
hogan; 0.047750825906405225
geschnittenen; 0.04719860773184337
modena; 0.04716244578594342
verhindert; 0.04689994303043932
dezente; 0.046807210626866436
vielseitige; 0.046257766678991175
boxbett; 0.04615797374935937
bettlade; 0.04547836929850746
charme; 0.04447115417133318
varianten; 0.04369367169238103
kippfunktion; 0.0434352345764637
schnellverschlussventil; 0.04331698593159672
begleiten; 0.04308631875392166
verriegelnde; 0.04298888496123254
ausruhen; 0.042945516208419576
abnehmbarem; 0.04277059392188676
grauen; 0.04247891301929485
verschwinden; 0.042127097342017805
vielseitiges; 0.04159836338021705
levi; 0.04150732533889823
geschnittene; 0.04148950570379384
schaumstoffkissen; 0.041358544636750594
carrol; 0.04133544098294806
feines; 0.04076965051353909
jungs; 0.0406993428732676
einzigartig; 0.040640155668370426
dienen; 0.040590267919469625
hinweisbitte; 0.04045924903766718
doppeltaschenfederkern; 0.04022240004269406
zeitloser; 0.04022196214646101
vielfältig; 0.039679418248852016
entgehen; 0.03929926146520302
mittelgroße; 0.03925958616059688
wischen; 0.039169168507214636
edelstahl; 0.03907106751285028
eigent; 0.03883098041842459
teilige; 0.0387876033782959
lieblingsposition; 0.03871866292320192
schon; 0.03867567842826247
puncto; 0.038495325643452816
schwarzmaterial; 0.038459072828118224
sekundenschnelle; 0.038231003753026016
