Wort; Durchschnittlicher Wert
reißverschluss; 0.14551712394131755
fest; 0.13415782924857922
anthrazitfarbenes; 0.13399519951781258
komfortschaumkern; 0.1310621085576713
gedacht; 0.1287078057503095
maschine; 0.1272848469670862
abnehmbar; 0.1264383197412826
tonnentaschenfederkern; 0.12328569353485364
velours; 0.12248884484870359
alexandra; 0.11806537165830377
sondergröße; 0.11499356718559284
liegezonen; 0.1134835004049819
sieben; 0.11240219214232638
durchgehenden; 0.11203615465126404
schlaferlebnis; 0.1108045845903689
lichtechtheit; 0.11057743108540308
aufgeräumt; 0.10945170365448575
extraklasse; 0.10741198755567893
zonen; 0.10460839868756011
kunststofffüßen; 0.10258030025215703
viscoschaumkern; 0.10164932003681315
abnehmbaren; 0.10162228895933367
würfelform; 0.1014688713621581
luxus; 0.1013208000222221
nero; 0.10109019824813004
polyurethanschaumkerns; 0.10038977163276286
stimmung; 0.10037569153064396
luxuriöses; 0.10033962989837164
üppig; 0.09772245098429266
rosa; 0.09638240612184745
mischung; 0.09506752549350495
sachen; 0.09464446161291562
pillingbildung; 0.09418716648360714
boxspringbettes; 0.09329519032326061
abriebfestigkeit; 0.09297424348551431
gewicht; 0.09271130632259883
obermaterial; 0.09242746879499464
synthetik; 0.09238033281872049
weiteren; 0.09206657701724907
geringen; 0.09202553746217745
körper; 0.09188268310390413
boxhöhe; 0.09107459915685467
nachtlektüre; 0.09094007625753875
taschenfederkernmatratze; 0.09067197801778093
vermitteln; 0.08976062903002457
eckigen; 0.08966748388047563
komfortschaum; 0.0896365728112869
wirbelsäule; 0.08954513854314428
prakitscherweise; 0.08893243278726004
versüßt; 0.08877553427009843
