Wort; Durchschnittlicher Wert
großzügiges; 0.05989711711299606
eindrucksvolles; 0.051574573823018
arm; 0.04866201008553617
kopfteil; 0.046227294398704544
höhe; 0.044496800139313564
wohlfühloase; 0.04407623615406919
freut; 0.043811679772261414
schon; 0.04214796455198666
ca; 0.040659447895450285
kunststofffüßen; 0.040148687301552854
polster; 0.039255758114450146
attraktives; 0.03920678711438086
angesagten; 0.03889320614416647
geschmückten; 0.03856452313357295
halt; 0.03848083964840043
UNK; 0.0384333382648947
kräftigen; 0.03795136183543946
treffpunkt; 0.037947554417769425
polstermöbel; 0.03791657855617814
abnehmbar; 0.03755470293856433
matratze; 0.0374809669010574
heiß; 0.03742320236946739
bettladen; 0.03737253340841562
topper; 0.03729586642293725
weiß; 0.037247125921567203
genügend; 0.037130071279534604
eigene; 0.03711401636246592
erwachsenwerden; 0.03697500681164456
ergebnis; 0.036937506461981684
zimmer; 0.036379076263983734
pölstern; 0.036188997546105384
robuste; 0.03608676194562577
verregneten; 0.03599745570318191
hohen; 0.035854149638907984
bestens; 0.035804833518341184
seite; 0.03576410436653532
box; 0.035373271341086365
steht; 0.03500918448844459
härtegrad; 0.0349705012049526
schlaffläche; 0.03493369505122246
liegehöhe; 0.034856235259212554
grundlage; 0.03485489579179557
wege; 0.03462112290071673
mehr; 0.03436291812249692
abende; 0.034331381149968365
geliebten; 0.03405393464890949
je; 0.03373227425981895
mercura; 0.033517088323606004
boxbett; 0.03329053896595724
ausladender; 0.03314152589882724
