Wort; Durchschnittlicher Wert
abgebildete; 0.031068700754985912
beachten; 0.03016360395213269
l; 0.027449081154372834
zufall; 0.02717811069351228
enthalten; 0.026801652325048053
hinweisdieser; 0.026715077959579503
cm; 0.02654028254255536
dank; 0.02617047910416659
lieben; 0.02607039736602701
UNK; 0.0259616489797736
sowie; 0.025740254337506485
glänzendem; 0.025715283722774984
bitte; 0.025680264073344006
möbeln; 0.025418481554993377
dekor; 0.025237313611796708
elegante; 0.0252351784347411
schöner; 0.02516653625127674
bequem; 0.02460191904765452
runden; 0.02459353223503058
puristen; 0.024145094898358366
bestellbar; 0.024100786453800538
wohlfühlenergänzen; 0.023754704373033064
neu; 0.02306939359550597
lieferumfang; 0.02272967640783463
perfekte; 0.022712349255613162
fürs; 0.02270128358486545
echtholz; 0.02267462081999838
barbados; 0.022493640939501347
b; 0.02248357283497171
drei; 0.022430943632571143
microfaser; 0.022358423301739094
mühelos; 0.02232672094771715
alice; 0.022156933244332322
platzangebot; 0.021956542985208216
weiß; 0.02182147939583956
trotzdem; 0.021750518697018606
naturbelassenem; 0.021652894408816792
sessel; 0.021525631675217483
farblich; 0.021505858980162884
nimmt; 0.021470934639182815
schlafsofa; 0.02141904846575926
ausgeklappt; 0.021382494184877032
ausgestellt; 0.021123898718542478
design; 0.02104119583782449
lederoptik; 0.020939093485139892
ecksofa; 0.02092099406672787
prüfzeichen; 0.020829493860901493
gem; 0.020784551294127596
kleinen; 0.02068576518468035
durchdachten; 0.020565963924468633
