Wort; Durchschnittlicher Wert
trendigem; 0.04720366889159777
bewahren; 0.04463236975425389
hervorragend; 0.04202229680959135
ausgestatteten; 0.04202162696310552
hübscher; 0.04121480250614695
unterstreichen; 0.0410894769593142
stella; 0.04034477489767596
räumen; 0.039810783228404034
integration; 0.03967368155281292
jahren; 0.03900100909231696
umfassenden; 0.03881734503374901
anmutende; 0.038814433151856065
schlafstätte; 0.038463761147795594
charlie; 0.037868524552322924
energievoll; 0.03780333652684931
persönlichen; 0.037282298479112796
umgeklappt; 0.03684759337556898
separaten; 0.03663506108568981
kündigt; 0.03642291569849476
wohlfühlinsel; 0.03590251156128943
ausgiebigen; 0.03563935132115148
aufgebaut; 0.03553407583240187
vielfalt; 0.035512703405402135
vorne; 0.03540626999529195
gleichzeitig; 0.03525723220082
industrial; 0.035156062212990946
dezentem; 0.03465536161093041
beiträgt; 0.03436327185772825
präsentieren; 0.03414455207530409
geräumige; 0.03397749236137315
liebsten; 0.03389218372194591
angekündigt; 0.03362134110648185
kern; 0.03292659453654778
sitzbezug; 0.03282540192594752
mehrere; 0.03278997997404076
wohnlichkeit; 0.03266673639564033
aufgefrischt; 0.03263551389682107
nachtkästchen; 0.03244116238784045
momentehinweisbitte; 0.03224182850681245
aufbewahren; 0.032240498905593995
mix; 0.03219768885173835
verräumen; 0.03207177511649206
vorziehbank; 0.03189963241311489
mercura; 0.031796328257769346
großzügig; 0.03167134420800721
aufgeräumten; 0.0314295338212105
lehne; 0.031232163586537354
reduziert; 0.031160366919721127
jeglichen; 0.031155409407801926
steppoptik; 0.031002635951153934
