Wort; Durchschnittlicher Wert
große; 0.069748831941979
grau; 0.0630019235832151
pumpe; 0.05932590461088694
t; 0.056866674800403416
hinweisbitte; 0.056813009330653585
ca; 0.05606105965125607
luftbett; 0.05529698944883421
x; 0.052414972790529646
enthalten; 0.051141353676939616
einzelbett; 0.05015567379450658
abgebildete; 0.04999083813981997
rückenlehne; 0.04979189678124385
lieferumfang; 0.049767585052904906
stoffbezug; 0.04951922925101826
b; 0.048855923843802884
zweisitzer; 0.048605396581479
liege; 0.0479617387172766
schlafsofa; 0.047524233585136244
sowie; 0.046745721258048434
empfehlen; 0.046485994156682864
hinsetzen; 0.04647277155345364
kissen; 0.046278094640001655
funktional; 0.04611348344042199
beflockte; 0.046063486428465694
schlagen; 0.04551942500984296
schlafplatz; 0.04540539849040215
sessel; 0.04531937725550961
echtholz; 0.04497812137560686
sofa; 0.04445567409857176
glänzendem; 0.044324866379611194
beachten; 0.04405353107722476
lässt; 0.044007920922013
bettladen; 0.04391083715745481
eignet; 0.043550208953092806
webstoff; 0.043502599397470476
ausruhen; 0.04339593846270873
bestway; 0.04325263306964189
nimmt; 0.04307030867494177
einlasstiefe; 0.04266453580930829
entgehen; 0.042549989389954135
cm; 0.04250394344126107
mitgelieferten; 0.04215922504954506
mars; 0.04208699497394264
weiß; 0.042047031747642905
lederlook; 0.041831837963400176
simon; 0.041790287375988555
person; 0.04177818212338025
camping; 0.04168119154928718
praktisches; 0.041415793559281155
einfach; 0.04117086461337749
