Wort; Durchschnittlicher Wert
praktisch; 0.04325269873152138
matratze; 0.04255706458206987
kategorienschlaftextiliennachtkästchenkleiderschränkekomplette; 0.041866894754093664
bett; 0.04061364254084765
oberfläche; 0.04004269328652299
livetastic; 0.033567319782378036
dauerhafte; 0.032519153654902766
interessante; 0.03210421557241716
schlafzimmer; 0.03195022596992203
bonellfederkern; 0.031500862452958245
schlaferlebnis; 0.031193680943943036
sitzhöhe; 0.031179907584373723
kopfteil; 0.03100909322665757
perfekte; 0.030858456511850818
modell; 0.030778630971326493
zeitloses; 0.030767228232434718
echten; 0.030622723897977266
geeignet; 0.030507698047586018
you; 0.030491270330458065
topper; 0.030403165247207653
schlafzimmerdrucken; 0.030120499180156912
polster; 0.02997552293845729
egal; 0.029969174323923653
polyetherschaumkern; 0.029467319862305885
verleiht; 0.02929846097686095
james; 0.029052932533886633
besonders; 0.028986406192416325
wood; 0.02897663789917715
bringt; 0.028898504993321694
konisch; 0.028744018319230236
verstauen; 0.028521494812594028
querschläfer; 0.028406121218722546
findet; 0.02839769515048829
sieht; 0.028188277871777245
schlafkomfort; 0.028038521349117218
entdecken; 0.027953247670666315
boxspringbett; 0.027795827311820176
belastbar; 0.02765484174778976
schlafmöbel; 0.02753426906565437
hält; 0.02750771863816226
anthrazit; 0.027368221461074427
zimmer; 0.027246506828305428
verschiedenen; 0.027034482314775232
selbstverständlich; 0.02702440071880119
hinweis; 0.026784853551362175
zeitlosen; 0.026769766924189753
schwarz; 0.02672914361187395
zweit; 0.026688676442063297
gefertigt; 0.026672153368963336
gesamtmaßen; 0.02665108413202688
