Wort; Durchschnittlicher Wert
kgzustellungdie; 0.06648652485455386
umfunktionieren; 0.05387813920970075
verräumen; 0.05377437176866806
ausgeglichenheit; 0.0521660572521796
jahren; 0.050783887490979396
wohlfühlinsel; 0.05074850987875834
currygelb; 0.05060300954210106
quer; 0.049068811520555755
erfreuen; 0.04857746761990711
aufregenden; 0.04830704568666988
langsam; 0.04778776034982002
patch; 0.04762008786201477
gehören; 0.04684655452729203
wohnkonzept; 0.04670121512026526
unten; 0.046382306441955734
karierte; 0.04635699963546358
vorzügen; 0.04572723230739939
erstklassige; 0.04523107626300771
sonstiges; 0.0444870567516773
bezugsetzt; 0.04404042024543742
präsentieren; 0.043888005675398745
verziert; 0.04360621936211828
ausgestatteten; 0.043454629339976236
zusammenspiel; 0.04339309531496838
driver; 0.043327831037458964
stella; 0.043196436832658947
lehne; 0.04313218823517673
schlammfarbe; 0.04275606863666326
hinzu; 0.04258816808578558
wertvolle; 0.042582794099871535
reichlich; 0.04220799059476121
unverwechselbares; 0.0421084914119092
schwebetürenschrank; 0.041872926591167925
silber; 0.04177380126202479
vergangenheit; 0.04144362188526429
überzüge; 0.04130129258555826
wohnkomfort; 0.04101167897169944
mercura; 0.04089801187728881
stöbern; 0.04087296097713988
schlichten; 0.04078242219839012
flachgewbe; 0.04049177293200046
wiederum; 0.04016178968595341
echtholzfüßen; 0.04010966737405397
cremefarbenes; 0.03976614245038945
charlie; 0.0394006445130799
glänzenden; 0.03931296180235222
quasi; 0.03925233118366123
falco; 0.039198069338453934
entstehen; 0.03900516015710309
bettlaken; 0.038400827601435594
