Wort; Durchschnittlicher Wert
wohlfühlzone; 0.05131614377023652
spezielle; 0.05010568897705525
reicher; 0.047880912927212194
höher; 0.047237358274287544
unkomplizierte; 0.04637989129696507
metallbeinen; 0.04535357272106921
anzubieten; 0.04511453059694759
mitgeliefert; 0.044833554566139355
geschnittene; 0.04457818219088949
verhindern; 0.04414547549095005
herzen; 0.04408226410578209
einzigartig; 0.04381024930626154
bestway; 0.04280156453023665
schnellverschlussventil; 0.04272988194861682
je; 0.04272841656347737
geliebten; 0.04268996059545316
zusammengeklappten; 0.042252220897353254
feines; 0.04225051315734163
ergeben; 0.042153876544034574
dynamischen; 0.04214808665528835
schläft; 0.042092402143680374
verloren; 0.0420678827285883
grauton; 0.04206049915228505
übernachtungsmöglichkeit; 0.041925639714463614
doppelpack; 0.041818202793365344
schnelle; 0.04144775029271841
gehüllt; 0.04094096756307408
bettlade; 0.04033786617219448
minuten; 0.04004109569359571
arm; 0.039804616826586425
doppel; 0.03975111349427607
strahlend; 0.039698308228253154
versprüht; 0.03955792802480573
bari; 0.03951784883975051
elektrischen; 0.03946984768845141
system; 0.03945470054168254
camping; 0.03930482821306214
carrol; 0.03859529265901074
lederoptik; 0.03848227980779484
weichen; 0.03844745896640234
jersey; 0.038424061771365814
weichem; 0.038345063861925155
liegevergnügen; 0.038330727780703455
lieblingsposition; 0.038322923308442114
versinken; 0.03775611446326366
edelstahl; 0.03770268365042284
beutel; 0.03764761820457352
stuhl; 0.03740358041977743
stand; 0.03713551480905153
innen; 0.03694283455843106
