Wort; Durchschnittlicher Wert
premium; 0.06754619128514605
nylon; 0.06660170381474018
noppenstruktur; 0.06524992121558171
weich; 0.06445399597578216
ablagefächern; 0.0629929532146889
polyetherschaumkern; 0.06287042008261778
schaumstoff; 0.062373938355449354
konischen; 0.06193548356077372
farbton; 0.061034090282191755
mitten; 0.06101649799165898
wachen; 0.06095315258608025
armlehne; 0.06033438457961893
bettkasten; 0.06010755701936432
cariba; 0.0599724342018817
angesagtes; 0.058783797860996856
verstauen; 0.05878221733109967
bettfunktion; 0.058568815509602246
ottomane; 0.05732485496355366
missen; 0.05727550190556485
anthrazitmaterial; 0.057186454017028154
höchsten; 0.05609036490386643
musikhören; 0.05552831125896773
abnehmen; 0.0555239243512915
decken; 0.05539873603993328
schenkelmaß; 0.05385648376432073
komfortschaumkerns; 0.05346378993090184
decke; 0.05343165743761347
möbelstücke; 0.053278880350262625
darauf; 0.05278592180729902
puerto; 0.05263636598647281
harmonisch; 0.052483595653711745
schöne; 0.05237110241523624
rücken; 0.05170865264335589
aufweisen; 0.05138297614576004
puren; 0.05137173427101516
kieferfarbenen; 0.051363274944378645
nosagunterfederung; 0.051236231500098484
sitztiefe; 0.05122298424066685
rollroste; 0.051184709125664085
kombinierbar; 0.05111501956707798
grande; 0.05068098370611551
wohnen; 0.050359925837256014
greige; 0.05023081562467269
neuen; 0.05016074701597972
verrutscht; 0.05014760105768801
schickem; 0.0500946710453718
gäste; 0.05006419868732337
lazy; 0.04989255494115241
sitz; 0.04973433186842158
besticht; 0.04936270509278984
