Wort; Durchschnittlicher Wert
Räumen; 0.605153470649384
HinweisBitte; 0.5450724306283519
Unter; 0.5069547954481095
große; 0.5039348029094981
Kunststoff; 0.5002307815811946
beliebt; 0.4828237053588964
Boxbett; 0.4817386911599897
Bonellfederkernmatratze; 0.4789401107118465
interessante; 0.47835573354677763
AZURRO; 0.4709623550879769
runden; 0.46871847166039515
hat; 0.4686124359941459
Schlafzimmermöbel; 0.46721748769050464
seitlichen; 0.4629897531121969
Einschlafgeschichte; 0.46221907739527524
Schaumstoffkern; 0.46134550526039675
Weitere; 0.4602571978903143
Traumbett; 0.45569579835864715
leicht; 0.45524147278047167
Liebesroman; 0.4527329299598932
verleihen; 0.44979836873244494
inkludierten; 0.4486203960259445
Krimi; 0.44618447333050426
SchlafzimmerDrucken; 0.44529089963180013
Zusätzlicher; 0.44353533326648176
gefertigt; 0.44321777630830184
Regalfächern; 0.44211950059980154
befindet; 0.4417077978141606
neues; 0.43614993775554467
GENEVE; 0.43448647821787745
leichtgängigen; 0.43440043996088207
aufstehen; 0.432666742708534
Entspannung; 0.4325407531578094
verbreitet; 0.4320071772490337
besteht; 0.43055124943202827
Schlafzimmer; 0.42769236970343627
Raumes; 0.4262148497364251
KategorienSchlaftextilienNachtkästchenKleiderschränkeKomplette; 0.4256791747829993
Während; 0.42381876514991745
UNK; 0.42003945000760723
großzügigem; 0.4191291445749812
Wotan; 0.41717292222892866
II; 0.4118292722851038
Stellen; 0.40999118052423
Sitzgelegenheit; 0.40700320748146623
graue; 0.4048300551949069
Beim; 0.4037889259343501
wissen; 0.4018718923034612
grauen; 0.401560971091385
Topper; 0.40081147681485163
