Wort; Durchschnittlicher Wert
Luftbett; 3.81885447857785
bequem; 3.0346838646000833
Oberfläche; 2.8811235972694704
ab; 2.873334493988659
bestellbar; 2.854360503912903
integrierter; 2.8499945385519823
Bitte; 2.8407385035214245
beachten; 2.8111811012251566
Drucken; 2.8084916892155887
aber; 2.7428222882579574
dort; 2.7221087325659026
der; 2.6683353144671855
abgebildete; 2.5739762098295613
ausgestellt; 2.5701266887634118
einen; 2.5624367823125795
Personen; 2.538080561182869
gefertigt; 2.532460545104004
Marke; 2.510894786793506
einfach; 2.507847771120032
unseren; 2.4910654485338455
Filialen; 2.4879243333343766
HinweisDieser; 2.452065863000462
Übernachtungsbesuch; 2.448759025486652
eignet; 2.43476579267749
Auf; 2.4067577452486146
Eine; 2.4053610711824147
Artikel; 2.3817647330688487
Die; 2.3700731008691944
Schlafkomfort; 2.3553309538940086
Schlafplatz; 2.3184781760381155
über; 2.2873798782966333
Ob; 2.255072520840622
einmal; 2.1953587108542707
großen; 2.177393103165605
Dekoration; 2.1613335583373554
Gästebett; 2.121358028697432
nicht; 2.107319067310891
zu; 2.0991167562900954
beim; 1.949249953083927
bequeme; 1.776971016904281
bis; 1.739979635556665
ob; 1.6943906782660634
bestens; 1.5891162619202077
Bequemes; 1.4743567400772009
können; 1.388299789559096
schon; 1.3618004877091152
rundet; 1.3589154664834495
seinem; 1.336200273655777
lädt; 1.2498017509200507
Dann; 1.138275487685314
Top; 1.1290606990602101
Besonders; 0.9402450913141365
Bequemlichkeit; 0.811934386183566
integrierten; 0.7369726427510613
haben; 0.7340643784482381
wenn; 0.7180993947600655
finden; 0.6342583504243521
Kunststoff; 0.4271846743024071
integrierte; 0.41278605064580914
schnell; 0.3999036628403701
wird; 0.2157445660093799
dass; 0.21383758154697716
drei; 0.09772914064815268
