Wort; Durchschnittlicher Wert
Luftbett; 3.7632872083970144
bequem; 2.969732962172793
ab; 2.874079146822987
integrierter; 2.831930469203871
Oberfläche; 2.826616475663877
bestellbar; 2.7875375407458707
Bitte; 2.7750573355995583
beachten; 2.7463661540435167
Drucken; 2.732560181932695
dort; 2.6636988494019533
aber; 2.6579837610766845
der; 2.627745535690701
gefertigt; 2.5333213101372167
abgebildete; 2.5303545154733
ausgestellt; 2.5265545176585875
einen; 2.522320470817749
Marke; 2.4903897869925458
Personen; 2.473976268021397
Filialen; 2.4588347609485934
einfach; 2.44147981972219
Übernachtungsbesuch; 2.434078558442889
unseren; 2.4336772939248474
eignet; 2.4260477465992154
HinweisDieser; 2.401452641026208
Auf; 2.3899512234846383
Eine; 2.369238134407351
Schlafkomfort; 2.339809100657658
Die; 2.3232036743545903
Artikel; 2.3227161125039855
über; 2.288845938737404
Schlafplatz; 2.276763134747364
Ob; 2.196890171616906
einmal; 2.171648547851896
Gästebett; 2.150205871608705
großen; 2.1436612939571207
nicht; 2.0530725033997443
beim; 2.008403998514768
Dekoration; 2.0020466946448323
zu; 1.9746792069659933
ob; 1.7846802533822483
bestens; 1.7719187283999418
bequeme; 1.5791748461176667
seinem; 1.547714751438616
bis; 1.5140188079982182
Dann; 1.4535867303715349
rundet; 1.3402585749703575
Bequemes; 1.3241277144537889
können; 1.2692709534680033
schon; 1.2498692485969514
wenn; 1.1239660944067509
lädt; 1.120967121583817
schnell; 0.8034806193580153
integrierte; 0.740533416310791
Besonders; 0.7170198052219348
Bequemlichkeit; 0.6353151637766132
Top; 0.6339830113967764
haben; 0.6310556497599464
Kunststoff; 0.4871656369935408
finden; 0.40802661679626906
integrierten; 0.40308379417983814
wird; 0.3212851812248118
drei; 0.1852509368211031
gemütliche; 0.1013828843832016
dass; 0.10134796379134059
alle; 0.09323993902071379
