Wort; Durchschnittlicher Wert
beflockte; 0.5339480764232576
Luftbett; 0.525698064127937
BESTWAY; 0.5012693114113063
empfehlen; 0.47952029034058796
mitgelieferten; 0.45919225248508155
Pumpe; 0.4576662512263283
Boxbett; 0.4504851787351072
ungewolltes; 0.43520067166537046
Minuten; 0.4344284778344445
große; 0.43126939464127645
verwenden; 0.4262475673458539
Schnellverschlussventil; 0.42362411017529666
Kunststoff; 0.4189546796842478
Einlasstiefe; 0.41849224182078615
Abrutschen; 0.41078379936516285
MARS; 0.41070903405488934
Hochleistungsreparaturflicken; 0.41066716314526275
wohnliches; 0.4097439903925988
stimmungsvolles; 0.4096546479340759
OUTDOOR; 0.3981822243658826
Rollrost; 0.39771300171196344
leicht; 0.3893280190532096
AIRBED; 0.38673448422923684
Zwei; 0.38561414428113494
aufstehen; 0.3834172371716704
QUEEN; 0.38285099528729916
verbreitet; 0.38206315736169927
Staufach; 0.3816160051501356
Oberfläche; 0.380514017517271
Bettladen; 0.38004139609529375
gleichermaßen; 0.378413598969928
Kabel; 0.3691826675203629
schönes; 0.36619860650353075
hat; 0.36344246814769576
schätzen; 0.3629820271162316
grauen; 0.3603075557621196
wohltuende; 0.35705093445722014
Während; 0.35608914326439844
angenehme; 0.35588100479799323
funktional; 0.35225213454396
Beim; 0.3519588351518905
sodass; 0.35021968779619783
CAROLINA; 0.34992229973431677
inkludierten; 0.34972537282737903
Bonellfederkernmatratze; 0.349034704035148
verriegelnde; 0.34896126500098035
Genuss; 0.3480920515139587
verleihen; 0.3476158999328618
Innen; 0.3473000380326994
geräumige; 0.3437369267849135
