Wort; Durchschnittlicher Wert
bonellfederkernmatraz; 0.1448227628134191
maschin; 0.139007986523211
main; 0.13336652959696949
zusagt; 0.12815945176407695
holzern; 0.12515140080358833
viscoschaumk; 0.12413584417663515
wertig; 0.12091891349700745
welt; 0.11825431184843183
wohlfuhlwund; 0.11739182358724065
esposa; 0.11469831835711375
gesamtgross; 0.11355751907103695
korp; 0.11288485035765916
tonnentaschenfederkernmatratz; 0.11149383783777012
c; 0.10386614874005318
vermittelt; 0.10324902094180288
tacoma; 0.10133349132956937
abendlektur; 0.09648980724887224
abzieg; 0.0963472369039664
liegend; 0.09461018862202764
domino; 0.09447139747499023
boxhoh; 0.09400727867614478
verteilt; 0.092780910898
mara; 0.09201692685019225
schenk; 0.09107079228851944
komfortschaum; 0.09000726684462279
schlafkomfortdas; 0.08971475844737142
bevor; 0.088226183434017
energy; 0.08821798951248638
vz; 0.08749663061462343
flora; 0.0871245131129399
obenauf; 0.08481206237047445
evolution; 0.08283448126167059
calgary; 0.08226061670575291
kontinentalmatratz; 0.08172915983595885
unterkonstruktion; 0.08080860853078775
zukunft; 0.07980014150962234
philadelphia; 0.07905975688481703
visocschaum; 0.07842852058820426
mittelf; 0.07748740119859576
denimfarb; 0.07733259171436657
ruckenbezug; 0.07585626034233428
schlafhimmel; 0.07573932968080044
liegt; 0.07555902830790728
munt; 0.07508902270637918
betragtca; 0.07507974456530064
ahn; 0.07364455034257844
viscoschaum; 0.07291915130917914
korperregion; 0.07275889534503222
mittelweich; 0.07265118404757231
verein; 0.07234905654331669
