Wort; Durchschnittlicher Wert
interessante; 0.1076304018497467
große; 0.1028656808193773
lässt; 0.10200051288120449
H; 0.09976215433562174
OMBRA; 0.09615459261112846
T; 0.09488278374192305
Schlafsofa; 0.0943487596232444
Kissen; 0.09198953228769824
Weitere; 0.09162431623553857
Schlaffunktion; 0.09052617620909587
Jugendzimmer; 0.08870438723897678
Dieses; 0.08670388497921522
Webstoff; 0.08346109848935157
Optik; 0.08244752525934018
eine; 0.08092158056388143
oder; 0.08008615591097623
so; 0.0798095964219101
Grau; 0.07959500615834258
drei; 0.07813766853359994
sowie; 0.07724596268963069
Handumdrehen; 0.07721350833890028
sich; 0.07675282663694816
beflockte; 0.07670881904050475
sehr; 0.07627494441112503
Sitzfläche; 0.07613929599028779
Anthrazit; 0.07600420599192148
individuellen; 0.07443735690321773
Ein; 0.07355901127448305
hat; 0.07295245364002767
KategorienWohntextilienVorhängeStehleuchtenWohnzimmertischeDrucken; 0.07266148655617144
Im; 0.07223455570056103
KategorienSchlaftextilienNachtkästchenKleiderschränkeKomplette; 0.07216332842654083
modernen; 0.07166336484806379
Lederlook; 0.07146009279676946
kann; 0.07117554478463717
Style; 0.07113316489994759
schwarze; 0.0711098553147167
Bettkasten; 0.07091995808514184
viele; 0.07049135977285914
B; 0.07030345019302331
Buch; 0.06992909210566722
statten; 0.06975080072152195
verfügt; 0.06961033328843769
somit; 0.06945679878117517
HinweisBitte; 0.06944424833636731
das; 0.0688412296876777
Die; 0.06788807491102489
verwenden; 0.06766176680685021
Liegefläche; 0.06727053785289172
Lassen; 0.06718939791608136
