Wort; Durchschnittlicher Wert
NERO; 0.11747930226556491
abnehmbaren; 0.11617821510299109
Abriebfestigkeit; 0.09602188598364592
Mischung; 0.09496786478848662
Obermaterial; 0.09472778326016851
PH; 0.09333013406285318
Pillingbildung; 0.09295434543309966
harmoniert; 0.09085788950324059
Lichtechtheit; 0.08732117428735364
Polyurethanschaumkerns; 0.08711214865616057
geringen; 0.08611829442634189
Synthetik; 0.08265327658045862
aufgrund; 0.08172367489169119
Chromfarben; 0.0796570588117902
Eindruck; 0.07876545138424262
angepasst; 0.0777272199629806
Schlafmöbels; 0.07570991773172864
vermitteln; 0.07070355393807404
JAKARTA; 0.06879770322120748
Übernachtungsgast; 0.06772640744020464
angesagt; 0.06312398952286458
Edles; 0.06286117165655014
übrigens; 0.06257373084736173
Sitzvergnügen; 0.06027435157011496
Vier; 0.05905552370677469
gefällt; 0.058978455417673104
elegantes; 0.05823136318940669
klaren; 0.05723452215897851
Elegant; 0.05710197420557961
Er; 0.05675426392554073
großgeschrieben; 0.05618755574687384
Waschmaschine; 0.056021978678472806
Während; 0.0553508286975557
weist; 0.055301078187767416
Doch; 0.055221963815711206
PflegehinweiseHinweisDieser; 0.053089789958903566
Big; 0.05179481129925989
mausert; 0.05157196527579799
dunkelgraue; 0.05153766355942935
edlen; 0.051259708823636174
Legt; 0.05119322796235792
gewaschen; 0.05057127796317218
eckigen; 0.05046409502392635
Angebot; 0.05020541569683701
RIBERA; 0.04996134422981413
hoch; 0.04983980975521263
floralen; 0.04972874172472075
Hat; 0.04924463460338302
Tagesgeschehen; 0.049225143551666406
geschmackvoller; 0.04863471521821339
