Wort; Durchschnittlicher Wert
vergrößern; 0.020354715870780637
Wohngefühl; 0.01343782119329262
Liegeflächen; 0.013048956829152303
angesagtem; 0.012902176429633982
topmoderne; 0.012365927241262398
Sitzecke; 0.012248712740984047
WohnlandschaftDie; 0.01175759620309691
Längen; 0.011670639651129022
multifunktionale; 0.011132776457088767
Landhausstils; 0.010969867355015595
k; 0.01091593566843585
Rubberwood; 0.010813182066158333
Dadurch; 0.010659123705409002
KopfteileAusstattungFarbe; 0.010572298309853068
Wobei; 0.010563565784650564
Arme; 0.010316843765394879
Moderner; 0.010239902363537112
dürfen; 0.010072194743770524
MADERA; 0.009991721497840444
Niederlassen; 0.009912201756378636
Möchten; 0.00974411938295816
Stoffen; 0.009604689879552097
Sitzvergnügen; 0.00947048212037771
schmökern; 0.009403690924955299
Hebelautomatik; 0.009266500730518601
Hellbraun; 0.009159873123280704
Übernachtungsgästen; 0.009127731336775469
geräumigem; 0.008986847091364325
erscheint; 0.008984780721220886
Orange; 0.008891249752196018
Armlehne; 0.008847143675666302
bleibt; 0.008838230875653608
DesignFarbe; 0.008819843249511905
genießt; 0.008796973128482932
Beginnen; 0.00874083447342855
PU; 0.00856654838025861
optimale; 0.008550981413463887
VZ; 0.008472184340462263
Reinigungs; 0.008326409755682107
Sein; 0.008269812008848021
Harmonie; 0.008258129046225804
Eckgarnitur; 0.008255972828919766
Zufall; 0.008216124964746996
stimmig; 0.007990148980752565
sanften; 0.00798633230078849
PflegehinweiseHinweisDieser; 0.00797397390306287
lilafarbene; 0.00791614087029302
selben; 0.007905060723714996
HAMPTON; 0.007873066397223738
Aubergine; 0.0077279362121771555
