Wort; Durchschnittlicher Wert
Anthrazit; 0.1695910354028456
Bettladen; 0.16565733851166442
Blickfang; 0.1631562071852386
erholsame; 0.16124819358083187
verstauen; 0.16003901667136233
Polyester; 0.15898446482606232
verschiedenen; 0.1551816044084262
BESTWAY; 0.1529618827808008
Eleganz; 0.15104138127935585
Und; 0.14882123528514057
hohe; 0.1479511997968075
Lattenrost; 0.1476933952944819
Modell; 0.14717827187268995
entsteht; 0.14553708268795162
Schlaf; 0.14099122732295655
grauen; 0.1364318197593093
Weiß; 0.13530777468258748
angenehmen; 0.13525969842157792
Liege; 0.1351510432214127
Nächte; 0.1344268776847457
Rollrost; 0.13419199669442605
Hellgrau; 0.13410996334278025
Zweisitzer; 0.1334927768621128
praktische; 0.132970160106197
Nachtkästchen; 0.13160178867838113
erhalten; 0.13039044274773914
Marke; 0.1302570680200006
Handumdrehen; 0.13004037736391183
verleihen; 0.12942279908747878
Kiefernholz; 0.12868939181498718
Farbe; 0.12733549660242716
Highlight; 0.12659083392645698
Praktisch; 0.1264075827493798
Ausführungen; 0.12627830769633874
bequemer; 0.12573658509063534
verwenden; 0.12531457890872844
beflockte; 0.12505568460630911
komfortables; 0.1246818687141058
aktuelle; 0.12425523955607787
stimmungsvolles; 0.12390237758518197
Luftbett; 0.1237002705456689
Federkern; 0.12189844530075788
Rückenkissen; 0.12177566213358659
Modernes; 0.12072994746995391
Schlafkomfort; 0.12035496828320902
Sitzgelegenheit; 0.11975777393672615
praktischen; 0.11922943389254215
Nacht; 0.11921770590561209
Dreisitzer; 0.11820033981348388
Wählen; 0.11740577468299307
