Wort; Durchschnittlicher Wert
Luftbett; 0.0717261312129267
KategorienWohntextilienVorhängeStehleuchtenWohnzimmertischeDrucken; 0.06665308603987796
Runden; 0.06352491940651817
HinweisBitte; 0.06035464576234517
FULTON; 0.05854963175534067
BESTWAY; 0.0581515527665033
Person; 0.057118040436762385
geräumigen; 0.05686327073635766
mitgeliefert; 0.056355326663833694
Minuten; 0.0551384439895628
diwan; 0.054685299876837234
Anthrazit; 0.05436199394898722
entsteht; 0.054287484719679924
Setzen; 0.054098871143651195
Edelstahl; 0.05406539234354568
Boxspringsofa; 0.05316609646251891
mitgelieferten; 0.05315295114996843
Fernsehabende; 0.053026288507680874
grauen; 0.0526993659159416
SIMON; 0.051494002425897634
gefertigt; 0.051353363571251975
schon; 0.05114661417064781
Style; 0.05113508765862207
Ombra; 0.0510006023941969
platzsparend; 0.050306379365792964
artige; 0.04889380605527549
umgeklappt; 0.048218190218904056
MARLENE; 0.048045523286418756
rundet; 0.04737523273433908
praktischen; 0.04733477794070495
geeignet; 0.047331655652669724
schlichter; 0.046912669868106605
Graue; 0.04688796910340898
Übernachtungsmöglichkeit; 0.04669476787603344
weicher; 0.04664703461457975
glänzendem; 0.04662272674431733
zeitloser; 0.04642631623573834
nimmt; 0.04641604914650088
Nichtgebrauch; 0.04593170916632516
bereit; 0.04590515564632369
eigent; 0.045893800306657795
sonstiges; 0.04576981792706647
Material; 0.04543434009246994
LEVI; 0.04540050013383734
entspannte; 0.04504992728016077
Vinyl; 0.044928377159521915
Flexibler; 0.04490635928596021
Lassen; 0.04479760822869139
gepolstertes; 0.04404475285264198
gehüllt; 0.044024717273714487
