Wort; Durchschnittlicher Wert
Schlaferlebnis; 0.053492238774197176
Lieblingsmodell; 0.0462208521712455
HR; 0.04499762726482004
tollem; 0.04264567216159776
spritzwassergeschützte; 0.04147285898216069
Vorzügen; 0.04132827077410184
großartig; 0.04102363216225058
Filiale; 0.0405680675394251
abnehmbarem; 0.039440951542928815
rechnen; 0.03929228353081271
Velour; 0.038393240683944896
Zusätzliche; 0.037932272633042885
punktelastisch; 0.03792717358737718
Umgebung; 0.03778971976134926
zylindrisch; 0.03750319895334542
Eigenschaften; 0.03641232626978308
bitte; 0.03609548771783011
Cleveres; 0.03607592254411429
hölzernen; 0.03595452185254544
besteht; 0.0357388551637996
NEO; 0.035338228080945555
echt; 0.03527098067570478
selbstständiges; 0.03525990778871346
fest; 0.03502783947624266
umgestalten; 0.03448363905772567
EVOLUTION; 0.03441129699058365
Armlehnenkissenmit; 0.03438533050939441
steht; 0.03409364286926575
leisten; 0.034058881920827844
eingearbeiteten; 0.033847225131466985
Polyamid; 0.033837423608929384
gemütlich; 0.033796072588302195
ab; 0.03305814272607677
Paket; 0.032767751603387296
BettfunktionDie; 0.032692312699509785
stehen; 0.03244758123764768
gestalterischen; 0.032395512753282674
Komfort; 0.032319038233254105
sehen; 0.032271128744469024
erstehen; 0.032191683450946584
erscheinen; 0.03206931796739809
Vorstellungen; 0.03188882512040436
BORA; 0.031829499755986035
Korpus; 0.031760319383465685
Velours; 0.031653039157390594
Schicke; 0.031599826746969484
gesellige; 0.03153343501617201
Gasdruckfeder; 0.03152604852220975
blaue; 0.03149490471696481
Stabilität; 0.03147924070071895
