Wort; Durchschnittlicher Wert
schwarze; 0.10897715692408383
Fernsehsessel; 0.09383675787830725
Kiefer; 0.07516056316671893
erlaubt; 0.0749885574914515
richtigen; 0.07316269667353481
tollem; 0.07275217631831765
Aus; 0.07224905642215163
verbreitet; 0.06992913017165847
grauem; 0.06960465143492911
Stoffbezug; 0.0686564224306494
grauen; 0.0683361494448036
Annehmlichkeiten; 0.06777738739037886
geschickt; 0.06768446567002684
schon; 0.06726112682372332
Style; 0.0672277263365686
Luftbett; 0.06685868802014738
Schlafbereich; 0.06595700629986823
verschwinden; 0.06428396829869598
Mustern; 0.06342278886586428
neben; 0.06204852488008328
benötigt; 0.062020858051255345
gradlinigen; 0.061394797579851
glänzt; 0.06089165748562664
Setzen; 0.06049200356937945
Armstützen; 0.06047056367970072
inneren; 0.06043235893594101
RAVELLO; 0.05997112102340907
Runden; 0.05990646863938309
System; 0.05930515081854537
Relaxen; 0.059174436260946095
kombinierbare; 0.05899774027056992
dreifach; 0.058701915200799704
mitgelieferten; 0.05855059571331367
feines; 0.058180344494758174
Bettanlage; 0.0581648254301399
Senfgelb; 0.05809960933402181
umfangreiche; 0.05764268204802647
werten; 0.0575068699545227
gehüllt; 0.05689110024832189
Trendiges; 0.056532480113673955
teilige; 0.056395340943709016
Tragetasche; 0.05623971705790609
modernem; 0.056159566971473396
gewachstem; 0.05575138353742659
entgehen; 0.05550544266588986
Armlehen; 0.05537990658194758
Boxspringlook; 0.05535261973273009
unschlagbaren; 0.05524036718998104
FRISCO; 0.055131098022684455
BESTWAY; 0.05472230504528852
