Wort; Durchschnittlicher Wert
schwarze; 0.04033947316929698
Runden; 0.03960193457896821
Pumpe; 0.03843203322321642
ihre; 0.037608054757583886
benötigt; 0.03409695910522714
CARISMA; 0.03400003656861372
vielseitig; 0.03311426845903043
artige; 0.03229992763954215
Boxspringsofa; 0.032208027310844045
Stuhl; 0.03197149219340645
Wohlfühlinsel; 0.031677198654506356
Senfgelb; 0.029091772259562276
BARI; 0.029080210217216518
Bild; 0.02857159973063972
Webstoff; 0.028571242433827138
grauem; 0.02828664577100426
Wohlfühlprogramm; 0.028278281786697335
SIMON; 0.02776504698795179
Rundrohr; 0.027556758210266707
gebracht; 0.02729249255207833
Ergänzung; 0.027208524537854828
dezente; 0.026951883352012374
unterwegs; 0.0268812822205291
Formschaum; 0.026571954018436372
Mega; 0.026484896370675415
Fernsehabende; 0.026106686580533278
mitgeliefert; 0.026069378895044792
schlichter; 0.026007789943832904
ausgewählt; 0.02589247415016871
Schlafbereich; 0.025770066713448614
gestaltbares; 0.025742371639353223
Lagerung; 0.025579848705092445
Bessoni; 0.02530830444447929
Camping; 0.02520844644823228
LA; 0.024866501771612093
HAVANNA; 0.024772433822363382
Luca; 0.02469531327369623
Bigsofa; 0.02451769364415668
flexibles; 0.024379799273447134
dunkelgrauem; 0.024366670309973415
weicher; 0.024288461441756226
Erwachen; 0.024049455634667538
Abende; 0.023974973792064702
wo; 0.023863915288529824
verbreitet; 0.023797393281711265
Stellfläche; 0.023714485632808646
seitlichen; 0.023675727172303596
erledigen; 0.023564179898357906
Luftbett; 0.023542369694041554
Doppeltaschenfederkern; 0.023532507133495528
