Wort; Durchschnittlicher Wert
variabel; 0.0778447639895603
trefflich; 0.07463550961983856
PlatzbedarfGenießen; 0.07416082468989771
REGI; 0.06447345315245911
Haushalt; 0.06380879085963898
BesonderheitenLattenrost; 0.0622275473724585
DesignLiegefläche; 0.0606227801181376
kombinierbar; 0.060230305476579815
Großer; 0.05965486430795863
Verstauen; 0.0580301235531806
BERT; 0.057966896129073575
mitMaßen; 0.057784320873906836
keinem; 0.05763991045751027
BORA; 0.057151710279867984
natürlicher; 0.0570862777531147
ankommt; 0.055675173411145806
Nackenstütze; 0.0543126926459081
Farbtönen; 0.052828479165327735
Oldstyle; 0.05261431079270551
Rollroste; 0.05104958550509764
lackiertem; 0.05094583258323837
toller; 0.050680701446253806
Schicker; 0.05062111219740473
Flachgewebe; 0.04985693620983511
wahlweise; 0.04960944044069038
EN; 0.04913001295062713
Durchdachtes; 0.04885851959261345
Holzfüße; 0.04818200157023966
brauchen; 0.04813142250350211
Schlafambiente; 0.047531643183901906
Holzdekoren; 0.047287109700846486
inspirierte; 0.04716893783188425
verkleidet; 0.04567122703883797
geradlinigem; 0.04530179914581822
Wer; 0.0448103003873257
Falls; 0.04387040731086245
Maschine; 0.04328425379935652
Eck; 0.04317023466137471
einsetzbares; 0.04216067149536684
TOKIO; 0.04214058524303255
gerundete; 0.04203570644858701
worauf; 0.04192400799365714
freie; 0.04137882686336525
Armlehnkissen; 0.04124621389928507
Smart; 0.04097395965072792
Honigfarben; 0.04040713905123994
gelingt; 0.04040582639754575
betonen; 0.03990820822218666
Liegefunktion; 0.039876698079751804
Besonderem; 0.03983179522037972
