Wort; Durchschnittlicher Wert
U; 0.04020256824151147
Wohnzimmers; 0.03677513646471198
Besucher; 0.03317190611301157
Bedürfnissen; 0.03250716625188943
Umfang; 0.029843163327768707
Übernachtungsgäste; 0.028806645751728865
höchste; 0.028803171728213783
Lichtbeständigkeit; 0.02840441097760049
Schenkelmaße; 0.027080928808572935
spontane; 0.026712891873103217
Schenkel; 0.026377340429462492
spricht; 0.02602756756095914
bemisst; 0.025954676753258354
Hinweis; 0.0258269144105725
Leben; 0.025301244415459223
sanften; 0.025140081125755387
blauen; 0.024973686142402585
nötigen; 0.024743540634517558
MID; 0.024734784456086345
verspricht; 0.02401932226121062
maximale; 0.02396671351561963
Dadurch; 0.02376157526668976
erstklassiges; 0.02332953229370105
Tiefe; 0.023292385826607642
gezaubert; 0.023184210651379544
zuweilen; 0.02296078887229669
Grenzen; 0.02294507452461403
gesamten; 0.02292318437321228
hellbraune; 0.02292050745745655
Groß; 0.022915285342605785
getrost; 0.022825906807611318
eigenen; 0.02260678076345357
gesondert; 0.022027956940291915
Langlebigkeit; 0.021895805672102142
Farbtöne; 0.021599703484753263
Raffiniert; 0.021461319572608772
unterstreichen; 0.021330156367184827
Sitzhöhe; 0.02112367177323904
SchlaffunktionRückenkissenBettkastenWellenunterfederung; 0.02093737857467204
Katz; 0.020733437268063426
gesorgt; 0.020658610927057452
vergessen; 0.02024088688813208
zusammensetzen; 0.020062859181052772
gerüstet; 0.02005252756862319
Al; 0.019976832828433544
Armteilverstellung; 0.019932846087613143
Polyetherschaumkern; 0.019892894890972457
STAN; 0.01980344220464758
SEASIDE; 0.019763218300795415
Raumteiler; 0.019650814929264016
