Wort; Durchschnittlicher Wert
MATTO; 0.0964397534262389
Liegefunktion; 0.07986477461236063
Paketspezifische; 0.07702605016675079
lackiertem; 0.07634762223460712
ausschließlich; 0.07570112556277309
versehen; 0.07232805127569009
MICKI; 0.07186915940837935
Kern; 0.07048335030413
Länge; 0.06991240108618513
Stimmung; 0.06970663041283842
ergänzen; 0.06940271370694973
gewaschen; 0.06927386485040188
unprätentiöses; 0.06877681578771444
trefflich; 0.06787531769077759
Braun; 0.06651464875903912
Hellbraun; 0.0651595609379001
setzt; 0.06465017079608515
uns; 0.06401323303362005
neinLattenrost; 0.06386865901004057
misst; 0.06376675545470789
Großer; 0.06366591542609967
Rollroste; 0.06293552751594689
Zusätzlichen; 0.06273089702881407
Vier; 0.062106235534884036
Viscoschaumkern; 0.061948911901708925
Textil; 0.06188381748506799
rechtsMontageanleitung; 0.06177489148103632
wahlweise; 0.06161590028204955
XL; 0.06134882195328828
alufarbene; 0.061165960505604744
ankommt; 0.06109671539161354
natürlicher; 0.06083046781714074
Schaumsoff; 0.059831966122146696
Herausziehen; 0.05975117415073328
ihn; 0.05957254339955398
Kinderbett; 0.05931182423955761
tauschen; 0.0591260248911567
schönen; 0.058627079939469695
Knopfsteppung; 0.05797520864143735
besitzt; 0.05788637392106466
kgHinweisDieser; 0.05777787833358161
Komfortschaum; 0.05772925526252948
sein; 0.05675027603865601
YOU; 0.056667854834813625
Reich; 0.056495476674172096
künftig; 0.05642892656032927
BesonderheitenLattenrost; 0.056285339203896
variabel; 0.05606709685525857
geradlinigem; 0.05600374782807194
DekorGesamtlänge; 0.05569758056662977
