Wort; Durchschnittlicher Wert
Braun; 0.07652518467511982
hellgrauen; 0.07553825866853003
versehen; 0.07267096391296946
C; 0.069100997861824
Maschine; 0.06602609477704391
Kg; 0.06498170629492961
Zugabe; 0.06328851205762476
Schlafgefühl; 0.06087836670485558
Hellbraun; 0.05779445104417391
Rosa; 0.057543575632735156
gewaschen; 0.05708109278930351
Komfortschaum; 0.05534516743500717
Zonen; 0.054503790379385464
beträgt; 0.05439329547516536
Rollroste; 0.0543756181068602
fest; 0.05331726258737035
Steppnähten; 0.0530696795322001
sein; 0.052650480036390945
ankommt; 0.052316041008452885
Wäsche; 0.05225327398511581
Hinweis; 0.05218745884485543
liegende; 0.05185453632293502
Viscoschaumkern; 0.05119209004078584
Tonnentaschenfederkernmatratze; 0.05074753914959729
wollen; 0.05029109647148289
hochwertigem; 0.04973302685539238
verspricht; 0.04950023101991974
wobei; 0.04925410551368259
maximale; 0.04899813677184284
ergänzen; 0.04836604409501888
praktischem; 0.04793817180325277
MID; 0.047914894166751765
worauf; 0.04741908386858995
Kind; 0.047259364366254886
kontaktieren; 0.04719005663355347
Optisch; 0.04713950472068973
abgezogen; 0.04684260248177452
Velours; 0.04636852501607791
harmonisches; 0.046014417057449464
Kilogramm; 0.045707097204285674
Reißverschluss; 0.0456832753989147
nie; 0.04561436487892934
Komforthöhe; 0.045531915697210934
Verbringen; 0.045476741484890226
Stimmung; 0.044917951308889315
toller; 0.04439954078407027
Tipp; 0.04434415007926873
max; 0.0441245608672034
Reich; 0.04406895246938802
Falls; 0.044061413733288646
