Wort; Durchschnittlicher Wert
Fläche; 0.04990706806711387
besonderen; 0.04822715929185506
geradezu; 0.04394955547468271
Variation; 0.04240229626884684
OMBRA; 0.040555830077209976
spiegelverkehrten; 0.040092705145070795
andere; 0.039421561057679355
aufhellt; 0.03759355733927805
offen; 0.036251484940294176
SAVONA; 0.03616257860630867
sogar; 0.03590157074359013
Ansprüche; 0.03478559397626668
Hund; 0.03456787101458758
Umklappen; 0.033925763942534104
Freunden; 0.03369419863156509
MIAMI; 0.03359050307335565
multifunktionale; 0.033518906333483756
Handumdrehen; 0.033271646534558386
bequemen; 0.03322945711261127
Steppungen; 0.032924157683737576
wäre; 0.032633773211273365
klassisch; 0.032607148721581325
Anthrazit; 0.0324273761943914
genügend; 0.03190405439636379
strapazierfähig; 0.031861176663369406
Couchtisch; 0.03162193178286543
oder; 0.031621258705854416
dennoch; 0.03132876136805862
SilberfarbenFußhöhe; 0.030994791368357255
Glas; 0.030899799027338304
Abende; 0.03088418411425664
Familie; 0.030641126300906762
Schrankklappbett; 0.030544379667844623
sehen; 0.030218101441278122
A; 0.030143013318593148
ausgewählt; 0.029766895313514397
HinweisStoff; 0.029673060875211377
Echtholz; 0.029535179142840207
Zubehör; 0.02952299773460254
würdige; 0.02940805292018922
aktuellen; 0.029302963870577514
besticht; 0.0292559617664665
Relaxposition; 0.029054706683382392
komfortable; 0.02900515147484839
BesonderheitenLattenrost; 0.02852497475396376
Großzügige; 0.028489346615970135
Art; 0.028451169942854904
Tablet; 0.02830285218078643
moderne; 0.028176826774142683
Wohnambiente; 0.028141705988673493
