Wort; Durchschnittlicher Wert
UNK; 0.14646419550990686
Bett; 0.14102919009746984
Matratze; 0.13588932616403326
Kopfteil; 0.13260821826770552
ZubehörDrucken; 0.12142601478262804
Schlafzimmer; 0.12065420386352343
aufgeräumt; 0.11932129494380206
Schlafmöbel; 0.11742102325661108
Bettes; 0.11639300528440799
interessante; 0.11493530930601992
klaren; 0.11487443640362471
Weitere; 0.1143768844922306
Wählen; 0.11276679518596211
Würfelform; 0.11251930371508934
gedacht; 0.11189870450471062
ALEXANDRA; 0.11051882256288081
KategorienSchlaftextilienNachtkästchenKleiderschränkeKomplette; 0.11028930413885973
des; 0.10966656344317016
Sondergröße; 0.10838153096847236
Liegehöhe; 0.10661212135164533
Bonellfederkern; 0.10556092331535183
anderem; 0.10515961132477969
KategorienPolsterbettenBoxspringbettenStauraumbettBetten; 0.10509575531250448
Holzdekor; 0.10442083316593198
durchgehenden; 0.10441976354923099
Linien; 0.10380116425221786
ausgestattet; 0.1034515508745244
Märchen; 0.10323905246332288
Bonellfederkernmatraze; 0.10201903170673177
einer; 0.10118137401877902
Er; 0.0991610135679366
SchlafzimmerDrucken; 0.09893849189393222
gesunden; 0.09838342171860859
Box; 0.09742069605272263
süße; 0.09729436808265746
Unterkonstruktion; 0.09724493603425799
Boxspringbett; 0.09700096934102476
allein; 0.09693434748623986
Weich; 0.09660556580638513
Bettladen; 0.09628944244468585
Holz; 0.09596810567927605
verschiedenen; 0.09564547567788395
Topper; 0.09431147808209062
Gewicht; 0.0940562739269808
luxuriöse; 0.09362560347653925
Knopfnaht; 0.09277286723954603
hat; 0.09225804926245473
aufgrund; 0.09091440049814992
Spediteur; 0.09005971696751658
Lattenrost; 0.08973607158986852
