Wort; Durchschnittlicher Wert
Mustern; 0.14665367046836764
Senfgelb; 0.11779451195616275
ihre; 0.09525442769518122
anzubieten; 0.08946727687725797
Vorzügen; 0.08724557526875287
erstrahlt; 0.0817448275629431
Big; 0.08054369740420952
mittelgroße; 0.07627044616674539
FALCO; 0.07626339179114439
Wohlfühlinsel; 0.07463363965507597
sollten; 0.07421008194796741
HAVANNA; 0.07404044736176729
Betthaupt; 0.06988798527163453
sitzend; 0.06818552725599147
Moderner; 0.06695994523761328
ausgestatteten; 0.06657155198627152
Vorstellungen; 0.06442058162065223
kuschelige; 0.06401499306957703
ruft; 0.06391106237424538
abnehmbarem; 0.06390489046680159
Wohnlandschft; 0.06320492972736247
CARISMA; 0.06304973748046905
Übernachtungsplatz; 0.06238638731883839
eingearbeiteten; 0.06159965298138559
Müdigkeit; 0.061587081087054685
Variation; 0.06103542126948014
Chromfarbene; 0.06083938659867272
Garant; 0.05835115058653173
überzeugender; 0.05773068277630955
modernem; 0.0575668684723496
Nachtkasterl; 0.05703833478037268
unschlagbaren; 0.056630328195751645
gestaltbares; 0.05652308957360219
Investieren; 0.056448138173436746
erlaubt; 0.056310602492885664
gewachstem; 0.056005843449383974
Schlafbereich; 0.055370316025801
Beautifiul; 0.055342120831483044
raffinierten; 0.05407207104144618
zeitgemäßen; 0.05391991860233247
zweckmäßige; 0.053527676791418344
formvollendete; 0.05307962911319919
aufs; 0.05258464007783914
dezenten; 0.05238460315740667
Doppel; 0.05220317904604599
umfassende; 0.051339516416192055
Mühelos; 0.05124107034134795
gradlinigen; 0.05096317338757217
Pakkaholz; 0.050635068949304696
Tablet; 0.05049980111652985
