Wort; Durchschnittlicher Wert
Pumpe; 0.1486312502529472
BESTWAY; 0.129432451329194
Gästezimmer; 0.12434224203298072
Luftbett; 0.12256821477785707
HAVANNA; 0.11547546065412462
AIRBED; 0.11336725048022345
mitgelieferten; 0.10492763656657189
Tragetasche; 0.10481719655217603
OUTDOOR; 0.10040203767130151
Ergänzung; 0.09843555488623679
QUEEN; 0.09785794635536149
schieben; 0.09746986033860594
elektrischen; 0.09721040283329785
Luca; 0.09582699474412948
erstrahlt; 0.09559805889148265
ungewolltes; 0.0950485927793352
entweder; 0.09464121435303241
inneren; 0.09400139434728771
verriegelnde; 0.09380353929009289
manuelle; 0.09315654664533213
beflockte; 0.09313002717681229
platzsparend; 0.09215899674745742
HinweisBitte; 0.09193811722798273
Mustern; 0.09137074201134965
unterwegs; 0.09103901749767829
Formschaum; 0.09027945098932832
Reparaturflicken; 0.09001239985809661
Style; 0.08909411966305925
Gelb; 0.08871987054590136
Bonellfederkernmatratze; 0.08864995348267257
hell; 0.08826379748643376
Dunkelgrau; 0.08687128504971042
wo; 0.0865016661118716
Minuten; 0.08595128345768899
Person; 0.08590822262158326
Bessoni; 0.08569927784265019
artige; 0.0856508495635353
beide; 0.08561814512358978
geruhsamen; 0.08555368446104694
dezente; 0.08485704159829766
fühlt; 0.0839877943508327
Schlafengehen; 0.08391724594912375
verbreitet; 0.08360646874643862
Kabel; 0.08329979164409451
vorgeprüften; 0.08329174638492987
Abrutschen; 0.08197125990409404
wohlige; 0.0819090620498173
Schnellverschlussventil; 0.08161620702594519
funktionelles; 0.08125721404212527
abgebaut; 0.08016574350403971
