Wort; Durchschnittlicher Wert
Kg; 0.12032701439420634
Anthrazitfarbenes; 0.09810568325156055
hellgrauen; 0.08787288456733222
Buchenholz; 0.08763875541626476
Fußform; 0.08746667936156882
fallen; 0.08228656140909152
max; 0.08063111971387116
braune; 0.08027331708217389
eindrucksvolles; 0.07689480386216019
Spannvlies; 0.07618482907810176
verbirgt; 0.07565060323213402
Hellbraun; 0.07564577040284348
ergänzen; 0.07535365081275813
ISO; 0.07514322425413411
CAMINO; 0.07491534247492382
diejenige; 0.07484436653521698
Kilogramm; 0.07476244334247895
Stunden; 0.07359400807945349
Falls; 0.07356313724449137
Viscoschaumkern; 0.07326784491124272
Wäsche; 0.07222172576621233
hochwertigem; 0.07220955626871728
lackiertem; 0.07217274232061754
Rollroste; 0.07040269464960147
Bedürfnissen; 0.07016309505797835
überraschende; 0.0699544838116708
Zier; 0.06974428578541847
dadurch; 0.06906309124678955
Komfortschaum; 0.06889578188020096
Kind; 0.06877287616407557
Farbtöne; 0.06799279460301477
Komforthöhe; 0.06789764848690538
worauf; 0.0676523574093153
Rahmen; 0.06757083242519002
Selbstverständlich; 0.06714186758836149
zertifiziert; 0.06701797449113656
Velours; 0.0669811533207394
CAMINIO; 0.06677945582123357
Eck; 0.06675238451316545
Paketgewicht; 0.06652443701204902
fest; 0.06647557013820915
Mischgewebe; 0.0664610490157429
BettfunktionDie; 0.06520257701777155
flachen; 0.06476966846094001
kombinierbar; 0.06463188943052955
DekorGesamtlänge; 0.06451825261228805
raumsparende; 0.0644187827119822
WohnlandschaftDie; 0.06398983245435375
Tipp; 0.06377948492809082
Kuschelecke; 0.06354126945916505
