Wort; Durchschnittlicher Wert
fest; 0.059087085181090515
Kg; 0.053540996996161994
Braun; 0.05011164679490321
LIVETASTIC; 0.049247644426941406
Hellbraun; 0.04709765340885497
Reißverschluss; 0.04610793846222805
Boxspringbettes; 0.044853861381852766
Lieferumfanges; 0.044225046895007836
Hinweis; 0.0385740295459982
Wertigkeit; 0.03799675494519761
höchste; 0.03792369900475023
üppig; 0.03768362604751019
Polyetherschaumkern; 0.037421578517069065
Komforthöhe; 0.037215313687966045
Selbstverständlich; 0.03696968518488575
LieferungLieferhinweisLieferung; 0.03682512713567121
Maschine; 0.03678409298299812
braunem; 0.03675091928380425
liegende; 0.0366372102216701
Richten; 0.036343043379019946
tauschen; 0.03575883146277192
vergessen; 0.03527505405509146
gewaschen; 0.034671618584980024
JUIST; 0.03459024160110857
mittleren; 0.03448150575422915
C; 0.03444457022851566
Vorteil; 0.034203313511739
Dunkelbraun; 0.03416782423977338
zukünftig; 0.03399707414791919
Zusätzlichen; 0.03391126436861214
wurde; 0.03388413800166745
Welt; 0.0337178977788426
anlehnen; 0.03355458470468875
stimmige; 0.03344997735257493
variabel; 0.03308909828592732
JONNA; 0.033037619868991897
Eck; 0.03291637368602096
Eichenholz; 0.03285580094961915
Rosa; 0.032855557548828074
versehen; 0.032850466119271005
unterschiedlichen; 0.032701096879463876
ergänzen; 0.0326965554504568
Vielseitigkeit; 0.032570595019933535
Kindes; 0.03251034879576764
Schlafgefühl; 0.03232320606184658
Sitzer; 0.03229305001696048
Herausziehen; 0.032256792204861995
wahlweise; 0.0320190256134083
weil; 0.031956514513694856
müssen; 0.0319077456206287
