Wort; Durchschnittlicher Wert
komfortable; 0.0994537752121687
Schlaffunktion; 0.09465190675109625
modernen; 0.09355533123016357
Reißverschluss; 0.0904346076422371
Denn; 0.0880121486261487
Polyester; 0.0876278867945075
werden; 0.08762031234800816
Lust; 0.08735560963395983
THOMAS; 0.08732956351013854
gekonnt; 0.08516618609428406
versehen; 0.08475396758876741
ihren; 0.08469541370868683
LAZY; 0.08380802068859339
angenehmen; 0.08235362730920315
Sitzmöbel; 0.08185900934040546
Abmessungen; 0.08142686448991299
verleiht; 0.0813490622676909
Auswahl; 0.08124918047542451
Federkernpolsterung; 0.08101631765021011
entscheiden; 0.0809602034278214
stimmiges; 0.07982051372528076
Linien; 0.07961674346006475
Grau; 0.07960661547258496
HinweisBitte; 0.0793423019349575
Fußhöhe; 0.07924871261275257
schaffen; 0.07921567559242249
Paketgewicht; 0.07920192697929451
ins; 0.07905451767146587
Entdecken; 0.0787344096461311
Set; 0.07845730893313885
Flair; 0.07824303171946667
weitere; 0.07691298483405262
Paketgröße; 0.07588829314045142
diejenige; 0.07554462292682729
Sehr; 0.0750206959201023
Besonders; 0.07482218462973833
Handgriffen; 0.07478703488595784
harmonisch; 0.07476729853078723
drei; 0.07453214935958385
Freude; 0.07434893981553614
sowohl; 0.07403390924446285
hoch; 0.07379989841138013
Dreisitzer; 0.07334749749861658
alles; 0.07285680109634995
lange; 0.07274555214098655
eines; 0.07268841622862965
Seele; 0.07197947148233652
LED; 0.07194718718528748
Füßen; 0.07165226474171504
gesondert; 0.07156181288337393
