Wort; Durchschnittlicher Wert
nötigen; 0.1788123685400933
Sonntagnachmittag; 0.16578686953289434
lackiertem; 0.14596627902938053
Farbtöne; 0.14012640388682485
Velours; 0.13560050748492358
Umfang; 0.13397448416799307
chromfarbene; 0.13328078421182
vergessen; 0.12699477619025856
royales; 0.12638947072264273
MAINE; 0.12290786375524476
Ehre; 0.11948898923583329
Lichtbeständigkeit; 0.11873316837591119
Himmelbett; 0.11744471173733473
Einrichtungsideen; 0.11682990327244624
kgHinweisDieser; 0.11663197664893232
ziemlich; 0.1165339620783925
Zustellung; 0.11642091011162847
gesamten; 0.11449830525089055
Rosa; 0.11372226275852881
unprätentiöses; 0.11309372412506491
SchlaffunktionBettkastenArmteilverstellungWellenunterfederungKopfteilverstellungSitztiefenverstellungInkl; 0.11299226392293349
NADJA; 0.11248952418100089
Spielzeug; 0.11245115625206381
Raffiniert; 0.11237340164370835
Wohin; 0.11202784901252016
naturfarben; 0.11097117076860741
Paketgewicht; 0.10933964606374502
Schlichte; 0.10854584322078153
Kindes; 0.10852670558961108
siebenten; 0.10733927274122834
Vintage; 0.10717259621014819
LINO; 0.1070931046269834
WohnlandschaftDie; 0.10679145436733961
natürlicher; 0.10636440187226981
Stöbern; 0.10627419900265522
Bordsteinkante; 0.10593224136391655
InformationenPaketgröße; 0.10544326769741019
trefflich; 0.10534754069522023
s; 0.10318454873049632
Himmel; 0.1028951679563761
optionales; 0.10186337257619016
Bonellfederkernmatraze; 0.10156286344863474
Reich; 0.10143141495063901
Buchenholz; 0.10119138800655492
Zusätzlichen; 0.10111868823878467
Plätze; 0.10103854901217346
Zugabe; 0.10098072508117184
Liefertermins; 0.10096983378753066
Wertigkeit; 0.10078647185582668
TERANA; 0.10028249537572265
