Wort; Durchschnittlicher Wert
Scheuertouren; 0.07080502427561441
Kleidungsstücke; 0.06289625648059882
beitragen; 0.05918300005396304
STYLISH; 0.05515759321133373
hochzulegen; 0.05257543150946731
stimmiges; 0.05246478358458262
LUKKA; 0.0524540270853322
Durchdachtes; 0.05141694675603503
bitte; 0.05116911833283666
Unterbringung; 0.05090464506065473
Mischgewebe; 0.050000687144347467
MID; 0.049139311362523586
weichem; 0.04881063988432288
ERNA; 0.04792721211561002
allerbesten; 0.04748051955630217
frisch; 0.04650089496408327
bestimmt; 0.04633308187476359
Bezügen; 0.04606333072297275
markant; 0.04452459063031711
kieferfarbenen; 0.0442070523640723
YOU; 0.04413414077134803
Einladung; 0.0432551327321562
Großes; 0.04280047835345613
zuhause; 0.042760740805533715
Wohnen; 0.042760689997521695
Farbvarianten; 0.042424715094966814
Kuscheln; 0.042060977619257756
Ihres; 0.04189066690742038
Namen; 0.04150067490263609
Farbton; 0.04118633901816793
Himmelbett; 0.04108808225282701
zweckmäßig; 0.04099899918946903
Pluspunkte; 0.04091704961444975
unverwechselbares; 0.04034837936706026
Tagesdecke; 0.04026144842009671
Gold; 0.040255745851027314
verschiedener; 0.039125615900047706
spielend; 0.0388801828639771
überraschende; 0.03856567155889934
KissenWellenunterfederungSchlaffunktion; 0.03853245199570665
Schlafplatzes; 0.03820454418018926
aufweist; 0.037899153743637726
unten; 0.03756674199394183
erweiterbar; 0.03747673111138283
Mondänes; 0.03737499799899524
Stilsicheres; 0.03721829710411839
hübsch; 0.037084771181980614
Malutensilien; 0.03687080157396849
spielt; 0.03686978036421351
unterzubringen; 0.03678668462089263
