Wort; Durchschnittlicher Wert
liest; 0.05109485567663796
wachen; 0.04491873934966861
abrunden; 0.043912408174946904
dieser; 0.04366418097833957
Absetzleisten; 0.04359684483279125
NIGHTLINE; 0.0416867155872751
Schon; 0.04152028771932237
PHILADELPHIA; 0.041313834853554
Langlebigkeit; 0.041059738461626694
Stone; 0.04099627779214643
CARROL; 0.04098684710334055
Weiteres; 0.04021504113188712
extravagante; 0.04014732813811861
aushalten; 0.03998906324704876
Ausführung; 0.039931450635776855
ROLL; 0.039885243895696476
Tage; 0.03941979685987462
welche; 0.0393805677886121
montiert; 0.03895083742099814
mehrere; 0.03892503264796687
schwarzen; 0.03830778825795278
großflächige; 0.03829896860406734
Richtig; 0.03825259145378368
Gute; 0.03815648250747472
Kleidung; 0.03804807403139421
An; 0.037402006824777345
unterzubringen; 0.03630440155393444
komplettieren; 0.035954330443928484
Ablagefächern; 0.035827094834530726
Abschluss; 0.035668223252287135
geschickt; 0.035463457461446524
Schaumstoffpolsterung; 0.035407990973908454
Passende; 0.035162597249836836
Betten; 0.034428442231728695
MERCURA; 0.03397443192079663
Beeren; 0.03389248246094212
Sachen; 0.033792079499107786
wandlungsfähiges; 0.033690762873447966
Bettgestell; 0.033637374828686006
optimalen; 0.03358614040189423
übrigen; 0.033302069328783546
ATLANTIS; 0.03303617593519448
am; 0.03296684756060131
Möbelstücke; 0.03278900099394377
BettkastenDrucken; 0.032643295235175174
entgehen; 0.032626988395350054
Verwandeln; 0.03254164720419794
MULTI; 0.032511451361642685
Schublade; 0.03172361553879455
Hebelautomatik; 0.0316797499981476
