Wort; Durchschnittlicher Wert
misst; 0.05331430348451249
bereich; 0.04769318441685755
unterstreich; 0.047519417724106464
dauerschlaf; 0.046487537957727906
liegeerlebnis; 0.0443734320695512
kopf; 0.04423998573474819
eyecatch; 0.04419655638048425
himmlisch; 0.043884464043549086
samtbezug; 0.04361766546207946
letzt; 0.04327348778169835
wiederum; 0.04324901603395119
naturbelass; 0.042880749108735475
ordnung; 0.04114254949381575
gefall; 0.04101655697595561
komfortschaumkern; 0.040982246841304006
verseh; 0.04067017615216173
fussenstilvoll; 0.040669046692437406
farbton; 0.040145797250806935
nylon; 0.039619183299510044
genutzt; 0.03945535378734348
erfull; 0.039002222702401924
greig; 0.038860067163022906
abnehm; 0.03858245447918307
geeignet; 0.03793328923056834
miss; 0.037887312300154005
friscokombini; 0.03729186235286761
entdeckendruck; 0.03696245512619498
anthrazitmaterial; 0.03687339361640625
wer; 0.03672955530346371
schliff; 0.03658034804975614
farblich; 0.03644516243948601
beig; 0.036293067465885544
kompletti; 0.036199525702977554
rahm; 0.036161875058314766
matratzenhoh; 0.036056196771096435
verraum; 0.03548017455614172
webstoffmax; 0.03547137131099589
silb; 0.03545801021391526
eck; 0.035290926878951724
asthet; 0.03526823803549632
darauf; 0.034921842940093484
pflegemontageanleitunghinweisstoff; 0.03459743889397941
liegegefuhl; 0.03444006429235742
textil; 0.0343834959086962
programm; 0.03433735754224472
alaska; 0.03413796399108833
matratzenfixier; 0.03374472595169209
angekundigt; 0.033739851182326676
geklappt; 0.03369851659517735
all; 0.03352876454591751
