Wort; Durchschnittlicher Wert
taschenfederk; 0.012892970102257095
bonellfederkernmatratz; 0.01280537304264726
liegekomfort; 0.012690821135765872
zugleich; 0.012496216926956549
hautfreund; 0.011292692313145381
sitzgeleg; 0.01121432682921295
korperkontur; 0.010963927464035805
schaumstoffk; 0.010752934387710411
zusammensein; 0.01072925809348817
kingsiz; 0.010637426019457052
carolina; 0.010445528873242437
genev; 0.01025319251930341
carbonstahl; 0.010236862416604708
ebenfall; 0.009948271847679279
flexibel; 0.009822131489636376
gesicht; 0.009619532836950384
verleih; 0.009600461344234645
kontinentalmatratz; 0.009463011084699246
abend; 0.009443237313826102
herz; 0.009441157353194285
funffach; 0.009332324800925561
erwartet; 0.009293152854661457
eckig; 0.009275887481635436
anspruch; 0.009213195295887999
domino; 0.009148619017651072
zylindr; 0.009110392705042613
betret; 0.009061708870285656
seit; 0.009005755960970419
belast; 0.008998871603398583
aufgrund; 0.008985799242509529
edelstahl; 0.0089808182179695
extras; 0.008979618466401006
carisma; 0.008901910856366158
sitzeck; 0.008872540063748602
zieht; 0.00885394519136753
benot; 0.008850233827251941
eingearbeitet; 0.008818566252011805
entgeh; 0.008795917403767816
geschmack; 0.00876485223925556
kunstled; 0.00875696881848853
moment; 0.008677461763727478
montiert; 0.008631763479206711
anpasst; 0.008606817717372905
komplettiert; 0.008579054331858061
doppel; 0.00857811246678466
eingebaut; 0.00844085777644068
vollend; 0.008440373763733078
uberzeug; 0.008389692808123073
dynam; 0.008383563568349928
stand; 0.008317335193896724
