Wort; Durchschnittlicher Wert
silb; 0.036917378045473015
himmlisch; 0.03681958715897053
goldfarb; 0.03651422982802614
erweist; 0.035388827799215504
misst; 0.03525672511150333
genutzt; 0.03519370951762539
verraum; 0.034816625759413
griff; 0.03462677616626024
fussenstilvoll; 0.03436423452512827
kompletti; 0.03380848349770531
ordnung; 0.03346666690194979
unterstreich; 0.03269749002502067
wiederum; 0.0325289738131687
hol; 0.03230770175723592
hochwert; 0.03223037767129426
matratzenhoh; 0.03217428916832432
bereich; 0.03207915892780875
umfunktioni; 0.03138781942834612
aufgebaut; 0.031002102004276822
eich; 0.030981355981202795
dauerschlaf; 0.03068757021683268
platzangebot; 0.030570829984208105
ablageflach; 0.030449818276247244
farbton; 0.029921607000324
melinda; 0.029903827526140958
nylon; 0.02980391827732092
naturbelass; 0.02968395481002517
liegegefuhl; 0.029583474397804822
geklappt; 0.02949078504461795
asthet; 0.02935759493848309
letzt; 0.029201736703544156
elefantenmotiv; 0.029087268305011092
beig; 0.02902756786934333
unverwechselbar; 0.028997207793872805
pflegemontageanleitunghinweisstoff; 0.028872422364656813
greig; 0.028694708239345345
griffloch; 0.028589384898077698
liegeerlebnis; 0.02849404622320435
wangenform; 0.028409038376412354
eyecatch; 0.028398518884932854
erzeigt; 0.02822343502448348
wach; 0.02817814560548868
hierbei; 0.02816896783406264
farblich; 0.028013963636476548
polyurethanschaumkernhartegrad; 0.02801261322310893
eld; 0.027969905760255643
versprech; 0.02795048227708321
pyjamaparty; 0.02794835141976364
nosagunterfeder; 0.027913781347160695
angekundigt; 0.027740188033203595
