Wort; Durchschnittlicher Wert
dunkelblaumaterial; 0.024980755584692815
fjord; 0.02362670466391137
fehl; 0.02337673287547659
vielfalt; 0.022692150119837606
noppenstruktur; 0.021147283892787527
leer; 0.021060101556940936
clipso; 0.019502093327901093
heimkino; 0.019459781939076493
massivholzrahm; 0.019457790374872275
bettelement; 0.019422436217610084
verraum; 0.01934582387912087
juist; 0.0193182058428647
mad; 0.019145193102303892
antoni; 0.018810174740792718
ikar; 0.018509515419282252
haushalt; 0.01829800021732808
maschin; 0.018277556338944123
lookhinweisein; 0.018029681072221138
wasch; 0.017806746572659904
sieihr; 0.01771100752375787
nachtkonsol; 0.017601736515644006
kronend; 0.017581359159521526
kgdie; 0.017551539399391913
gereinigt; 0.017496046179076075
stauraummobel; 0.017391023080563173
uneb; 0.017062892293324694
avara; 0.016971818966339924
lati; 0.0168608300446067
wohnzimmerauch; 0.01675107367827877
wertig; 0.016628108925942797
patch; 0.01652387064495997
einrichtungskonzept; 0.016150412000570213
dekorgesamtlang; 0.016119043232720287
kunststoffgestell; 0.015885775414062664
anblick; 0.01586582231175271
derweil; 0.015668355470779716
germany; 0.015601704328219057
knopfstepp; 0.015577398364257533
unruh; 0.01546019015222555
paar; 0.01543958916045085
korp; 0.01519999264451144
deko; 0.015096180190084851
unterhalb; 0.015027179410935787
santa; 0.014840408781310543
aronuberlasst; 0.014836414151432109
kategorienwohntextilienvorhangestehleuchtenwohnzimmertischedruck; 0.01478423493244918
vorschein; 0.014749076450243592
langjahr; 0.014712502634210978
heimlich; 0.014599786917642632
kompatibel; 0.014533787049003877
