Wort; Durchschnittlicher Wert
naturbelass; 0.036763579584658146
anstreng; 0.03430374506569933
erstand; 0.03266188888301258
formlich; 0.03184048394723504
fussenstilvoll; 0.031505075268796645
vorteilhaft; 0.030880350852385163
pflegemontageanleitunghinweisstoff; 0.02966964294319041
erzeigt; 0.0296052625781158
platzangebot; 0.02951980250509223
uberzog; 0.02850821276570059
aufgebaut; 0.02826949450536631
mondscheinblau; 0.02782658428805007
hinweisepaketgross; 0.02757458707492333
camelfarb; 0.02754296493367292
montageanleitunghinweisbitt; 0.02708618239921634
saba; 0.02617835243290756
stahlgestell; 0.025849205812846776
beigefarb; 0.02581456073858135
greig; 0.02565881425380212
verlass; 0.02558180792038911
paneel; 0.025570601802883175
dunkelgrun; 0.024929071573296824
positionier; 0.024810654933389742
liegequalitat; 0.02436507626043749
prasenti; 0.024239753581014156
gleich; 0.02416053906927118
relax; 0.024118461384205148
funktioni; 0.024017157211346785
rundrohrbein; 0.024013881076825783
ordnunghalt; 0.023973840703547467
einemmodern; 0.023884732618171256
mondan; 0.023537324982044083
patch; 0.023482214557589032
misst; 0.02328142648912035
christiano; 0.02322518425353337
gesellt; 0.023129661574785132
erweitert; 0.023112595321435947
manuell; 0.02308608381611066
parallelnaht; 0.02293045829719631
bettanlag; 0.02289119581973864
moneta; 0.02287516942305956
jeglich; 0.022872862158692442
wohnelement; 0.022531770831847098
jamatratzenk; 0.022477044600236695
barockmobeln; 0.022421193378022508
flachgewb; 0.02217310770356562
erledigt; 0.02216973937174771
aufbewahrungsbox; 0.022168535750097362
verborg; 0.02213949378892721
punktuell; 0.022124156275822315
