Wort; Durchschnittlicher Wert
Luftbett; 3.8186997350203455
bequem; 3.001714394067676
integrierter; 2.9085102302698944
ab; 2.8920701270413702
Oberfläche; 2.866849582717259
Bitte; 2.82203549999831
Drucken; 2.815645785997913
bestellbar; 2.805248119918906
beachten; 2.78674084560771
aber; 2.715697702754551
dort; 2.713484733684891
der; 2.6559107894260707
abgebildete; 2.580351034896739
ausgestellt; 2.5784742934949465
einen; 2.5242894069677275
Personen; 2.519235839222529
Marke; 2.512080151653572
einfach; 2.509648999031924
gefertigt; 2.504065503025777
Filialen; 2.488123669565539
unseren; 2.4807259721712853
eignet; 2.4795506482376366
Übernachtungsbesuch; 2.474912734302052
HinweisDieser; 2.446861314013404
Eine; 2.4021383423500082
Auf; 2.400321931825238
Schlafkomfort; 2.3914080985807233
Artikel; 2.3806613833675327
Die; 2.349853111221455
über; 2.331452462530433
Schlafplatz; 2.30527497590374
Ob; 2.239445617181991
Gästebett; 2.199692497221804
einmal; 2.1752706530540307
nicht; 2.0930972598400333
großen; 2.0899360633713515
Dekoration; 2.0633444565406536
beim; 2.044174134421337
bequeme; 2.033854603504733
zu; 2.006388856254671
bis; 1.9374455943825524
bestens; 1.9177990961208706
ob; 1.7078184852696723
können; 1.4005474627789227
lädt; 1.354961657289823
wenn; 1.2415629671035275
Kunststoff; 1.1779768910026178
Bequemes; 1.1571639007750492
rundet; 1.0715255229501053
schon; 1.054280341991398
Dann; 1.028640637929857
seinem; 0.8572759099206451
Top; 0.738252924660992
schnell; 0.710989902394067
haben; 0.6382795897312462
integrierten; 0.6265246906434185
integrierte; 0.6198109254750307
Besonders; 0.614699624448258
Bequemlichkeit; 0.5977735431006295
finden; 0.3229742007504683
drei; 0.2963254516122106
wird; 0.2147819883772172
dass; 0.20943516138213453
alle; 0.18740627257720915
gemütliche; 0.10069901328533888
