Wort; Durchschnittlicher Wert
Luftbett; 3.0371684804558754
Oberfläche; 2.931023225095123
Personen; 2.9280368024483323
der; 2.8822375226765873
zu; 2.8620613402687014
L; 2.793674158491194
für; 2.7901962319388987
mit; 2.77126091690734
cm; 2.7654840923845767
von; 2.7606131485663354
Drucken; 2.7567539382725954
Das; 2.75521887075156
B; 2.7546426294371487
x; 2.7509118098765613
UNK; 2.746158662531525
ist; 2.742465526238084
und; 2.7418710239231587
aus; 2.7223911517299713
Schlafplatz; 2.7203998268581926
integrierter; 2.7191150000318887
Platz; 2.69156308285892
bequem; 2.6771174794062973
Sie; 2.6748154326342046
in; 2.672630972135812
HinweisDieser; 2.6724991926923396
die; 2.6697771874256433
wird; 2.6635010848753153
einfach; 2.6631898504681883
bis; 2.6254181737080216
Gästebett; 2.6108808560296892
als; 2.504433228820562
großen; 2.4290490482002496
eine; 2.4180969514884056
das; 2.391025240533054
Die; 2.246656520292163
einen; 2.12227788195014
Filialen; 2.1024169325828552
Eine; 1.8713993135839702
nicht; 1.8288062901236117
bestellbar; 1.825525974854827
im; 1.8192644244991243
Ob; 1.7524973720312118
Bitte; 1.7143213246017694
aber; 1.7049078732728957
Lieferumfang; 1.6980941155925393
unseren; 1.5754094796255231
dass; 1.5749202217906713
dort; 1.5678467339836062
Dekoration; 1.5478868966922164
ausgestellt; 1.4500743061304093
kg; 1.4496466740965843
beachten; 1.4203548435121776
abgebildete; 1.4200352277606725
Artikel; 1.2944888385944069
enthalten; 1.2845880058594048
Auf; 1.166300830245018
oder; 0.9388587590306997
Schlafkomfort; 0.933955455943942
dieses; 0.6730472549796105
Besonders; 0.6517625000327826
beim; 0.5423732753843069
sorgt; 0.5266439542174339
Übernachtungsbesuch; 0.5225598450750113
können; 0.5063063699752093
Ihren; 0.39460140466690063
Handumdrehen; 0.3817879971116781
finden; 0.2620832841843367
Kunststoff; 0.13336204923689365
Bequemes; 0.13140826113522053
Hause; 0.13032718151807784
Marke; 0.12817452028393744
