Wort; Durchschnittlicher Wert
Luftbett; 3.7921053684025536
bequem; 3.0054743066983063
ab; 2.914388404368947
integrierter; 2.878343536629109
Oberfläche; 2.8500672428373948
Bitte; 2.806595517601818
bestellbar; 2.7924323253642798
Drucken; 2.7647261168327533
beachten; 2.7638405113611952
dort; 2.698633842079289
aber; 2.6785902293115216
der; 2.6261630084853094
ausgestellt; 2.555313204669801
abgebildete; 2.550976194138639
gefertigt; 2.550678584424895
einen; 2.52454825073728
Marke; 2.5101165489497363
Personen; 2.507541862839571
einfach; 2.477630527286601
unseren; 2.474064244820693
Filialen; 2.456838080972375
Übernachtungsbesuch; 2.4548766719934063
eignet; 2.44758540619805
HinweisDieser; 2.4253206039338693
Auf; 2.397263252304401
Eine; 2.39699841029942
Schlafkomfort; 2.376550158474129
Artikel; 2.3506970512904446
Die; 2.331153151435319
über; 2.30526281860366
Schlafplatz; 2.3005358648180847
Ob; 2.201631992062903
Dekoration; 2.1606748462712857
einmal; 2.076235279678076
beim; 2.0302564623198123
Gästebett; 1.9890932686350424
nicht; 1.9872727529367693
großen; 1.971100116121852
bequeme; 1.7783793811111537
zu; 1.6933546938213113
ob; 1.693220938218292
können; 1.5025839548674411
bestens; 1.472175251876979
Top; 1.4506970248068682
bis; 1.3192609320831252
Besonders; 1.2612792639178223
lädt; 1.2434866301773582
rundet; 1.2402790132575319
wenn; 1.2152865228315932
schon; 1.1336693863151595
seinem; 1.0451976885437033
Dann; 1.0258432686445302
integrierte; 0.8234042635689548
schnell; 0.8112155480950605
Bequemlichkeit; 0.8076444232516223
Kunststoff; 0.7502181068295612
finden; 0.745407453054213
Bequemes; 0.7350951746746432
haben; 0.5309258254288579
wird; 0.43577839802310336
integrierten; 0.40838924367708385
drei; 0.40375310164527034
alle; 0.2882791775569785
dass; 0.22358763606753201
