Wort; Durchschnittlicher Wert
Räumen; 0.7011936884373426
HinweisBitte; 0.6975417789071798
große; 0.5844676400301978
bis; 0.5684018125757575
Boxbett; 0.5618506893515587
KategorienSchlaftextilienNachtkästchenKleiderschränkeKomplette; 0.5523797529749572
Grau; 0.5522867983672768
kleinen; 0.5448129698634148
Einschlafgeschichte; 0.5417740065604448
Nutzen; 0.5387923950329423
SchlafzimmerDrucken; 0.5317465141415596
leichtgängigen; 0.5285399276763201
Krimi; 0.526720205321908
Bonellfederkernmatratze; 0.5236048679798841
grauen; 0.5169855379499495
Zusätzlicher; 0.5164571171626449
beliebt; 0.5160922547802329
Wotan; 0.515790288336575
Schlafzimmer; 0.5141715438221581
Stellen; 0.5119579387828708
Traumbett; 0.5117501327767968
Liebesroman; 0.51072299759835
seitlichen; 0.5061713811010122
neues; 0.5011066682636738
Ihrem; 0.49899190478026867
sodass; 0.4980807062238455
II; 0.49785889219492674
AZURRO; 0.4977093916386366
Regalfächern; 0.4938374636694789
GENEVE; 0.4919910514727235
Höhe; 0.48814838204998523
gefertigt; 0.4871368440799415
Liegehöhe; 0.48105655843392015
leicht; 0.4807170759886503
großzügigem; 0.4742369335144758
Entspannung; 0.4709359873086214
Schlafunterlage; 0.47022608667612076
grauem; 0.469987609423697
verbreitet; 0.46746905613690615
schätzen; 0.46676140930503607
interessante; 0.46595974976662546
Unter; 0.4647206235677004
CAROLINA; 0.4624399896711111
UNK; 0.4586319287773222
Schöner; 0.45857267919927835
Beim; 0.45810721814632416
inkludierten; 0.4573097936809063
wissen; 0.45665360940620303
Topper; 0.45551134389825165
Bett; 0.4545312427508179
