Wort; Durchschnittlicher Wert
Luftbett; 3.7991776286762615
bequem; 2.9994580014797974
ab; 2.9362206366109604
integrierter; 2.8660882619253245
Oberfläche; 2.8567262177093653
Bitte; 2.808491917736319
bestellbar; 2.8066021019010803
beachten; 2.7838799987457605
Drucken; 2.765616847651836
aber; 2.7072814263978215
dort; 2.690873121034747
der; 2.6513737638919337
ausgestellt; 2.5710845941970546
gefertigt; 2.5613687970253523
abgebildete; 2.5488980580008502
einen; 2.529266008534614
Personen; 2.526925571731772
Marke; 2.512865659035742
einfach; 2.478936534247714
Filialen; 2.473211752808493
unseren; 2.46291411380493
HinweisDieser; 2.448199953974563
Übernachtungsbesuch; 2.445398275131447
eignet; 2.431062986473262
Eine; 2.3959906823321946
Auf; 2.3899255553535115
Schlafkomfort; 2.369725403049961
Artikel; 2.3650608564335927
Die; 2.3388778056769297
Schlafplatz; 2.3160007441128982
über; 2.288883550990795
Ob; 2.225400936643564
einmal; 2.190277040468209
großen; 2.163164518634221
Dekoration; 2.1543629243937175
beim; 2.1402863483941474
Gästebett; 2.084772239797894
nicht; 2.0764239368334527
ob; 2.0244345367649657
zu; 1.9741004467706715
bequeme; 1.877070433740664
bestens; 1.5752454980935
schon; 1.571540943234868
lädt; 1.5713967553507246
rundet; 1.5710720366481836
Bequemes; 1.48107577371793
Dann; 1.4671662017906784
Top; 1.4609564161452
seinem; 1.3728858989285073
bis; 1.196266988388561
können; 1.058504463873578
wenn; 0.8214370846952079
Besonders; 0.8186832026010962
Kunststoff; 0.817682856155443
integrierten; 0.7250150384672451
Bequemlichkeit; 0.4984351901104674
schnell; 0.40845420059049503
integrierte; 0.32259717019951495
haben; 0.2073648444376886
drei; 0.2003022534074262
finden; 0.11212485824871692
wird; 0.10979279211842367
dass; 0.10782608407662338
alle; 0.10187924331985414
