Wort; Durchschnittlicher Wert
Luftbett; 3.835358391821501
bequem; 3.049485620204359
ab; 2.9228053105660363
integrierter; 2.9030386055950657
Oberfläche; 2.8968831274498372
bestellbar; 2.846251953965111
Bitte; 2.840153349858883
beachten; 2.819918972456071
Drucken; 2.775591980119498
dort; 2.7453415694002614
aber; 2.7440306300610247
der; 2.702023995625825
ausgestellt; 2.6013079302987534
abgebildete; 2.570542622787616
einen; 2.568181285858009
Personen; 2.558577901480021
gefertigt; 2.5538481204290293
einfach; 2.546540812649346
Filialen; 2.535669302609949
unseren; 2.5294043265468646
Marke; 2.5154592843261527
HinweisDieser; 2.4967237790204306
Übernachtungsbesuch; 2.4893309361461435
eignet; 2.4445320699654984
Eine; 2.4251259484495677
Artikel; 2.4108088364693687
Auf; 2.4097194641528406
Die; 2.387890773410618
Schlafkomfort; 2.3850294098301674
über; 2.3120013166495483
Schlafplatz; 2.3107037935595143
Ob; 2.254060481851411
nicht; 2.2430103661057728
einmal; 2.2049364149010215
großen; 2.187536496720713
beim; 2.1599687967267527
Dekoration; 2.156497778846642
zu; 2.1188094460523645
Gästebett; 2.089857105054398
bequeme; 1.9076181626056496
können; 1.6923091046026912
bis; 1.6366460277512487
Bequemes; 1.5623129746534687
bestens; 1.4891115413076477
ob; 1.4862463441314504
Dann; 1.4581929414878687
seinem; 1.3656404729714269
lädt; 1.1632241793702633
rundet; 1.1499856217589695
schon; 1.0570542950648814
wenn; 0.9536827287018241
Kunststoff; 0.8485151656124799
haben; 0.8330249560940501
schnell; 0.7352297083284611
Besonders; 0.7303088576649316
Bequemlichkeit; 0.719250916573219
integrierte; 0.6319346522075648
Top; 0.6202840748359449
integrierten; 0.40363076191279107
finden; 0.32849547690711917
drei; 0.31245295284315944
wird; 0.2184326583694201
dass; 0.11021273313090205
