Wort; Durchschnittlicher Wert
nur; 0.138581074308604
vollenden; 0.1336125829257071
Boxhöhe; 0.13190978823695332
Flecken; 0.12973850750131533
Couch; 0.1265805964358151
Polyetherschaumkern; 0.12566654605325311
Kissen; 0.12534841196611524
Webstoff; 0.12346955947577953
Marke; 0.12342599139083177
feuchten; 0.12265891319839284
haben; 0.12256239075213671
überzeugenden; 0.12248237035237253
unter; 0.12053245061542839
sechs; 0.1196958125801757
einmalig; 0.11954021407291293
konischen; 0.11900303926086053
THOMAS; 0.11734149418771267
Tee; 0.11725595570169389
extra; 0.11668887705309317
elegante; 0.11606320718419738
Linien; 0.11573082767426968
vermittelt; 0.1152637650957331
Das; 0.11220641998806968
sie; 0.11142080719582736
SchlaffunktionBettkastenArmteilverstellungWellenunterfederungKopfteilverstellungSitztiefenverstellungInkl; 0.11066750210011378
dazu; 0.10986147708899807
Dreisitzer; 0.10985799400987162
perfekte; 0.10973899066448212
gewischt; 0.10958520316125941
hält; 0.10951307695358992
UNK; 0.10947991639841348
dieses; 0.10947895515710115
zusagt; 0.10926957335323095
Wohnlandschaft; 0.10904201702214777
Anthrazit; 0.10894598776940256
bei; 0.10756075102835894
Zweisitzer; 0.10748711600899696
Perfekt; 0.1073056748136878
Oberfläche; 0.10692775109782815
darauf; 0.10687422170303762
Weich; 0.10668723692651838
Schlafmöglichkeit; 0.10514508932828903
integrierten; 0.10500987572595477
saubermachen; 0.10472392776136985
Körper; 0.10450432357902173
praktische; 0.10435016895644367
JAMES; 0.10414148373820353
schlummern; 0.10406240365409758
Ehre; 0.10405356052797288
OMBRA; 0.10396210965700448
