Wort; Durchschnittlicher Wert
es; 0.1188597606960684
eine; 0.10783407458802685
sind; 0.10014402921660803
auch; 0.09589748005964793
kann; 0.09327120554189605
sowie; 0.08912218052137177
große; 0.08560391678474844
Kiefer; 0.08407502016052604
seiner; 0.08110248579760082
über; 0.079886065563187
Zum; 0.07950157229788601
dem; 0.07906916720094159
passt; 0.07894468895392492
bequem; 0.07875901502848137
Möbel; 0.07867034519586014
verstellbaren; 0.07826447948173154
Couch; 0.0767700549113215
Zuhause; 0.0760374793471783
Hingucker; 0.07565571541317695
natürlich; 0.0745123784217867
für; 0.07439897326548817
Wohnlandschaft; 0.07367955206427723
Rückenkissen; 0.07364608254283667
zusagt; 0.07326990022556856
haben; 0.07240602016099729
großzügigen; 0.07204420492053032
schicken; 0.07158761448226869
liegen; 0.07149266277701827
H; 0.07113393323379569
Polyester; 0.0707499379714136
Entspannen; 0.06982124084606767
enthalten; 0.06913197773974389
Körper; 0.0686147466476541
Webstoff; 0.06858900134102441
kg; 0.068382984114578
ist; 0.06758659228216857
wie; 0.06741262969444506
PreisNeben; 0.06696484342683107
sie; 0.06652433873387054
ein; 0.06646915199235082
links; 0.06616820045746863
punktet; 0.06584625790128484
machen; 0.06524403255798461
Praktisch; 0.06481096111586737
Form; 0.06471464387141168
dabei; 0.06460369398701005
Raum; 0.06438769355008844
breiten; 0.06430552119854838
bieten; 0.06395821408659685
schöne; 0.06391453456308227
