Wort; Durchschnittlicher Wert
anzulehnen; 0.07191570643044543
angenehmem; 0.054868777515366673
Integrieren; 0.0535656776628457
stehender; 0.05289686673495453
NOVA; 0.05170118862588424
Wohnkonzepts; 0.05167368019465357
wohlverdienten; 0.050810026470571756
raumsparende; 0.05008121021091938
mittelfester; 0.049461465096101165
ALASKA; 0.04853125911904499
Finden; 0.04836847147089429
abgezogen; 0.04705173425099929
Ausstrecken; 0.04661669392953627
LASSE; 0.04563212409266271
Wände; 0.04485397576354444
Bettanlage; 0.04341175581794232
rechteckige; 0.043406321462498454
Maschinenwäsche; 0.0432571619094233
spielend; 0.04293260769918561
Lattenroste; 0.04263722151517868
positioniert; 0.04258582429611124
Schlichte; 0.04250230162870139
hebt; 0.042335576785262674
Des; 0.04221826506545767
AREZZA; 0.041995191102614626
Zertifikaten; 0.04114737680902181
InformationenPaketgröße; 0.04107726505026221
Welt; 0.040974994422867894
variieren; 0.040896571008488536
dreifache; 0.040561094632721506
persönlichem; 0.040206122590461746
Luxuriöse; 0.040017668274231255
Zeiten; 0.03982296964386478
eleganter; 0.03945914767245995
üppig; 0.03941658843541518
Zufall; 0.03937790135387331
Textiloberfläche; 0.03880844207742484
sich; 0.038478014612337574
SchlaffunktionRückenkissenBettkastenWellenunterfederung; 0.03825048916041851
Schlafbereich; 0.03814487985800952
XL; 0.03801467455923557
Zonen; 0.037718982581282035
Sitzpolster; 0.03767415741458535
geradliniges; 0.03756245307158679
stilvolle; 0.037553653586655855
kaum; 0.03736699931687326
LOTAR; 0.03733752861444373
Dreiersitzer; 0.03732488102696152
Einrichtungsideen; 0.037315109715564176
höheren; 0.03730265120975673
