Wort; Durchschnittlicher Wert
wird; 0.06759956426685676
erholsame; 0.0673158006079575
schalten; 0.06686144100967795
in; 0.06467038101982325
Das; 0.06434516818262637
ca; 0.06293635908514261
keine; 0.061386036657495424
Möbelserie; 0.06068046797008719
x; 0.06008425273466855
lange; 0.05950667806791898
erholt; 0.0572981710829481
dafür; 0.057274565275292844
persönliche; 0.05700053672433114
abgebildete; 0.056541450205259025
Augen; 0.05640366789884865
optimal; 0.05597791222680826
offen; 0.055796718545025215
unterwegs; 0.055666423111688346
grauen; 0.055365414707921445
bequeme; 0.05514586760546081
H; 0.054492500494234264
Bett; 0.05381117120850831
Gesamtmaßen; 0.05360662078601308
und; 0.05286156514193863
Serie; 0.0528154736966826
hohen; 0.05257616727612913
pure; 0.05250943721694057
Gäste; 0.05228242254815996
einer; 0.05213697359431535
macht; 0.05174634073046036
tollem; 0.05160066514508799
Modernes; 0.051442033611238
die; 0.05135593959130347
Platz; 0.05129523971118033
Schwebetürenschrank; 0.051104561061947607
BQ; 0.05101319929235615
U; 0.05073445860762149
Standfüße; 0.0507330751279369
Wecker; 0.05065614925115369
fügt; 0.05055373455979861
Klappbett; 0.05050068162381649
weißes; 0.05003449314972386
perfekte; 0.04989333497360349
praktischen; 0.049661857599858195
Kombination; 0.049638927943306044
der; 0.04934048536233604
größtmögliche; 0.04918665206787409
vergleichen; 0.04911657102275058
fünf; 0.04892547527560964
bezogen; 0.0487895114638377
