Wort; Durchschnittlicher Wert
C; 0.1099770437576808
Viscoschaumkern; 0.10932517099718098
MARA; 0.10745467590459157
falls; 0.10709434992168099
Tonnentaschenfederkernmatratze; 0.10664934612577781
Anthrazitfarbenes; 0.10484263161197305
Boxhöhe; 0.10359562328085303
seines; 0.087517164851306
Verstauen; 0.08610702398073045
Feeling; 0.08588105376111344
aufladen; 0.0855003152878453
Tonnentaschenfederkern; 0.08478008006932214
Wirbelsäule; 0.08403868824825622
Maschine; 0.08402946428395808
verteilt; 0.08227402441843878
hölzernen; 0.08110472373664379
Kg; 0.07905986952391686
Luxuriöser; 0.07650171175191645
Stimmung; 0.07608231224003248
Liegeposition; 0.0747563560726121
Ab; 0.0744300576261594
geschlafen; 0.07396892097312957
siebenten; 0.07374388142488897
Premium; 0.07347296926309355
Inneren; 0.07283987590199104
Schichten; 0.07273411424830556
nie; 0.07205414900090545
bettet; 0.0699582121160347
Must; 0.06826397524491767
einladend; 0.06792206269165035
Komfortschaum; 0.06745081028202549
Körper; 0.06743919069413096
Verstellbarkeit; 0.06554253814101685
Hellgraues; 0.06553205609088764
Geheimnis; 0.06494296414894052
Fernbedienung; 0.06470381762483157
hochwertiger; 0.06451023372937925
unverwechselbares; 0.06408313754218398
Boxspringbetts; 0.06398838293534936
mittelhartes; 0.06360335683712037
gleichmäßig; 0.06351103616907494
circa; 0.06313803177908994
aufweisen; 0.06267849532014225
KontinentalmatratzeDas; 0.062267318317026366
Ebenen; 0.06153180715045892
Reich; 0.06119520729407668
Obermaterial; 0.06118385729496367
Schlafs; 0.06065648209732899
Reißverschluss; 0.06036458315793425
Basis; 0.06018445486552082
