Wort; Durchschnittlicher Wert
grau; 0.949210749939084
gross; 0.9290087120607495
hinweisbitt; 0.927526330575347
ombra; 0.8075136048719287
luftbett; 0.7777151633054018
t; 0.7772720677312464
bestway; 0.764160068705678
modern; 0.7472569062374532
weit; 0.7442813157103956
b; 0.7325418078107759
h; 0.7321419003419578
drei; 0.7305264268070459
ca; 0.7259009808767587
webstoff; 0.7208885569125414
beflockt; 0.7140046274289489
interessant; 0.6991844987496734
hoh; 0.6977893635630608
weiss; 0.6908562448807061
erholsam; 0.6828272212296724
sitzgeleg; 0.6781883975490928
boxbett; 0.6751904049888253
x; 0.6744846024084836
schlafzimm; 0.6716168229468167
schaff; 0.6705392310395837
cm; 0.6598971448256634
gleichermass; 0.6592770740389824
geraum; 0.6565791945904493
kategorienschlaftextiliennachtkastchenkleiderschrankekomplett; 0.6537846839055419
schlafsofa; 0.6532025709748268
schlafzimmerdruck; 0.639455228112638
inkludiert; 0.6365665150806308
abgebildet; 0.6350377917842707
hautfreund; 0.6321590142324567
aktuell; 0.6290546841919422
genev; 0.6265063248574734
dekoration; 0.6253464770052233
enthalt; 0.6245632165664574
entspann; 0.6186560075730085
bett; 0.617461554815236
beacht; 0.6152023599570384
komfortabl; 0.6150532846804708
einzelbett; 0.6142461416311562
lieferumfang; 0.6139184349449351
pump; 0.6134217586368322
ideal; 0.61263342294842
lasst; 0.6104806868825108
empfehl; 0.6091074971482158
l; 0.6091067041270435
leicht; 0.6091003185138106
einlasstief; 0.6083962032571435
