Wort; Durchschnittlicher Wert
luftbett; 3.9408592627314647
pumpe; 3.34813950197713
ab; 3.041424158124573
integrierter; 3.0001904749224195
oberfläche; 2.9744335940820745
personen; 2.6862482246180663
marke; 2.601499082420196
übernachtungsbesuch; 2.5353616405715003
schlafplatz; 2.367086100097731
großen; 2.3621909914116257
gästebett; 2.2673077489816933
dank; 2.25888617742894
bestens; 2.169063724011721
integrierte; 2.1549049240755265
bequeme; 2.154154627754906
drucken; 2.137136598111829
integrierten; 2.124872066581156
ideal; 2.113074934258475
schlafkomfort; 2.0958185368028355
kunststoff; 2.0776061035598103
bequemlichkeit; 2.071689280241844
platz; 2.056952383847238
rundet; 2.0437393310148764
praktischem; 2.0405543074099115
top; 2.0395540748322674
lädt; 2.039373387156229
gerade; 2.037350030237576
drei; 2.03668120010916
komfortables; 2.0146520559200782
gemütliche; 1.9820652449736371
finden; 1.9395091070928174
schnell; 1.911818815627339
hause; 1.8971457815001487
nichtgebrauch; 1.872723552773823
hinweisdieser; 1.8344966940498124
platzsparend; 1.785839594108984
beim; 1.7827137826585386
verstaut; 1.6506409436783542
besten; 1.6231283291403087
l; 1.5741056110173304
macht; 1.5530271288807853
egal; 1.534478043951094
übernachtungsgäste; 1.4939926566948998
spontane; 1.4922232184530002
praktische; 1.4599808049097192
benötigen; 1.2592137849263962
abgebildete; 1.2068552212591386
beachten; 1.1221757072906713
dekoration; 1.1014958783300244
blau; 0.9866534261993365
angenehm; 0.7036367065884406
b; 0.6565585716482019
cm; 0.6478646168267005
bitte; 0.4692889671132434
UNK; 0.46139660100016044
ausgestellt; 0.44910710185067726
unterbringen; 0.41839549504802565
bestellbar; 0.38747758752506345
material; 0.32909265609341676
x; 0.2898439675453119
perfekt; 0.16395294161629864
artikel; 0.10750344740226865
filialen; 0.1038484157063067
gibt; 0.08660887954756617
grau; 0.08350956225767732
anbieten; 0.08082288689911366
runden; 0.08035547689651139
besonderen; 0.08006586348055862
jederzeit; 0.07993291942402721
neben; 0.07865599105134606
flexibel; 0.07747994021046907
