Wort; Durchschnittlicher Wert
luftbett; 3.883102255538688
pumpe; 3.2880178880528548
ab; 3.0330904009104414
oberfläche; 2.937432400523176
integrierter; 2.884024268111609
personen; 2.6519037944752197
marke; 2.581957426245208
übernachtungsbesuch; 2.5139091202174315
schlafplatz; 2.326829646276019
großen; 2.3107973544196283
dank; 2.2277270522296932
gästebett; 2.217452388985657
bestens; 2.1447983433812623
integrierte; 2.13932314305348
bequeme; 2.1085878406840495
ideal; 2.065994835186575
drucken; 2.064592096492561
schlafkomfort; 2.062191996547335
gerade; 2.0557420398232353
lädt; 2.0399113442443193
bequemlichkeit; 2.0396203513257207
top; 2.0395056384248162
integrierten; 2.0382738606880593
rundet; 2.0352442624625837
praktischem; 2.0279383896828223
kunststoff; 2.027614975820325
komfortables; 2.000778671359876
platz; 1.9946537354662723
drei; 1.9931037129528704
gemütliche; 1.955251972556289
finden; 1.87776421810795
schnell; 1.8579861140029608
beim; 1.8204178191561369
platzsparend; 1.7721892180165013
hause; 1.767515314424236
nichtgebrauch; 1.7556454944926372
macht; 1.7326285577910312
verstaut; 1.6995712862912113
übernachtungsgäste; 1.6925304083815718
spontane; 1.6841306046502722
egal; 1.6538419740572863
besten; 1.6378727305069787
hinweisdieser; 1.6201360426386144
blau; 1.4777104966928163
l; 1.3340269265282587
praktische; 1.3226653912537585
beachten; 1.3182512473918906
benötigen; 1.22693128658575
abgebildete; 1.0713342455037491
angenehm; 0.8669156372488942
dekoration; 0.7320484488154761
unterbringen; 0.6739292037584164
bitte; 0.46681830562993126
material; 0.3258354432822671
b; 0.2882818005848094
x; 0.2804765137610957
ausgestellt; 0.272832674618985
neben; 0.2519400073913857
cm; 0.19779725000844336
filialen; 0.19342696574167348
UNK; 0.19244405070785434
bestellbar; 0.18576373434334528
flexibel; 0.17513071773573757
wünschen; 0.16410616457578725
perfekt; 0.16176149781094865
artikel; 0.09622150344075635
doppelbett; 0.08128050422819796
dafür; 0.08054872858338058
besonderen; 0.07987133250571787
nu; 0.07972823888412676
grau; 0.07942971176235006
