Wort; Durchschnittlicher Wert
hinweisbitte; 0.5416520472499542
azurro; 0.4996524022426456
jalattenrost; 0.4870454784249887
wotan; 0.4757514920202084
boxbett; 0.4729473448242061
leichtgängigen; 0.45414604945108294
krimi; 0.44443553127348423
liebesroman; 0.44434122764505446
beliebt; 0.44052852503955364
seitlichen; 0.4383501127595082
großzügigem; 0.4375744602875784
traumbett; 0.43296529864892364
einschlafgeschichte; 0.425487968721427
regalfächern; 0.42366004665382206
jamatratzenkern; 0.41975783836096525
schlafzimmermöbel; 0.4170889548258856
entspannung; 0.4146156527567655
schlafzimmerdrucken; 0.4139355100633111
kategorienschlaftextiliennachtkästchenkleiderschränkekomplette; 0.4104308282257989
hinsetzen; 0.4079144160496071
räumen; 0.40644583117682487
polstergarnitur; 0.4053854156518355
schätzen; 0.3979221188928932
gesamtbild; 0.3950730934739113
abnehmbarem; 0.39122765149841143
verbreitet; 0.3904478847980499
carolina; 0.390216892468743
bonellfederkernmatratze; 0.3850611748639494
schwarz; 0.383442566904705
anthrazitfarbenem; 0.38190067058894783
graue; 0.3804055566433817
inkludierten; 0.3800785205094144
turino; 0.3762279050424695
kompakten; 0.37552168616093695
befindet; 0.37433218536898494
strapazierfähigem; 0.3722719552461058
wohltuende; 0.37210212694481015
aufstehen; 0.3699266007170081
genuss; 0.3665106294793077
beruhigende; 0.3658193972805748
knopfnaht; 0.3652932655531913
bettkastendrucken; 0.36471782764419913
sodass; 0.3586608729674481
erwartet; 0.35836397926323116
elisabeth; 0.35445537319174036
höhe; 0.35393893538275734
gesamtlänge; 0.3530624574632384
gesicht; 0.3520851394860074
betreten; 0.351714423741214
widerstandsfähige; 0.3511035692645237
