Wort; Durchschnittlicher Wert
luftbett; 4.360701731219888
l; 4.215214611217379
drucken; 4.204363514110446
UNK; 4.198710812628269
x; 4.184075923636556
cm; 4.18363893032074
b; 4.173856525495649
bequem; 3.9421097125858067
ca; 3.9389816977083685
einfach; 3.9136135704815387
hinweisdieser; 3.7656083289533853
bitte; 3.7586205322295427
bestellbar; 3.7574974026530983
ausgestellt; 3.7506030276417732
artikel; 3.7428416568785905
beachten; 3.7410401053726674
lieferumfang; 3.74014901034534
enthalten; 3.739492016285658
abgebildete; 3.738955547660589
dekoration; 3.738858539611101
filialen; 3.734376426413655
pumpe; 3.6746898710727693
h; 3.647979549691081
oberfläche; 3.476363360136747
personen; 3.463605534285307
kg; 3.3412658765912058
sorgt; 3.226188537478447
integrierter; 3.225762963667512
liegefläche; 3.1432630728930233
platz; 3.103942605108023
sowie; 3.06700457893312
großen; 2.988243241608143
ab; 2.9419679693877696
matratze; 2.924060731008649
bett; 2.8986922666430472
gästebett; 2.865179845690727
marke; 2.7971475914120676
schlafplatz; 2.782424570992589
schlafkomfort; 2.743221525475383
übernachtungsbesuch; 2.741190031543374
finden; 2.6763891384005545
handumdrehen; 2.6645084097981453
integrierte; 2.6214752197265625
ganz; 2.356079874560237
große; 2.349170765466988
beim; 2.2991799714043735
eignet; 2.209215993434191
dank; 2.1827762600034477
schnell; 1.3830998612567782
angenehm; 1.1361211145296692
ideal; 1.1267561675980686
besten; 0.7571823507547378
bequemes; 0.7414480693638325
bestens; 0.5036167271435261
komfortable; 0.37837848234921695
kunststoff; 0.25013770498335364
integrierten; 0.24615435134619473
bequeme; 0.12425455823540688
