Wort; Durchschnittlicher Wert
luftbett; 3.5645526241511107
l; 3.513738713040948
b; 3.5103495184332134
UNK; 3.503002567589283
x; 3.4998636450618505
cm; 3.499202586337924
drucken; 3.492533418536186
bequem; 3.4588606365025045
einfach; 3.4283899433910845
hinweisdieser; 3.3982016149908305
artikel; 3.383241404220462
oberfläche; 3.379302341490984
personen; 3.3789156816899775
bitte; 3.3771951597183945
pumpe; 3.3765345230698585
beachten; 3.3762331545352935
enthalten; 3.3744675140827893
bestellbar; 3.3741576436907055
lieferumfang; 3.3704038113355637
dekoration; 3.3690134067088366
filialen; 3.366299608722329
abgebildete; 3.3644774604588745
ausgestellt; 3.348236448690295
ca; 3.346187637373805
h; 3.2987069439142944
kg; 3.2232576966285706
platz; 3.2007826525717973
integrierter; 3.196342593431473
gästebett; 3.1457197811454534
sorgt; 3.1422475054860115
liegefläche; 3.13699533380568
großen; 3.1260501228272917
schlafplatz; 3.106348140537739
bett; 3.069033195078373
schlafkomfort; 3.0117035888135435
marke; 2.9925803150981665
finden; 2.974741195514798
sowie; 2.969916329532862
beim; 2.7713676072657107
matratze; 2.654950945451856
handumdrehen; 2.495807187259197
ab; 2.3676540751010178
übernachtungsbesuch; 2.3635159373283385
integrierte; 2.32549491263926
angenehm; 2.1839153356850147
bequemes; 2.178280360624194
ideal; 2.039916196465492
dank; 1.8905651181936265
kunststoff; 1.720724144205451
komfortables; 1.3021296862512828
integrierten; 1.163170637562871
eignet; 1.016632643342018
schnell; 0.9956130903214216
komfortable; 0.8735865738242865
bestens; 0.848890683054924
hause; 0.576496497541666
bequeme; 0.5737555097788573
komfortablen; 0.4312986623495817
besonders; 0.4252245433628559
gemütliche; 0.2850213997066021
bietet; 0.2834936514496803
praktisch; 0.281933930516243
bequemlichkeit; 0.28019128888845446
besten; 0.2786041352897882
nichtgebrauch; 0.14689541719853877
ganz; 0.13813713677227496
