Wort; Durchschnittlicher Wert
luftbett; 3.590930299833417
l; 3.5421282526105644
UNK; 3.519569234549999
x; 3.5147855944931505
cm; 3.509402931109071
b; 3.503337114304304
drucken; 3.4905934542417527
bequem; 3.4470188327133657
einfach; 3.4241254590451717
pumpe; 3.4180387023836376
oberfläche; 3.394471126049757
hinweisdieser; 3.393217207863927
filialen; 3.3732260163873433
beachten; 3.3731632348150016
enthalten; 3.3729320503771305
personen; 3.370439988747239
ausgestellt; 3.3689630780369044
bestellbar; 3.3658903814852237
bitte; 3.3645049214363096
lieferumfang; 3.362650265917182
abgebildete; 3.3622926756739617
artikel; 3.3607290115207435
ca; 3.3562554109841587
dekoration; 3.3554000023752453
h; 3.272947235032916
kg; 3.236177675053477
platz; 3.2304791044443846
integrierter; 3.2039624717086554
liegefläche; 3.1886185843497517
sorgt; 3.151848680526018
gästebett; 3.148093594238162
großen; 3.1376758620142935
schlafplatz; 3.1150439020246266
bett; 3.086946929991245
schlafkomfort; 3.006639390811324
marke; 2.994630400463939
sowie; 2.8636564426124096
beim; 2.8116334225982427
matratze; 2.674372806027532
übernachtungsbesuch; 2.653673353418708
angenehm; 2.6294552490115164
finden; 2.564876910671592
handumdrehen; 2.5187913820147516
dank; 2.458633776754141
bequemes; 2.3395604226738214
ab; 2.3326412599533795
ideal; 2.1973510321229694
integrierte; 2.059963196143508
kunststoff; 1.4221660912036895
eignet; 1.292152861505747
bestens; 1.2854003492742776
integrierten; 1.1485101405531168
schnell; 0.8639201033860445
komfortable; 0.7379471350461244
komfortables; 0.7118434559553861
hause; 0.7089190721511841
bequemlichkeit; 0.5644054222851992
besonders; 0.4450995970517397
besten; 0.4219344940036535
bequeme; 0.2899610962718725
komfortablen; 0.28512941412627696
bietet; 0.28321834094822407
praktisch; 0.1468169942498207
nichtgebrauch; 0.145552084594965
ganz; 0.13648809008300306
