Wort; Durchschnittlicher Wert
luftbett; 4.382667363807559
l; 4.220047916471958
drucken; 4.217123061046005
UNK; 4.198466595262289
cm; 4.19811658039689
b; 4.177940788492561
x; 4.177233302220702
bequem; 3.989523436501622
ca; 3.955049343779683
einfach; 3.9062572859227656
filialen; 3.7846411526203156
hinweisdieser; 3.779874851182103
abgebildete; 3.772460164502263
artikel; 3.772402714192867
bitte; 3.767456555739045
bestellbar; 3.7623737625777722
enthalten; 3.76036743670702
ausgestellt; 3.7597482085227965
lieferumfang; 3.7534158930182455
beachten; 3.7533599022775888
dekoration; 3.752347671985626
pumpe; 3.6867668628692627
h; 3.6697444695979358
oberfläche; 3.506263954564929
personen; 3.4807643093168736
kg; 3.3303360763937233
integrierter; 3.2675214413553477
sorgt; 3.233055179938674
liegefläche; 3.146396702900529
platz; 3.1199860919266937
sowie; 3.043158567324281
ab; 2.9949717316776514
großen; 2.979051000624895
matratze; 2.958023190498352
bett; 2.911293349787593
gästebett; 2.8948428563773634
marke; 2.8321977660059927
schlafplatz; 2.816650581732392
übernachtungsbesuch; 2.7554021079093216
schlafkomfort; 2.751582930237055
integrierte; 2.738779244571924
handumdrehen; 2.708115340024233
finden; 2.6939243745058774
ganz; 2.494751537963748
große; 2.490538302436471
dank; 2.076374823786318
eignet; 1.952227496355772
beim; 1.6673204455524684
angenehm; 1.5193797061219811
schnell; 1.3990591295063495
ideal; 1.26557083632797
besten; 1.0177271647378803
bequemes; 0.6405037051066756
integrierten; 0.5019347896799445
bestens; 0.38447146527469156
kunststoff; 0.25433942675590515
bequeme; 0.2449394939467311
komfortables; 0.12633968014270067
