Wort; Durchschnittlicher Wert
luftbett; 3.9780826583060844
pumpe; 3.368530169864607
ab; 3.0585278347138227
oberfläche; 3.0246964428915817
integrierter; 3.0003884849829374
personen; 2.7280198516662493
marke; 2.638532586733709
übernachtungsbesuch; 2.572075502674488
schlafplatz; 2.400563871618215
großen; 2.3512191814910692
dank; 2.3002734558362135
gästebett; 2.2949125005745374
bequeme; 2.206408056530563
bestens; 2.201845852210681
integrierte; 2.194530625648622
drucken; 2.186321164757646
schlafkomfort; 2.1426493160467546
ideal; 2.1251838877298725
integrierten; 2.115832612565282
kunststoff; 2.0956186221603277
bequemlichkeit; 2.0857569221880112
platz; 2.0833408529915687
rundet; 2.064907345881147
gerade; 2.058839617445483
praktischem; 2.0567700660334594
top; 2.053869558134829
lädt; 2.052438490845998
drei; 2.0468385113716066
komfortables; 2.039158038812457
gemütliche; 2.01226957651852
finden; 1.9459201020978072
besten; 1.883322073199497
beim; 1.8735151358031543
schnell; 1.8442846429215933
nichtgebrauch; 1.8072841670018533
hause; 1.7435377606035218
platzsparend; 1.718591636311976
hinweisdieser; 1.7058789941690875
verstaut; 1.6748556545400788
praktische; 1.6682316243130118
l; 1.6197849859714553
macht; 1.582784676324809
beachten; 1.4772534010362506
abgebildete; 1.40150058553985
egal; 1.399407609435002
übernachtungsgäste; 1.374004871548823
dekoration; 1.3017240264176508
benötigen; 1.1793033084923081
blau; 1.1547149530008027
spontane; 1.0166674289233923
bitte; 0.6561723458935376
angenehm; 0.6225500370375812
UNK; 0.5705855639633228
b; 0.5703493428911315
bestellbar; 0.5603792463683931
x; 0.49285858458151777
cm; 0.48161551463708746
ausgestellt; 0.4655747372227779
unterbringen; 0.32739278419758194
artikel; 0.2761898947006557
material; 0.17602696204339735
perfekt; 0.15836961801396682
filialen; 0.08966527217999101
abmessungen; 0.08860916877601994
grau; 0.08557675522752106
nu; 0.08219116278924048
besonderen; 0.07926461934112013
äußerst; 0.07922356384806335
runden; 0.07518656163301785
dafür; 0.07458889173867647
