Wort; Durchschnittlicher Wert
Lattenroste; 0.03232697752537206
silberfarbenen; 0.027224956975260284
keinem; 0.02714792078404571
wobei; 0.02706824575943756
Bündnis; 0.026408306811390503
XL; 0.025607339492125902
zweifellos; 0.024354657405638136
abgerundeten; 0.02419428716711991
Tolles; 0.023960683291534224
ursprünglichen; 0.02327326511294814
MATTO; 0.02323195638746256
GLORIA; 0.022965246862440836
feuchten; 0.022451326687587425
lackiertem; 0.021524096693610772
herausragenden; 0.021181384756346233
MULTI; 0.02026699690031819
bezogenem; 0.020219265048581292
anpassen.Ein; 0.019915934986784123
echte; 0.019693853668286465
Mischgewebe; 0.019258778230778262
unprätentiöses; 0.019246281030063983
müssen; 0.01906168800451269
gewaschen; 0.018957117943500634
Holzdekoren; 0.01859354684711434
Kopfteile; 0.018452751126460498
Familienmitglieder.Der; 0.018254036956932396
Zugabe; 0.017994030014961027
L-förmigen; 0.017950087410099513
worauf; 0.017936714801180642
ganzer; 0.017825727606577857
BQ; 0.01778226688838913
Fräsungen; 0.01776809244438482
394; 0.01776198105653748
Einrichtungsstile.HinweisDieser; 0.0176313866613782
reinem; 0.017555652437295066
294; 0.01737755064641533
Stabverleimung; 0.017273356828809483
edlem; 0.017260058462852612
Möbeldesign; 0.01720708206994459
Füllung; 0.017180019276565872
maximale; 0.017163480079034343
Farbtöne; 0.017093828901124652
Buchenholzes; 0.016927094278798904
LINO; 0.01671989065653179
trefflich; 0.01669515473622596
stilbewussten; 0.016563665885769296
Wohnzimmers; 0.016412093937105965
Design.HinweisDieser; 0.016391478377045132
Voraussetzungen; 0.016389076354244025
Germany; 0.01636425722426793
