Wort; Durchschnittlicher Wert
Trendfarbe; 0.026133813182241283
61; 0.025479754600382876
An; 0.024603636280517094
funktionelles; 0.022376033586624544
bodenlang; 0.022335536785249133
pflegeleichten; 0.022228179400372028
weiteren; 0.02213216789823491
Lieblingsteil; 0.02203858990833396
prakitscherweise; 0.022023882149369456
stattlichen; 0.021950397742330097
JUIST; 0.021934132179012522
Rosa; 0.021903488115640357
parat; 0.021676389762433246
Bettlade; 0.021445563674205914
aus.HinweisStoff-; 0.02130752968514571
stets; 0.02120467141503468
zweifellos; 0.02085274368255341
welchem; 0.02075431939920236
fast; 0.020740833172567363
gesunden; 0.020623681404686067
THOMAS; 0.020573223253450124
Synthetikfaser; 0.020402422909683082
schwarze; 0.020271101431717398
System; 0.020268434080207953
überraschende; 0.02018863395187509
183; 0.020182068670692388
FLEXCHOICE; 0.020112042981736522
24; 0.019936496537411585
L-förmige; 0.01992167137177603
Wohnideen; 0.01992051531033212
Wohnzimmers; 0.019917848945624428
überraschenden; 0.01985305533889914
gewischt; 0.019826722986181267
270; 0.019788893193890544
Schlaf.HinweisDieser; 0.019732579035917297
STYLISH; 0.019316952137160115
Tagesdecken; 0.01930274924598052
edel; 0.019290921049105236
toll; 0.019186047545190377
BERISSO; 0.019170501554981456
MID.YOU; 0.019164183671819046
Kind; 0.019046065528527834
Velours; 0.019023741704586428
66; 0.018994993713931763
Sonntagnachmittag; 0.01897006070794305
Retro-Design; 0.01895739034807775
Schlafbereich; 0.01894949091365561
gebettet; 0.018912613944849
griffbereite; 0.018857983290217817
verregneten; 0.018850475993588134
