Wort; Durchschnittlicher Wert
Braun; 0.37117012130329385
Hinweis; 0.2890129574589082
215; 0.28846112472820096
Buchenholz; 0.2877619991195388
hellgrauen; 0.2869445846590679
MID.YOU; 0.2789958175999345
Eck-Sofa; 0.27038345496112015
versehen; 0.27001758228288963
liegt; 0.2697982709505595
Zugabe; 0.26924532957127667
bringt; 0.26710423427357455
gewaschen; 0.26661763733318367
verkleidet; 0.2610731039167149
Wäsche; 0.25731327710673213
falls; 0.2564059870201163
Hellbraun; 0.2557141079159919
sein; 0.2548854608030524
zweit; 0.25270662450930104
anthrazitfarbenen; 0.2525971255308832
Einrichtungsstil; 0.24848168424796313
Ob; 0.24699196551227942
Komforthöhe; 0.24541124660754576
besitzt; 0.24329735504215932
Übernachtungsgäste; 0.24241003710994846
echt; 0.24181097481960023
vollenden.Und; 0.23752361979859415
schönen; 0.23658431647345424
unvergleichlich; 0.23389106431568507
Rollroste; 0.23334164277184755
darauf; 0.2330856584594585
Kopf-; 0.2327090781654988
Zusätzlichen; 0.23269810689089354
wobei; 0.23126228904584423
138; 0.23043283204606269
weiteren; 0.2302938764623832
40°C; 0.22995754479779862
verspricht; 0.22990449211283703
64; 0.22896095435135067
geöltem; 0.22761889581306605
213; 0.22724840219598264
aufgeräumtes; 0.22688191663110047
wurde; 0.2261380973213818
stilvoll; 0.22459937207167968
105; 0.22366688738111407
196; 0.2235296831058804
73; 0.22324452881832713
seinen; 0.22276016213390903
entführen.HinweisStoff-; 0.22198255531839095
Stilvoll; 0.2207400427723769
fest; 0.22071122442139313
