Wort; Durchschnittlicher Wert
Braun; 0.23975136108856532
richtig; 0.21024505845798558
worauf; 0.2054596534276243
-; 0.19225053844456852
Innenleben; 0.18815338263908643
213; 0.18034178852849436
Komforthöhe; 0.17983957154820018
Farben; 0.17956751668316429
echt; 0.1787995880249582
Basis; 0.17619558651404077
Selbstverständlich; 0.17374947461576085
Reißverschluss; 0.16886342658290232
liegt; 0.1657551206626522
Zustellung; 0.1644811545193079
Körper; 0.16386040254747058
Maschine; 0.16175659428063227
wird.Paketspezifische; 0.1607434469979765
Querschläfer; 0.16040847889780707
°C; 0.16003351519611897
Paketgewicht; 0.15874039603920664
Dieser; 0.15818239677628299
rund; 0.15778213878502356
beträgt; 0.15742841914516248
sein; 0.1573997529803819
196; 0.15669150802932563
Sitzhöhe; 0.15667955407570844
Zugabe; 0.15661327641555545
maximale; 0.15634530580655337
stets; 0.1552881147501921
40°C; 0.155248225894411
124; 0.1550867156718141
Für; 0.1550667423393861
kontaktieren; 0.1536077677017147
Ihre; 0.15358743537854025
InformationenPaketgröße; 0.15314463383424481
dieser; 0.15265413786801219
Sitztiefe; 0.15177691474445965
Passend; 0.15168349544683224
wurde; 0.1510488774206351
Eckschlafsofa; 0.15101727263811426
Schlaf.HinweisDieser; 0.15037472468611668
LIVETASTIC; 0.15011741983653337
gewaschen; 0.14997967108138255
197; 0.14921637423594802
Vereinbarung; 0.14921458865683235
langlebig; 0.14909026995064778
Beige; 0.14907272965183438
Spediteur; 0.14828985609938172
Insgesamt; 0.14771384774735452
Online-Shop; 0.14769794085526655
