Wort; Durchschnittlicher Wert
Braun; 0.31093104333558585
-; 0.30974495748341724
Hinweis; 0.29801012911775615
echt; 0.28334217843439546
213; 0.28186973681658856
MID.YOU; 0.2753347599609697
liegt; 0.26457316581945634
maximale; 0.25545967529251357
Federkern; 0.25182541601679986
124; 0.2514505845338135
wurde; 0.2496086905885022
Stilvoll; 0.2488018583471785
197; 0.24847223707911326
beträgt; 0.2481994112386019
69; 0.2451492332838825
versehen; 0.2379384792802739
lackiertem; 0.23720039353065658
130; 0.23014491855610686
Hellbraun; 0.22834132215939462
begeistert; 0.22747014085689443
worauf; 0.2268676179810427
Bettkasten.HinweisStoff-; 0.22686663561398746
wobei; 0.2261140653199618
7; 0.22537931233000563
Kopf-; 0.22426117655732014
Selbstverständlich; 0.22409419108953443
durchgehende; 0.2232850572472671
hellgrauen; 0.22298382508233772
ist.Mit; 0.22204959605369368
Dieser; 0.22078101976694597
weiteren; 0.2195605613724183
Rollroste; 0.21840770038807023
Basis; 0.21838853564895544
massivem; 0.21797956791851902
Stunden; 0.21783433645032346
Komforthöhe; 0.21709278105845442
angenehmem; 0.21671567329394748
zweit; 0.21615335784372292
Kg; 0.21543842652317835
°C; 0.21419595515180845
68; 0.2135522303142352
elegant; 0.2123421465366846
verspricht; 0.21217235310177784
107; 0.2116988484049216
Wie; 0.20971285400446504
Zugabe; 0.2092628715436149
Schlafgefühl; 0.20779459010555001
gut; 0.20675389432290103
ausschließlich; 0.2056631890773133
64; 0.20533997919847025
