Wort; Durchschnittlicher Wert
hellgrauen; 0.37735043816792313
gewaschen; 0.3201008361938875
vollenden.Und; 0.3064650589367375
maximale; 0.30212728929473087
Hellbraun; 0.30172002283507027
vollenden.HinweisStoff-; 0.29182561399647966
aufgeräumtes; 0.2893125041737221
69; 0.2892193489096826
Hinweis; 0.28654674941208214
versehen; 0.28633641128544696
MID.YOU; 0.28391331754392013
sein; 0.2838143737244536
Falls; 0.2808761770647834
anthrazitfarbenen; 0.27192971180193126
Buchenholz; 0.27073177573038265
40°C; 0.2675573448650539
neinLattenrost; 0.2666149842480081
möglich.HinweisDieser; 0.2658470669994131
KontinentalmatratzeDas; 0.2653634560701903
Alles; 0.26267956165247597
darauf; 0.26255824894906254
behagliche; 0.2616441680947901
138; 0.2604087839681597
Raffiniert; 0.2602752096718177
Eindruck.Vor; 0.25905237603001297
Kilogramm; 0.25691521746921353
-Matratze; 0.2554752602154622
Zugabe; 0.2542830783786485
Farbtöne; 0.2541369268728886
Komforthöhe; 0.2535687522031367
WohnlandschaftDie; 0.2530079269199632
Einrichtungsstil; 0.2526524433051236
Wie; 0.2524203088833019
lackiertem; 0.25016375748418795
wurde; 0.24914931048988365
langlebig; 0.24846452847123146
wollen; 0.24835977819748223
Sitzhöhe; 0.24793721197056584
Sitztiefe; 0.2472458608535817
bringt; 0.24674894564668648
197; 0.24581839275197126
Stilvoll; 0.2452130598394433
misst; 0.24252623297797982
müssen; 0.2423330933379475
Gefertigt; 0.24136123969219625
Hellgraues; 0.24125063138671976
liegende; 0.24056204344378784
Bündnis; 0.24022131110541523
130; 0.23898829336394556
196; 0.23777996109856758
