Wort; Durchschnittlicher Wert
96; 0.026493201165976643
207; 0.025003406408359297
Holzdekor; 0.022734184003638802
Unsere; 0.02234578548996069
97; 0.021116127076311386
15; 0.019821120862616226
63; 0.01965449427098065
Design.HinweisDieser; 0.019545936488611915
integrierter; 0.01922476696654485
beide; 0.019052110592383542
geeignet; 0.01892033005515259
dunklem; 0.01881626361500821
Freuen; 0.018672944097488653
MERLIN; 0.018586051372722068
multifunktionaler; 0.018466971940142685
wohnliche; 0.01845331830372743
48; 0.018399428895463643
kombinierbare; 0.018111401432179264
Auszug; 0.017928074118572113
aktuelle; 0.017926219741184468
Rollen; 0.017918306111823767
Ausgestattet; 0.01760557051966316
GRANDE; 0.01756227629755358
verfeinern; 0.017454933676759765
gute; 0.017393880057170463
wohlige; 0.017243172029338893
geölte; 0.01705855890395469
hell; 0.017050742915671435
Industrial; 0.01698390369710978
MARS; 0.016963652477443247
eignet.HinweisDieser; 0.016841154279518378
tauchen; 0.016826010099975974
Elemente; 0.016791979320259998
inklusive; 0.016732270840293495
Gesamtmaße; 0.016730525961975218
heiß-geliebten; 0.016675241084158188
306; 0.016595538354522432
stimmige; 0.016509480487911787
PUEBLO; 0.016416643886259408
genauso; 0.016414315588917816
unterzubringen; 0.01636988197788014
ab.Das; 0.01634542011015583
dreifach; 0.01603548451748793
stylischem; 0.016027319846671162
244; 0.015964633365285863
wohnlichen; 0.015935895825805346
funktional; 0.015932260422232503
zweite; 0.01580425789961737
Velour-Bezug; 0.01571201512706466
Zeitschriften; 0.015692171818955103
