Wort; Durchschnittlicher Wert
Lassen; 0.030277412035502493
Dekoideen; 0.027532934433111222
kinderleicht; 0.027159602999745402
verschwinden; 0.025196479335136246
schlagen; 0.024014054208237212
30/37; 0.02382177642721217
auf.HinweisBitte; 0.023071542935213074
Fernsehsessel; 0.022527563582116272
erscheinen; 0.022199665567313787
kuschelige; 0.022017675608367426
jetzt; 0.02192609675694257
spielt; 0.02173067244439153
tollem; 0.02171711052505998
ALBERO; 0.021492963620403316
CRUZ; 0.02143413796875393
Dafür; 0.020858518852037378
Wohlfühlinsel; 0.020809457717405166
dezenten; 0.02048794935035403
Machart; 0.020437108898477163
überraschenden; 0.02036987764586229
flexibles; 0.02031408453331096
anzubieten; 0.02001882195690996
Wohnraumes; 0.019995070921140723
Sekundenschnelle; 0.01991805915167788
Samt-Optik; 0.019904986140318215
eingearbeiteten; 0.0196140288899187
Echtholz-Füße; 0.01936816794477636
Möglichkeit; 0.019281357075669803
Formschaum; 0.01912644878757419
benötigen.Wie; 0.01899506697736797
REACH; 0.018773867028357927
Nehmen; 0.018683306698221713
funktionelles; 0.018628672769409604
beweglicher; 0.018457662750734016
Mustern; 0.018380310473730788
TURINO; 0.018093271595716942
BESTWAY; 0.01802748981572222
rechnen; 0.017987448818530538
SILVIA; 0.01790274899758515
192; 0.017823657122789882
Ziehen; 0.017756654146069195
grauem; 0.01772131261532195
Einzelbetten; 0.017720641480991617
trotzdem; 0.017650211746513378
neben; 0.01725500437169103
Sitzgruppe; 0.017023561762471218
Beginnend; 0.01691143574862508
Bettanlage; 0.016876334222615696
Lieblingsfarbe; 0.016827747304887453
Positionierung; 0.01682195636385586
