Wort; Durchschnittlicher Wert
verleihen; 0.36421446868916973
grauen; 0.35558799596037716
grauem; 0.34946466254768893
Luftbett; 0.33980179304489866
84; 0.33897674281615764
Zweisitzer; 0.32452864723745733
BESTWAY; 0.3189503155881539
Rückenlehne; 0.3153903908096254
somit; 0.30985947337467223
Webstoff; 0.3060614667192567
mitgelieferten; 0.3013144726282917
platzsparend; 0.2986570971115725
Schlafplatz; 0.2956496331607923
17; 0.2933414722792804
192; 0.29312394352746196
Samt-Optik; 0.287879244198848
Dekor; 0.2873781405505724
Bonellfederkernmatratze; 0.2856754830572754
neben; 0.2856079100165516
Schlafsofa; 0.28407585705281235
vielseitig; 0.28262845694553107
203; 0.2826170959342562
97; 0.28097733156755567
zieht; 0.2794102071584348
Fernsehsessel; 0.2746719106362434
Kiefer; 0.2739881923189387
CARISMA; 0.2723474776794319
zusammen; 0.2717315544723533
Pumpe; 0.2708593546994962
dezenten; 0.2695436851354316
HinweisBitte; 0.2666331971413456
Lassen; 0.26638420595554635
Boxspringsofa; 0.2655121880816296
152; 0.2643529501474404
unterwegs; 0.2641049026278779
Anthrazit; 0.2622380251123104
Farbgebung; 0.2613444274174981
wo; 0.26061855754232965
eignet; 0.2603948092437349
Dafür; 0.25939814117737114
aufs; 0.25794967653928325
verbreitet; 0.2579380646820937
Runden; 0.2575592245993903
derselben; 0.2567053675884381
funktional; 0.25633045214635786
gleich; 0.2562429330719169
RAVELLO; 0.2558498515281826
diesem; 0.2541089449659921
Liegekomfort; 0.2518822912261385
Schlafbereich; 0.2517887122812681
