Wort; Durchschnittlicher Wert
Braun; 0.20983219006120635
Bettkasten.HinweisStoff-; 0.20063763120560907
Reißverschluss; 0.199395956195076
lackiertem; 0.1956549700407777
213; 0.1854254249483347
sein; 0.18133991199647426
Maschine; 0.1808545754174702
gewaschen; 0.17807469041872537
Hellbraun; 0.17678825848270208
ausschließlich; 0.17663619326413027
richtig; 0.17347026183779235
Kilogramm; 0.1728416494006524
-; 0.1720986574946437
etwa; 0.17063011089339852
Komfortschaum; 0.16979463130064687
ist.Mit; 0.16850637582683703
69; 0.1683048003287695
versehen; 0.1673575375971268
Komforthöhe; 0.1640408973689773
Größen; 0.15980339390807785
DekorGesamtlänge; 0.15973886453866726
besitzt; 0.15957406487723347
bringt; 0.15849439945486665
wurde; 0.15835053949194844
Wie; 0.15779650716285687
Zonen; 0.157791928446386
weiteren; 0.15763843595050275
Basis; 0.15722063298380817
Boxspringbettes; 0.15651460259687155
MATTO; 0.15651233153766952
Lattenroste; 0.15539846882165875
darauf; 0.15467242771046585
Viscoschaumkern; 0.15430696129897115
Rollroste; 0.15406391384021845
Hinweis; 0.1535357042157557
Wäsche; 0.15178914830175927
BesonderheitenLattenrost; 0.15154539345530793
Kopf-; 0.1507195326848887
Paketgewicht; 0.1498968292362406
geöltem; 0.14983774095890112
Schlafgefühl; 0.1495733853225829
DesignLiegefläche; 0.1487535938504152
Federkern; 0.1484874409798067
zweit; 0.14823375837295316
Produkt; 0.14749366235628258
sorgt; 0.1468096543030697
Schlaf.HinweisDieser; 0.1461732540428784
-Matratze; 0.1457697547011776
einzelnen; 0.14566098761861213
liegt; 0.14491387669113465
