Wort; Durchschnittlicher Wert
Rückenlehne; 0.033872908927151
spezielle; 0.03205604726099409
schnelle; 0.031529471641988494
glänzendem; 0.03148321536718868
.HinweisStoff-; 0.03125295846257359
derselben; 0.03065950684595009
179; 0.030152582068694755
BARI; 0.0296794776841125
unkomplizierte; 0.02803264110116288
Übernachtungsmöglichkeit; 0.027941935768467374
MÖBELIX; 0.027680745610268787
CLIPSO; 0.027107334426091256
Boxspringsofa; 0.026768540636112448
erhältlichen; 0.02672162459930405
vieles; 0.026344355535911745
Armablagen; 0.026194984265202947
Metallbeinen; 0.025643928674980998
Herzen; 0.02553063559025759
schlagen; 0.025477330840658396
sind.Selbst; 0.02483354229843826
Kuscheliges; 0.024419864312221762
entsteht; 0.024270221928418323
Schlafsofa; 0.024091484781820327
einzigartig; 0.023691001761108055
Richtige; 0.023595117905642837
Liebsten; 0.023513098945841193
statten; 0.023508768157626037
Wohndecken; 0.02350660837328178
Design-Highlight; 0.023426975909387693
Sitzgelegenheit; 0.02335586879053153
urbanen; 0.022996541345492005
.Weitere; 0.022789480673964135
bzw; 0.02272667748184176
zusätzlichen; 0.022635519519099034
Lassen; 0.022587342784390785
links; 0.02252179916467867
Vorzügen; 0.022464524299721234
Lagerung; 0.022457912491518073
Bild; 0.022376523135790194
2-facher; 0.022329017097490578
echtem; 0.022292672460025642
Sitztiefenverstellung; 0.02213845683945692
praktischer; 0.02209571334242355
Schaumstoffpolster; 0.022018201161699835
300; 0.021942075080005452
vorne; 0.02187716462503886
optimal; 0.021777525397737918
GENUA; 0.021772094143670984
Stauraumwunder; 0.02167687790642958
Lieblingsplatz; 0.02156494114092311
