Wort; Durchschnittlicher Wert
Braun; 0.2828248969526612
Reißverschluss; 0.2667623844972695
sein; 0.2640228106902214
Hinweis; 0.2536482230789261
196; 0.24669774520589272
Bettkasten.HinweisStoff-; 0.24372707649308722
MID.YOU; 0.24212792982871179
wurde; 0.24182690707675647
Kg; 0.24002736472175457
besitzt; 0.23898866202580393
Rücken; 0.2367124408847303
ist.Mit; 0.2354441646457417
lackiertem; 0.2353869506623596
197; 0.22786820657347562
gewaschen; 0.2278638076459174
bringt; 0.2265468394725758
richtig; 0.2255546697997488
213; 0.22368426187313162
Komforthöhe; 0.22301376868563239
liegt; 0.22273971330287168
versehen; 0.22190162416154635
Eck-Sofa; 0.22016693574914825
Kilogramm; 0.21893818076205207
wobei; 0.21688168908440275
worauf; 0.21597210273466771
hellgrauen; 0.21291181026754202
69; 0.21280022757855477
maximale; 0.21100342243880732
Maschine; 0.21056253545975778
MATTO; 0.21009823738131672
107; 0.20788770631770603
Wohnzimmer.HinweisStoff-; 0.20623546330534737
Dunkelblau; 0.204313626527437
Wäsche; 0.20321233150025364
hochwertigem; 0.2027460810422781
Länge; 0.2013534811521822
Schlafgefühl; 0.20022119369969005
schönen; 0.20017872709649964
Hellbraun; 0.1995760408899514
320; 0.1988016042705567
Zugabe; 0.19814954101821058
Komfortabel; 0.1969267110544024
mittleren; 0.19680325059016468
ausschließlich; 0.19580181815399555
toller; 0.19550369987700833
Buchenholz; 0.19476270503218984
aufgeräumtes; 0.19458177118940512
Rollroste; 0.1943102852528682
darauf; 0.19377390641602688
massivem; 0.19280788448668318
