Wort; Durchschnittlicher Wert
wohlige; 0.03456566097429459
209; 0.032873206910153385
Schlaferlebnis; 0.03162808246270288
Gesamtmaße; 0.031511037743257475
66; 0.03144292120123282
Kleinen; 0.031225630765675305
Behagliches; 0.030452805762251955
gehobene; 0.029486494619050063
eingearbeitet; 0.029304371468242607
kompaktes; 0.02844273798109498
innovativem; 0.028423343173926696
hell; 0.027701078295649495
geölte; 0.026926765517973905
Finish; 0.026881276950007305
eignet.HinweisDieser; 0.026596104846248636
Holzoberfläche; 0.02628839523822535
kombinierbare; 0.025694259486044757
erholsames; 0.02534271810145583
durchgehende; 0.025202679411449935
Wildeiche; 0.025035292346728966
Erhältlich; 0.02461497779131605
rundet; 0.024583034544775728
Überraschungsgäste; 0.024562279166275403
Bettlade; 0.02447046724273605
MAREN; 0.02437641902361065
langlebige; 0.024234550690522383
98; 0.02400790408410103
Papa; 0.024006578110856935
NächteGenießen; 0.02347538149479078
Partner; 0.02340433746257986
Ausgewählte; 0.023309510957915336
Holzrahmen; 0.02303804127677722
komplett; 0.02291098644491285
Ausziehbett; 0.022854980401461944
junger; 0.022735797363566235
Sprössling; 0.022658574918750674
darüber; 0.022616378249949776
Karosteppung; 0.022105392621597275
zweckmäßige; 0.022077909867221024
multifunktionaler; 0.022021639269951265
Spannvlies; 0.021899187573581003
185; 0.02162194058564637
Ausstrahlung; 0.021470373421834665
ausziehen.Matratze; 0.021357831687055295
Bettschublade; 0.021235412119494868
AUDREY; 0.021218988629698288
Geheimnis; 0.021215565298916772
63,5; 0.021190086408751085
EMILIA; 0.021122744627064094
inkludiertem; 0.0210989153929404
