Wort; Durchschnittlicher Wert
Bettladen; 0.019938891293350025
Nächte; 0.019090392826456082
Behagliches; 0.018395547651380184
Armablagen; 0.018370223027886823
Co.; 0.017606604820230132
wohnliches; 0.017431508902518544
Sitzqualität.Die; 0.016365681309252977
Filmabende; 0.016331251681549475
Abgerundet; 0.016324029376846738
3-er; 0.015751021208416205
Wärme; 0.01573269553591672
Lederoptik; 0.01570448048732942
zugehörigen; 0.015630758458428318
verwenden.HinweisDieser; 0.015474830870516598
234; 0.015216044519547722
Pink; 0.01518976785155246
behaglich; 0.014512859102978837
nicht.Tipp; 0.014329053732581087
sorgt; 0.014299150469014421
Einschlafen; 0.014136479981971206
erhält; 0.013950017677416326
mittelhartes; 0.013944627804448828
Doch; 0.013917620036409062
MID.YOU; 0.013878799880330916
besonderen; 0.013740393891566782
Gespräche; 0.013710816114326008
Pyjamapartys; 0.013707474834518507
sympathisches; 0.013661600329214707
BettfunktionDie; 0.01363105599557457
Polyetherschaumkern; 0.013472615031787427
87; 0.013462070884997956
Fernseher; 0.013213003818236757
nötigen; 0.013208374890382402
silberfarbene; 0.013122757004907726
PUEBLO; 0.013066203842754476
196; 0.01301326259272173
VARESE; 0.012996675892281928
Schlafzimmer; 0.012945351216330891
trifft; 0.012891587095509749
Knopfdruck; 0.01284810221659427
Äußeres; 0.012844795943237841
Qualität; 0.012659913775678433
passt.Weich; 0.012568818779982394
praktischen; 0.012498540520027746
starke; 0.012472546390199568
Finden; 0.012465631898521679
Lage; 0.012393777878969559
Kaltschaum; 0.01231750198348891
verstellbarer; 0.01231178799571353
185; 0.012111586445826106
