Wort; Durchschnittlicher Wert
Pyjamapartys; 0.03403792356220947
213; 0.03361193798264139
196; 0.03243433767238457
Gespräche; 0.031841741532844026
270; 0.030539428025804227
harmonisches; 0.029819724577464513
wobei; 0.02924470346988528
Körper; 0.029166731512304978
müssen; 0.028741157371769077
ergänzen.HinweisDieser; 0.02869518987427
echte; 0.02854852737073088
Einrichtungsstil; 0.028009104389639106
Sitzqualität.Die; 0.027226597578192013
Liegevergnügen; 0.02687782509747194
186; 0.026228593193081906
Hinweis; 0.025390779977897182
sein; 0.024959400347142946
STYLISH; 0.024568761595674005
gewischt; 0.024398989606197574
234; 0.02431650017751963
LAGOS; 0.023703438906522933
Filmabende; 0.02341786090801179
falls; 0.023230494672134228
pflegeleicht; 0.02311376272518828
Farben.HinweisDieser; 0.023088180050763185
Level; 0.023039105039060814
Kaltschaum; 0.022965963322349126
wahres; 0.02270046611647558
fest; 0.022694394683639985
107; 0.022683992676320486
Garnitur; 0.022638948468738818
Komfortschaum; 0.022613540199017734
151; 0.02256118100376625
dicken; 0.022480246547274874
Toppers; 0.022408372319659975
schwarzen; 0.022258211941334594
138; 0.022183573608344886
PUEBLO; 0.022154228825456812
Namen; 0.022111118219982018
Komforthöhe; 0.02208726684693829
gelingt; 0.02195157482765353
Ausführung; 0.021771346149762394
breit; 0.02172558525489876
Fernbedienung; 0.021665098138328176
Stütze; 0.02158192924434843
langlebig; 0.021480596049514133
wirkt; 0.021406750924143125
passt.HinweisDieser; 0.02139242568409827
14; 0.021339895596611314
155; 0.021288254652063188
