Wort; Durchschnittlicher Wert
Dunkelbraun; 0.013326002786834578
Komfort; 0.010393953609599294
unterbringen; 0.009563195667857372
integrierten; 0.009021703672271997
übrigens; 0.008899620191732538
Schlafkomfort; 0.008236729058808123
besten; 0.008219766650654492
durchdachte; 0.008061640050800633
wieder; 0.007987571929061233
angenehmen; 0.007970339498933754
Lederlook; 0.007650968719281082
entscheiden; 0.007582965123219765
Einen; 0.007554270287346299
Einrichtung; 0.007554247504231171
drei; 0.007413400137966164
komfortablen; 0.007309890879150771
schwarze; 0.007300628580742341
dieses; 0.007286435027708649
gleichnamigen; 0.007033105830123532
zeitlosen; 0.007030946059012421
hellgrauen; 0.00702482427650466
ihren; 0.007017943288519746
Stauraum; 0.006942285920013091
Stil; 0.006906800695287529
Wohlfühlen; 0.006857641342503484
Korpus; 0.006638177206787077
viel; 0.006632782129963743
lange; 0.006605233289883472
Freuen; 0.006571555339235147
Möbelstück; 0.006399256633085315
robust; 0.006348334342328598
gepolstertem; 0.006267412137822248
Auswahl; 0.006261765055387514
verstellbar; 0.0062102806403117935
bringt; 0.006150715528383444
Dank; 0.006138503901138392
Einrichtungsstile; 0.006068774184041103
dank; 0.006010890274592384
verstauen; 0.0059800211146011865
erfüllt; 0.005940741164559426
wenn; 0.005904173810631619
moderner; 0.005902589434663241
wählen; 0.0059025893781836205
JUIST; 0.005899840052552463
hat; 0.0058675867227066195
einmal; 0.005799802772344265
erholsamen; 0.00577721169902361
Verfügung; 0.005749879353425058
zieht; 0.005749396774172055
Hellgrau; 0.0057238201407926684
