Wort; Durchschnittlicher Wert
gemütliche; 0.016184363572392613
Marke; 0.016079057659953832
Luftbett; 0.015821283456170933
über; 0.015076598737505265
bestens; 0.015061555236206914
integrierte; 0.015043717662774726
ab; 0.015015979491636244
Oberfläche; 0.014802077729837038
gefertigt; 0.014716094854520634
Schlafplatz; 0.014258855498337653
Bequemes; 0.013537758735037642
gemütliches; 0.01346100242662942
Auf; 0.013450197926067631
Liegen; 0.013393082830953062
ob; 0.013335308064051787
integrierter; 0.013282315190372174
haben; 0.013093491554377579
Besonders; 0.013072866450966104
verstaut; 0.013072742889198708
alle; 0.013037292209082807
was; 0.01297272259980673
bequeme; 0.012949331750860438
macht; 0.01293771122873295
dank; 0.012879718170734123
Entspannen; 0.012760926620831014
Übernachtungsgäste; 0.012744748889963376
einmal; 0.012741658278719115
ganze; 0.01272409531120502
Schlafen; 0.012693364884034964
lädt; 0.012658130804175017
äußerst; 0.01265805347065907
Ob; 0.012652021382746171
komfortables; 0.012440929102012888
drei; 0.012436769322994224
spontane; 0.012307356195378816
Egal; 0.012145023109042086
seine; 0.01207407363335733
unterbringen; 0.01204211722870241
wir; 0.01193106699938653
Eine; 0.011883579225832363
erhalten; 0.011558264824270737
Auch; 0.011532730694671044
besten; 0.011529527647508076
integrierten; 0.011505149580989383
Bequemlichkeit; 0.011401598979136906
wenn; 0.011389078219144722
aufgrund; 0.011085537475810269
Übernachtungsbesuch; 0.01107213286049955
rundet; 0.01105904853247921
gibt; 0.010977855801229452
