Wort; Durchschnittlicher Wert
wählen; 0.003962520151981152
Weise; 0.0035946143601904624
fürs; 0.0034055411644658305
gefertigte; 0.003366063820431009
gutes; 0.0033091808007156944
durchdachte; 0.003279270310758875
Größen; 0.0031826030171941966
Farben; 0.0031702243599283975
Füßen; 0.0031108761817449705
diese; 0.0030539253433744308
schwarzen; 0.003048796374059748
Auswahl; 0.00300282930402318
konisch; 0.002946763177169487
entscheiden; 0.0029180062643717974
inkl; 0.002882710492121987
Fußteil; 0.0028615474155230915
Handgriffen; 0.0028360856706058256
Kopf; 0.0028249112569028513
stets; 0.00280529206211213
wenigen; 0.0027982511324808
JUIST; 0.002781155209595454
rund; 0.002747854101471603
Kissen; 0.0027460535036880175
selbst; 0.0027405042899772527
sie; 0.0027051063065300696
Lattenrost; 0.0026970978098688645
versehen; 0.0026636935843271205
Korpus; 0.0026626929553458466
vielen; 0.0026516405734582802
weiteren; 0.0026171837740548653
Option; 0.002608662199054379
diesem; 0.002561391035487759
zeitlose; 0.0025557063141604885
Möbelstück; 0.0025496023008599877
Dunkelbraun; 0.002544454947928898
steht; 0.0025343361136037855
Mikrofaser; 0.0025034888240043074
hohen; 0.002431520858226577
stilvoll; 0.0024163251073332503
C; 0.0023878963038441725
Steppung; 0.002382166004827013
Einrichtungsstile; 0.00236902856559027
Polsterbett; 0.002360694559320109
Belastbarkeit; 0.0023604390182299538
bezogen; 0.002350888061482692
Klappbett; 0.0023246958902745974
hellgrauen; 0.002318145036952046
Ausgestattet; 0.002311340856249444
zur; 0.002305550055461936
ebenso; 0.002258815434470307
