Wort; Durchschnittlicher Wert
robust; 0.019898019431275317
bringt; 0.01981461391696939
Stil; 0.01911951182410121
Matratzen; 0.019042200913099806
gleichnamigen; 0.018915224119155027
anderen; 0.018864937443868256
Somit; 0.018602514949998296
ihren; 0.018507679893809838
Wohlfühlen; 0.018372609230573288
moderner; 0.01790224441647297
hat; 0.017168597198906354
Einrichtung; 0.01704865038191201
Schwarz; 0.01441815685830079
zieht; 0.014222290847101249
Durch; 0.01381955135584576
perfekt; 0.011019911585185583
Eine; 0.009524641625466757
Einen; 0.007975504780188204
elegantes; 0.00796707735862583
viel; 0.007862187857972458
Höhe; 0.00782919830890023
modernen; 0.007640376432391349
hochwertigem; 0.0075098553526913745
Ihrem; 0.007479987762781093
Anthrazit; 0.0073327568969034475
Design; 0.007293771116928837
kgPaketgewicht; 0.007186599135602023
einmal; 0.007180056176730431
schicker; 0.007154581948998384
harmonisch; 0.007098536798798705
schwarze; 0.006987248064251617
Dann; 0.006902236262249062
unterbringen; 0.006869112367030539
Übernachtungsbesuch; 0.006695384753402323
Lesen; 0.006687338596384507
Ihr; 0.00664297197590713
fürs; 0.006535317758607562
massivem; 0.006530992547595815
übrigens; 0.006514030146354344
durch; 0.006424808214251243
bezüglich; 0.006423811440481586
Schlafgefühl; 0.006377028294446063
welcher; 0.006356118527037324
Polsterbett; 0.006270124650473008
sondern; 0.006195442228090542
eines; 0.006151618564035744
Mittelpunkt; 0.006068774967570789
Paketspezifische; 0.006056055260705762
Ob; 0.006040498131187633
Flair; 0.005938771822729905
