Wort; Durchschnittlicher Wert
Anthrazit; 0.012484556437266292
Zuhause; 0.012073617513578938
Gästezimmer; 0.01159314479882596
ins; 0.010306751531607006
hochwertigem; 0.010217787210422102
Maßen; 0.010094182754983194
Wohnung; 0.009876856311166193
Kinderzimmer; 0.009682282081303128
je; 0.009414988462231122
schlichten; 0.009413941305865592
Matratzen; 0.009299416457542975
Morgen; 0.009247620461428597
Eiche; 0.009164084926305804
ergänzen; 0.009073294085465023
elegantes; 0.008990042755249306
schicker; 0.008794008868972015
Dekor; 0.008785971561792394
ihr; 0.008762330250419836
Onlineshop; 0.008689373591903405
nie; 0.008648287385358343
nach; 0.008645336700647021
Fernbedienung; 0.008561807240948838
optimale; 0.008360750623796775
praktisches; 0.008234180926228874
MID; 0.008092837648109707
Webstoff; 0.007910080251895124
YOU; 0.007895834026203374
Schickes; 0.007821287995557213
durchgehenden; 0.00782057190372143
perfekte; 0.007805542123423948
Tonnentaschenfederkern; 0.007758907654715585
fürs; 0.007748701882883324
seinen; 0.007685758361003536
passenden; 0.007608834452685187
maximale; 0.007553199688118184
schlafen; 0.007430229119563592
modernen; 0.0073693920570804036
Highlight; 0.007221086340359761
besitzt; 0.00722025170980487
Ihrer; 0.007034869566268753
Look; 0.006913134516253194
Stil; 0.006860474830318708
bringt; 0.006751329432336206
nichts; 0.0066929005670317565
durch; 0.006603422989428509
anderen; 0.006561430900183041
Da; 0.006552762279898161
Paketspezifische; 0.006204508843075019
Topper; 0.0061925333652652625
Bedarf; 0.006182936388722737
