Wort; Durchschnittlicher Wert
wählen; 0.0038514217987540176
zeitlose; 0.0030079544436375726
selbst; 0.002702172420686111
bequemes; 0.0026226103480439635
wenigen; 0.0025440341618377716
vielen; 0.002401987576013198
Größen; 0.0023963750478287692
Option; 0.0023448752275726293
Weiß; 0.002333157702560129
sie; 0.0023266896219865884
JUIST; 0.0022570140650714165
inkl; 0.002253219518752303
rund; 0.002214459528295265
Korpus; 0.002048295770509867
durchdachte; 0.0020305712801246046
erholsamen; 0.0020263986736608784
Möbelstück; 0.002017713939130772
Hellgrau; 0.0019979184512521897
stets; 0.001975472857884597
Ausgestattet; 0.0019659715348097962
konisch; 0.001955850960803218
Wohnraum; 0.0019098166027106344
gefertigte; 0.0018906341843830886
Wohnzimmer; 0.0018718607127084397
ebenso; 0.0018472173896952881
C; 0.001840839452779619
elegante; 0.0018256970190122957
dieses; 0.0018223465529445093
Polsterbett; 0.0017913464953380753
Weise; 0.0017846949747763574
gepolstertes; 0.0017841871778728092
gutes; 0.0017818352185713592
Farben; 0.0017725368399624131
Einrichtungsstile; 0.0017557946397573688
entscheiden; 0.0017322667154076044
Lösung; 0.0017067053942355415
geformten; 0.0017033301901392406
Stauraum; 0.0016599121096078306
ausgestattet; 0.0016379898283048534
Auswahl; 0.0016111407696371316
Härtegrad; 0.0016000171895939274
schwarzen; 0.00159881177751231
Mikrofaser; 0.0015854581317398698
steht; 0.001519103850296233
maximalen; 0.0015122326745768077
trendige; 0.001502244528319352
Preis; 0.0014310952836240176
Fernsehen; 0.0013494181197074794
Gesamtmaßen; 0.001332872845159727
versehen; 0.0013199939581681973
