Wort; Durchschnittlicher Wert
schicker; 0.0025557856850582537
Wohnung; 0.0020320004932727898
hochwertigem; 0.0019421219418291002
Erleben; 0.0017104142801144917
Träume; 0.0016259336253824585
eignet; 0.0014172350496664877
Boxspringbett; 0.001414700464465568
ebenfalls; 0.0013792977271805285
Doppelbett; 0.0013787380205030786
Entspannung; 0.0013750294360761472
neuen; 0.0013259046796520123
sodass; 0.00131094915709582
AZURRO; 0.0012929724564116896
kann; 0.0012855826680606697
echte; 0.001279428240195557
HinweisBitte; 0.0012562969619693831
hochwertige; 0.0011797922185564857
Liegegefühl; 0.0011765082905185408
großzügigen; 0.0011674353501803126
verwenden; 0.0011568017312129086
Eckschlafsofa; 0.001149762778169361
ansprechende; 0.0011476964864414185
erholsame; 0.0011349423857609509
Härtegrad; 0.0011259303839324275
Polyester; 0.0010843169489817227
Gesamtbild; 0.0010821387792930182
lässt; 0.00107784571364391
misst; 0.001071820102424681
Pölster; 0.001036326312851088
PARK; 0.001025162985206407
verschiedenen; 0.0010210395195827005
lassen; 0.0010203888425166952
Co; 0.0010106929777066397
Kopfstütze; 0.0010056248214368678
Eichenholz; 0.0009762221118535308
verbirgt; 0.000964547927071635
cm; 0.0009592074636543657
Farbkombination; 0.0009499097381194588
Lesen; 0.0009434275280000293
richten; 0.0009431199910750366
erfüllt; 0.0009369744486320997
gute; 0.0009165334126464586
Oberfläche; 0.0009104237993597053
Sitz; 0.0009075564757949905
MontageanleitungHinweisDieser; 0.0008963550231783302
jede; 0.0008912183327993261
Basis; 0.0008853551879340671
VERONA; 0.000881434827351768
Beine; 0.0008654302942886716
extrem; 0.0008618280701398362
