Wort; Durchschnittlicher Wert
Marke; 0.012785106578667183
gemütliche; 0.012475739899309701
über; 0.011634196393697494
Entspannen; 0.01134553155161484
Luftbett; 0.011275742898578755
Eine; 0.010948307123908308
ganze; 0.010850437942281133
Oberfläche; 0.010593263816554099
äußerst; 0.010487238414862076
macht; 0.01048519574542297
komfortables; 0.010435511883179061
Liegen; 0.010384336859624454
ab; 0.010236904789417167
Auf; 0.009952040538246365
verstaut; 0.00970855461764586
Egal; 0.009523824315328966
bestens; 0.009409636957934708
integrierte; 0.009347352360714467
gemütliches; 0.009347157863498979
wir; 0.009250441325912106
spontane; 0.009064977721664036
bequeme; 0.008993339410517364
gefertigt; 0.008929528098087757
ob; 0.008884821715037105
Schlafen; 0.008627107549949642
Kunststoff; 0.008458383245306322
seinem; 0.008407990057457937
Bequemlichkeit; 0.008124717824466643
Dank; 0.008074963261242374
Edles; 0.008042486769409152
A; 0.007949341857238324
Schlafplatz; 0.007903266503853956
alle; 0.007849300613452214
erhalten; 0.007807800298849088
integrierter; 0.007782827588380314
Abmessungen; 0.0076852212940139
Freunden; 0.007679888294296689
setzt; 0.007663022497581551
lädt; 0.007662194590739091
beim; 0.007654227431339677
Besonders; 0.007643066694390655
haben; 0.007640321579674492
dank; 0.007587382345809602
flexibel; 0.007560962745128563
einmal; 0.007535193090734538
genügend; 0.007463712249045784
seine; 0.007452133041078923
runden; 0.007315303644463711
Übernachtungsbesuch; 0.007224261617011507
Hause; 0.007206893772672629
