Wort; Durchschnittlicher Wert
Anthrazit; 0.01844261483856826
Wohnung; 0.012542182123434031
Zuhause; 0.011445967294275761
fürs; 0.010785232588386862
YOU; 0.010333915926275949
hochwertigem; 0.010016972034281934
elegantes; 0.009893056932105538
Gästezimmer; 0.009627032582648099
Dekor; 0.008850241600885055
MID; 0.008735872976103565
Onlineshop; 0.00872718709961191
Maßen; 0.008645428762247321
ergänzen; 0.008579700557584146
nach; 0.008363036275841295
Matratzen; 0.008353249755236903
nie; 0.008339508727976864
passenden; 0.008239593052712735
Schickes; 0.008189493625468457
maximale; 0.00790704449173063
besitzt; 0.007873882992134896
optimale; 0.007848658078637527
ins; 0.007824315306788777
welcher; 0.007688235682871891
Webstoff; 0.007591185082128504
Highlight; 0.007534676265095186
je; 0.007511147940022056
praktisches; 0.0074836454256001165
seinen; 0.00745127088857771
schlichten; 0.007447863468405558
Morgen; 0.007376072170609404
schicker; 0.007372188534577617
Schlafgefühl; 0.007356811552563158
natürlichen; 0.007325793206746312
Eiche; 0.007322487517660648
Tonnentaschenfederkern; 0.007305534415354487
Kinderzimmer; 0.0071524229675560495
bezogen; 0.00713898519788927
durchgehenden; 0.007063685351749882
Zustellung; 0.007008502336248057
Paketgröße; 0.007006576966159628
eines; 0.006835318273351732
schlafen; 0.006827269606947084
nur; 0.006764285897406808
frei; 0.006731871663214406
Topper; 0.006725357788673137
kommt; 0.006708795824670233
passt; 0.00670002668930465
Liefertermins; 0.0066532512297271754
Steppung; 0.006606897912547538
direkt; 0.0066041052199580005
