Wort; Durchschnittlicher Wert
Anthrazit; 0.020770674098457675
Ihrer; 0.014763516188986614
elegantes; 0.014355044285275653
Zuhause; 0.014222284789684635
Wohnung; 0.013314685503428337
modernen; 0.013227229858330247
fürs; 0.013073711121978703
bereits; 0.012784605401975568
Da; 0.01242656226750114
nichts; 0.012350333473295904
rundum; 0.012290272728569107
Gästezimmer; 0.012275683035841211
pur; 0.012003221543272958
Matratzen; 0.011837355317402399
Form; 0.011487016561295605
natürlichen; 0.011473117911373265
Schickes; 0.01128145319307805
schicker; 0.011266406295089838
je; 0.011149254578049295
seinen; 0.010886632742040093
ihr; 0.01075692420690757
Rahmen; 0.010699468149505264
ins; 0.010685596276744036
Onlineshop; 0.01061586078867549
Maßen; 0.010564203009198535
besitzt; 0.010469301383272978
Eiche; 0.010374635446351022
schlafen; 0.010132530784699157
maximale; 0.010124228137647151
hochwertigem; 0.010097116259566974
Dekor; 0.01000068231514888
Look; 0.00999537304014666
passenden; 0.009915322103188373
Einrichtung; 0.009912892227293923
praktisches; 0.009833265957422555
durchgehenden; 0.00978159010701347
ergänzen; 0.009762680111452936
erhält; 0.009737226895958883
perfekte; 0.009586559791205217
optimale; 0.009432391216250835
schlichten; 0.009396822327107656
Kinderzimmer; 0.00927636725919001
Highlight; 0.0092499021338881
nach; 0.009202564542647451
Tonnentaschenfederkern; 0.00890599044796545
nie; 0.008758261414004664
Topper; 0.008700963465526002
Fernbedienung; 0.008604306378947513
anderen; 0.008586687498609535
Webstoff; 0.008544480406999354
