Wort; Durchschnittlicher Wert
Anthrazit; 0.016403057447314497
Wohnung; 0.014881311496719719
Zuhause; 0.013553472174680791
elegantes; 0.012973689143836963
schicker; 0.012482770707083545
hochwertigem; 0.012064147214550758
Schlafgefühl; 0.011956785149959615
fürs; 0.011440419118662249
Gästezimmer; 0.011304074655345175
ins; 0.011032278127822792
Maßen; 0.010987765172467334
schlafen; 0.010558150641554676
Matratzen; 0.010334400556530454
maximale; 0.010231837190804071
kommt; 0.01010688340102206
ihr; 0.010086272628541337
Serie; 0.010065673306962708
Highlight; 0.010035848285042448
Fernbedienung; 0.010007070220308379
perfekte; 0.009953137681441149
Erleben; 0.009885178483091294
seinen; 0.009879550585174002
Morgen; 0.00973262798943324
praktisches; 0.009728752035152865
modernes; 0.009681957874636282
Polsterbett; 0.009655844624012389
Schickes; 0.009612880089116515
passenden; 0.0095279212933292
modernen; 0.009384122725168708
Webstoff; 0.009312941452753876
Träume; 0.009249759231170173
Topper; 0.009184189092411543
Schlafzimmer; 0.009057821908254483
nie; 0.00891154699784238
besitzt; 0.008840672673977678
YOU; 0.008809392850889709
durch; 0.00875858985709783
Optik; 0.008752771146100713
ergänzen; 0.008700465594301932
durchgehenden; 0.0086975660873577
Jugendzimmer; 0.008683068321988684
bringt; 0.008667859785055044
Onlineshop; 0.008632566448068247
Stil; 0.00860307410293899
Tonnentaschenfederkern; 0.008548304048599676
bezogen; 0.008546461096193525
Eiche; 0.008397559452714632
moderner; 0.008360409489250742
MID; 0.00832413768148399
Somit; 0.00829119979225652
