Wort; Durchschnittlicher Wert
ebenso; 0.02545976899455127
wählen; 0.024248537409448545
ausgestattet; 0.023919054276848328
zeitlose; 0.023858536839361476
rund; 0.02261017393448128
selbst; 0.022078544182295445
maximalen; 0.01920523090157076
dieses; 0.014540143992780941
hellgrauen; 0.013331539110731682
Dunkelbraun; 0.013017531460354803
erfüllt; 0.012908642021284323
Korpus; 0.012857657007589295
viele; 0.012762826251673687
gepolstertem; 0.012613977209184668
Einrichtungsstile; 0.012237500185437965
zeitlosen; 0.011941300000967204
verstauen; 0.011506957112942473
Hellgrau; 0.011445741929583165
komfortablen; 0.008858293466619215
wieder; 0.007534605530781846
Onlineshop; 0.006769095094568911
optimale; 0.006284163454620284
maximale; 0.005417235723507474
nach; 0.0050801876433979485
Kinderzimmer; 0.004834426191519014
Eiche; 0.004465902770971297
je; 0.003973222696004086
schlichten; 0.003804660320201947
Gäste; 0.003620112665498709
Dekor; 0.003543650950450683
kommt; 0.00352822930963157
Wohlfühlen; 0.0028789539257559225
Ausgestattet; 0.0028548228984618617
durchgehenden; 0.0026615215745550815
perfekte; 0.0026493302861126723
Stil; 0.002629812954182853
Zimmer; 0.002620684154862829
gute; 0.0025468498171903773
Topper; 0.002496689481449721
ihr; 0.002444659919001424
geformten; 0.0024019950325055105
Handumdrehen; 0.0023283169692149388
attraktiver; 0.002324398888868018
ihren; 0.0022804885322329936
Rahmen; 0.002272919971483134
Fernbedienung; 0.0022616371112235355
man; 0.002237806833045397
moderner; 0.0021946474800643044
Webstoff; 0.0021650098055033596
ansprechende; 0.0021592306816813787
