Wort; Durchschnittlicher Wert
je; 0.0023346123007286224
erhält; 0.002192677215407457
natürlichen; 0.00217337793274055
Dekor; 0.0018147699018300045
MID; 0.0017890506231196923
nichts; 0.001695626599394018
Da; 0.0016747505668718078
optimale; 0.0016649478358885972
Onlineshop; 0.0016305756322253727
sondern; 0.0016202501066800324
Zeitloses; 0.0015850532922740967
Momente; 0.0015455318244903538
Webstoff; 0.001516432562857517
ins; 0.0015104331778275082
Tonnentaschenfederkern; 0.0014986800430051516
Form; 0.0014722664720466128
nach; 0.0014719176033395343
Hocker; 0.0014346624094969229
U; 0.0014262410964875015
Eiche; 0.0013825779090893774
dazu; 0.0013325074816748384
diese; 0.001326591102497332
durchgehenden; 0.001318652928242159
perfekte; 0.0013142478656845923
zweit; 0.0012967036553760635
besticht; 0.0012881550666918428
Kombination; 0.0012653921421019731
Rahmen; 0.0012581419384787296
Komforthöhe; 0.0012299955335947743
schlafen; 0.001227851402522262
Maßen; 0.001225977886315377
Wohnzimmer; 0.0012091895181811196
allem; 0.0012033089788928918
Fernbedienung; 0.0011555300699114923
darüber; 0.0011444893145380775
kommt; 0.0011411487917939666
Gästezimmer; 0.0011362164186721202
zur; 0.0011361615182977403
Kundenberater; 0.0011305999565593083
Freude; 0.0011209471900031076
wurde; 0.0010674524412024767
weiteren; 0.0010673711504750826
Highlight; 0.0010500949749257416
Gesamtmaßen; 0.0010351329569857626
Blickfang; 0.0009968437564566556
Härtegrad; 0.0009803336272852902
passenden; 0.0009784795361156284
PH; 0.0009746880807597336
Voraussetzungen; 0.0009735014192301606
Liegekomfort; 0.0009724618796099094
