Wort; Durchschnittlicher Wert
lange; 0.11433976609259844
sehr; 0.10981123289093375
Dieser; 0.10744035500101745
Webstoff-Bezug; 0.1050948933698237
kann; 0.1018991032615304
Füßen; 0.10167931111936923
Zweisitzer-Sofa; 0.10148631781339645
guten; 0.10147648793645203
Sitz-; 0.09918425744399428
erhalten; 0.0985353912692517
Liegezonen; 0.09722641593543813
stilvolles; 0.09657047857763246
beträgt; 0.09495148685618915
Akzent; 0.09375576162710786
elegantes; 0.09359653573483229
Eiche; 0.09261453012004495
Beige; 0.09236734342312047
geschmackvoll; 0.09166387774166651
worauf; 0.09064992668572813
L-Form; 0.08986370183993131
Rollen; 0.08879322139546275
wieder; 0.08852211102384899
Kaltschaum; 0.08808727364521474
Gemütliches; 0.0879813891951926
höchstem; 0.08732347330078483
als; 0.08723684586584568
Schlaferlebnis; 0.08678163192234933
Blickfang; 0.08676508255302906
belastbar; 0.0863804747350514
18; 0.08607732178643346
enthalten; 0.08603757910896093
echt; 0.08573865343350917
lieber; 0.08491283723742526
Rückenkissen; 0.0848054843954742
Mittelpunkt; 0.08447591106232721
CRUZ; 0.08355141207721317
integrierte; 0.08317563496530056
Taupe; 0.0831092894077301
funktionelles; 0.08187876082956791
leichten; 0.08061272330814973
Doppelbett; 0.08029010659083724
kombiniert; 0.08019674493698403
Edle; 0.07989279954199446
Wohnraum; 0.07985957397613674
frei; 0.07982849795371294
trendige; 0.07970747860963456
gesamte; 0.07950707973213866
verbinden; 0.07920112620195141
gleich; 0.07900326326489449
Elementen; 0.07892425221507438
