Wort; Durchschnittlicher Wert
); 0.08767782045015338
für; 0.08232413369114511
ausladender; 0.06748555670492351
T; 0.06734835714451037
Mit; 0.06626812088506995
Bett; 0.06527053634636104
Drucken; 0.06468262162525207
(; 0.06456379360133724
cm; 0.06453768763458356
einen; 0.0639442397368839
Liegefläche; 0.0637136455552536
klassischem; 0.06346104748081416
erstaunliches; 0.06117260456085205
in; 0.06106187932527973
chemische; 0.060751105193048716
!; 0.06062137183835148
verdankt; 0.06027204095153138
Liegegefühl; 0.05967055360088125
Passend; 0.05936329596443102
nicht; 0.05928380637487862
LUCA; 0.05919655528145995
24; 0.05791316647082567
modernen; 0.05770101479720324
,; 0.05763790721539408
noblen; 0.05755301487806719
L; 0.056886725351205314
trägt; 0.0566569419024745
UNK; 0.05589661165140569
lackiertem; 0.055369407520629466
erweist; 0.05531502546364209
enthalten; 0.05530222859670175
xL; 0.0548876783286687
LINO; 0.05486583290621638
HR; 0.054741494244808564
Wertigkeit; 0.05443567130714655
Welt; 0.054112826474010944
oder; 0.05357723226188682
genießen.Bequeme; 0.05342111837308039
MERCI; 0.05253958981484175
ins; 0.05213187172921607
Für; 0.052113101235590875
gehen; 0.05210000183433294
Farben.HinweisDieser; 0.05196017352864146
sich; 0.05195145965262782
steht; 0.05193964748468716
Das; 0.05184293021738995
abgebildete; 0.05169502162607387
6; 0.05165699461940676
Malutensilien; 0.05143324547680095
gegenüber; 0.051369585358770564
