Wort; Durchschnittlicher Wert
entspannen; 0.10473309177905321
130; 0.1027150137379067
Familie; 0.09779770369641483
pro; 0.09347275050822645
Scheuertouren; 0.08949452840170125
trendigem; 0.0840948442928493
U-Form; 0.08313498468487523
Sitzerlebnis; 0.08249832247383893
aufbewahrt; 0.08082610165001824
hochzulegen; 0.0799337849020958
Schenkel; 0.0797171319136396
bemessenen; 0.0783244606268454
Sitztiefe; 0.07594103820156306
Ottomane; 0.07358643995394232
Polyetherschaumkern; 0.07358006259892136
Großes; 0.0728725292137824
128; 0.07276598236603604
maximale; 0.07154931494733319
285; 0.07133409359721554
großzügig; 0.07127775234403089
46; 0.07116008666343987
abgerundeten; 0.07100614195223898
seitenverkehrt; 0.07077147436211817
ganze; 0.06923223054036498
umfassenden; 0.0681682389404159
Luftbett; 0.06806627404876053
üppige; 0.06806583117577247
kg.Besonderes; 0.0679551997272938
neue; 0.06735857022431446
zuhause; 0.06682966183871031
aufgestellt; 0.06668117269873619
umfunktioniert; 0.06590665923431516
155; 0.06563831313542323
gemütlich; 0.06558650429360569
pflegeleicht; 0.06529010890517384
Nierenkissen; 0.06504167610546574
Farbkonzepte; 0.06473320355871692
schlank; 0.06454229292285163
Schlafsofa; 0.06450180010870099
ALASKA; 0.06446753346244805
218; 0.06423420336795971
Ausziehbett; 0.06404667054175661
großgeschrieben; 0.06340158689999953
lediglich; 0.06266243464779109
Handgriffen; 0.06264679861487821
KategorienCouchtischeKleinmöbelHeimtextilienStehleuchtenDrucken; 0.06255267065716907
Bettfunktion; 0.06240548502682941
Richtige; 0.062160951987607405
mausert; 0.06200417174841277
denn; 0.061712317478452405
