Wort; Durchschnittlicher Wert
Vorzügen; 0.05099794785201084
umrahmt; 0.04948226359556429
Edle; 0.04648302673740545
34; 0.04443797799240201
Kuscheln.Dank; 0.04408019271795638
Welt; 0.04407317950972356
abstützen; 0.0431865033460781
Armablagen; 0.042831291641050484
Samt-Bezug; 0.04062813118798658
einzeln; 0.04023771273568855
213; 0.03896025054564234
Platz.Egal; 0.03802442541200435
dunkelgraue; 0.0368137323166593
Dunkelgrün; 0.03625163755077665
dabei.Dank; 0.035847857827320695
276; 0.035743053014812176
Landhausstils; 0.03535682743313373
320; 0.03339350591704715
ganzer; 0.03263622635131469
montiert.Ein; 0.032207494776230305
überzeugenden; 0.032115947353304364
Very; 0.03193506135721691
Auffälliges; 0.030991160194389522
Rückenkissen.Das; 0.03089646880107466
Wellnesszone; 0.030528267816407606
fantastisches; 0.03003913014981663
Begegnungszone; 0.02915360702900216
Boxspringsofa; 0.02906552534113871
durchdacht; 0.029053541391476756
Konsument; 0.02895392150458065
Abmessung; 0.02866864451789297
Kingsize-Schlafmöbel; 0.028661334195930976
edlem; 0.0284720711412092
weichem; 0.028399389098922256
176; 0.028085709663173475
klappen; 0.027638091594781145
ausgestattet.Bringen; 0.027117131852719467
genug; 0.027114333728604834
ausgestellten; 0.02700632530832081
elektrisch; 0.02678410709631862
Erholsamer; 0.026607218198478222
unterbringen.Ein; 0.02641213379229157
15,5; 0.026225577348668594
allerhöchsten; 0.026007420619862387
NOVA; 0.025930074574716855
TIRA; 0.025790367071749642
abgerundet.Es; 0.025783460145248682
FüßenStilvoll; 0.025775337524464703
funktionelle; 0.025661580577434506
nobles; 0.02548324426606996
