Wort; Durchschnittlicher Wert
Sie; 0.09876127820461988
!; 0.09857730008661747
von; 0.09525950811803341
und; 0.09399168938398361
H; 0.09221130236983299
.; 0.0875078197568655
cm; 0.08486327435821295
der; 0.084611008875072
L; 0.08295973762869835
B; 0.08271860051900148
umfangreicher; 0.07838351395912468
:; 0.07711111381649971
UNK; 0.07631395570933819
das; 0.07533127488568425
auf; 0.07450848538428545
wird; 0.07310377433896065
gleichnamigen; 0.07275645341724157
enthalten; 0.07237756997346878
Stoffkatalog; 0.07230247731786221
Raum; 0.07062658329959959
); 0.07034215051680803
ist; 0.07025314262136817
sowie; 0.07023850828409195
PreisNeben; 0.07001962908543646
in; 0.06979547021910548
Rückenkissen; 0.06928413966670632
bequem; 0.06915047205984592
Farbe; 0.0689548384398222
dass; 0.06842710264027119
Ein; 0.06799815781414509
54; 0.06730354494720814
Ihres; 0.0669321675086394
Die; 0.06692251935601234
Ottomane; 0.06677105580456555
aber; 0.06668813456781209
Schlafmöbel; 0.06636089156381786
naturfarbene; 0.06568684708327055
bestimmt; 0.06552604238822823
einen; 0.06453910423442721
Gut; 0.06442566419718787
Sehr; 0.06427336647175252
hochwertigem; 0.06411928951274604
Ihren; 0.06366417917888612
KategorienPolsterbettenBoxspringbettenStauraumbettBetten-ZubehörDrucken; 0.06316140570561402
So; 0.06313723139464855
zu; 0.06257535191252828
oder; 0.06246784655377269
passenden; 0.06226222147233784
für; 0.06223029596731067
natürlichen; 0.06212187046185136
