Wort; Durchschnittlicher Wert
Sitzplatz; 0.17075156676582992
Kopfteil-; 0.1661849479423836
231; 0.16522998083382845
einkuscheln; 0.15870842878939584
verwöhnt; 0.15719524130690843
Begegnungszone; 0.15427302857278846
Nylonbezug; 0.14815999468555674
480; 0.14718629530398175
Polyester-; 0.14624661597190425
Metallfüße; 0.1452199025079608
leichten; 0.1445053645875305
Vorlieben; 0.14432222269533668
Wirkung; 0.14096840750426054
Stauraum.Funktionalität; 0.13755027105344197
Besucher; 0.13696747657377273
Erweiterung; 0.13623508031014353
BRUNELLO; 0.13588110596174374
unmittelbarer; 0.13509454939048737
Farbtöne; 0.13333931667148136
Standfüßen; 0.13277755721355788
Weich; 0.13268026936566457
221; 0.13021496933652088
SONOMA; 0.13018582912991405
variieren; 0.12750598730053753
gesondert; 0.1271971227688482
motorisch; 0.12694642302813008
überzeugende; 0.12611724613816477
behagliche; 0.1256669433787465
Ausklappen; 0.12453619464940857
Velour-Bezug; 0.12373559502884746
PAROLE; 0.12288709546555765
Kuscheln.Dank; 0.12149440587381832
334; 0.12106592219788581
53; 0.12089358543744311
motorischer; 0.1206512829521671
Jeder; 0.12058376660570502
Teenies; 0.12032833558623679
spontaner; 0.11955646751448512
LIVING; 0.11883959057740867
Bedürfnissen; 0.11874474183423445
nötigen; 0.11826111303525977
dick; 0.11795523576438427
Polyurethan; 0.11790320769068785
passt.HinweisDieser; 0.11732917925110087
einstellbarer; 0.11732762097381055
Reichweite; 0.11709803668782115
Teenager; 0.11690211942186579
28cm; 0.11610691520036198
stehender; 0.11552142613800243
Samt; 0.11458047092310153
