Wort; Durchschnittlicher Wert
Stauraum; 0.15749101480469108
überzeugt; 0.15270072128623724
Optik; 0.14954404532909393
verstellbaren; 0.14605237171053886
L-Form; 0.1424012507777661
integrierten; 0.13753747180453502
Gästezimmer; 0.13439269922673702
HinweisStoff-; 0.13317840779200196
80; 0.12812736300111283
Serie; 0.12757588806562126
Aus; 0.12519430363317952
Ambiente; 0.12515495950356126
Lattenrost; 0.12491182191297412
Holzdekor; 0.12482293508946896
96; 0.12389968009665608
mehr; 0.12345613772049546
stabil; 0.12316002557054162
Kissen; 0.12196021026466042
Hocker; 0.11996635515242815
nutzen; 0.11962930369190872
Sitzmöbel; 0.11901829321868718
verwandelt; 0.11844491100055166
OMBRA; 0.11828729999251664
Look; 0.11826985570951365
praktischer; 0.11746066645719111
bequeme; 0.11736394884064794
Fernsehsessel; 0.11695750919170678
spontane; 0.11554712592624128
Dekor; 0.11529451981186867
&; 0.11458557099103928
praktisches; 0.11448457837104797
jaLattenrost; 0.1142528698546812
perfekte; 0.11325311474502087
Luca; 0.11307256534928456
nichts; 0.112996821757406
Kombination; 0.11288801208138466
praktische; 0.11262487946078181
Sitzgarnitur; 0.11229320199345239
Extra; 0.11185130709782243
Kiefernholz; 0.11176486499607563
natürlich; 0.11136419547256082
97; 0.11119612259790301
Lederlook; 0.11103532090783119
JAMES; 0.11095102457329631
belastbar; 0.11056159413419664
vielen; 0.11041217029560357
bestehende; 0.11033786390908062
schaffen; 0.11025413929019123
ist.Weitere; 0.11018066084943712
verstellbare; 0.11000033137679566
