Wort; Durchschnittlicher Wert
Braun; 0.08145289156818762
-; 0.06565047839249019
Innenleben; 0.063740714413143
Hinweis; 0.06364141345839017
LIVETASTIC; 0.062288801337126644
sein; 0.06187314809067175
Hellbraun; 0.060632159089436755
lackiertem; 0.05876179214392323
versehen; 0.05848817938822322
Sitztiefe; 0.0584757048785832
Zonen; 0.057248471694765615
Maschine; 0.056806186359608546
Zusätzlichen; 0.056712810869794336
69; 0.05633500409021508
Reißverschluss; 0.056316399027127775
wurde; 0.05625982922283583
197; 0.0560939213144593
massivem; 0.05587167564444826
196; 0.055746601149439814
abgerundeten; 0.054763421934330835
schönen; 0.054739877182146304
beträgt; 0.054708134825341405
Komforthöhe; 0.05409376540919766
Polyetherschaumkern; 0.05391112598226755
Dieser; 0.053607665648451076
Rücken; 0.05344709968194365
130; 0.05344604662095662
Sitzhöhe; 0.05340464934124611
Rollroste; 0.05331282827537507
neue; 0.05312129431695212
Rosa; 0.05296684799832292
selbst; 0.05286137849034276
Äußeres; 0.05283964208501857
213; 0.052138776451465675
Federkern; 0.05197189506234281
Wäsche; 0.05192478951066733
maximale; 0.05152862719405675
Zugabe; 0.05151687499601394
weiteren; 0.05147162437497173
Stunden; 0.05136431640421506
Buchenholz; 0.05111269046610687
°C; 0.05046022166498006
73; 0.050418573984643444
gewaschen; 0.05038305159541778
ausschließlich; 0.050003785797161984
Wie; 0.049327714569517414
wobei; 0.049017211438331286
rund; 0.0487337206461234
breit; 0.04865906059276313
Insgesamt; 0.048645970801953806
