Wort; Durchschnittlicher Wert
grauen; 0.09589037823025137
BESTWAY; 0.08256239135935176
KategorienWohntextilienVorhängeStehleuchtenWohnzimmertischeDrucken; 0.0771851253695786
platzsparend; 0.0726483834674582
grauem; 0.07107965392060578
Dekor; 0.07054538533557206
schwarze; 0.07017482368974015
97; 0.06993686268106103
zieht; 0.06714673703536392
vielseitig; 0.06489730668254197
Grau; 0.06459745120664592
Zweisitzer-Sofa; 0.06382707802113145
geschickt; 0.062994650908513
QUEEN; 0.062422634079121055
93; 0.0623902098974213
neben; 0.06236355107394047
verleihen; 0.06160544076701626
208; 0.06159618559613591
funktionelles; 0.0613509748596698
cm.Die; 0.06030607348657213
seine; 0.06012707116315141
Zwei; 0.059955042065121235
Nichtgebrauch; 0.0597734629875049
sind.Drucken; 0.05966175383655355
bieten; 0.05947760387280141
unterwegs; 0.059141871315659955
funktional; 0.05893167252070271
Liegekomfort; 0.0586596918059513
gleich; 0.05831825159257278
Senfgelb; 0.05812324455473572
Bettwäsche; 0.0580720359517727
Boxspringsofa; 0.05768355656473432
Lassen; 0.05766589221311733
schlichter; 0.057649052348278926
Farbgebung; 0.057537401176523416
mitgelieferten; 0.05747670308337547
17; 0.05745871298131533
300; 0.0570341014652513
Zeitloses; 0.0569220177247189
massiver; 0.056666304744430816
bequemer; 0.056659375037997964
OMBRA; 0.05647585235710721
Bonellfederkernmatratze; 0.05608795275911689
Modernes; 0.05590591026702896
sehr; 0.05574172427877784
Hingucker; 0.05557457027607597
Futonbett; 0.05535864454577677
verbreitet; 0.055270892777480186
Kiefer; 0.055137267843747395
Samt-Optik; 0.054957202496007086
