Wort; Durchschnittlicher Wert
Luftbett; 0.09560227460351597
BESTWAY; 0.09083766888361425
Pumpe; 0.0770651075290516
KategorienWohntextilienVorhängeStehleuchtenWohnzimmertischeDrucken; 0.07563654808327555
beflockte; 0.07412705048918725
Zweisitzer; 0.0723345435457304
84; 0.07121249263873324
Boxspringsofa; 0.06996656486880966
Minuten; 0.0687860534992069
somit; 0.06828197283903137
152; 0.06774440168519505
mitgelieferten; 0.06516125820344314
Schlafplatz; 0.06276260800950695
QUEEN; 0.06209248464729171
Nichtgebrauch; 0.06192808845225954
verhindert; 0.06161588875111192
unterwegs; 0.06133815704379231
Ombra; 0.06100829963106662
Luca; 0.060584054328501225
elektrischen; 0.060362917673774066
Senfgelb; 0.059450073528569194
Bessoni; 0.05919858547276817
überraschenden; 0.0585862769621599
AIRBED; 0.05838736165314913
wo; 0.05792909991578199
Bigsofa; 0.05729735940694809
Schnellverschlussventil; 0.05654837321635568
Dreisitzer; 0.056241752277128396
Edelstahl; 0.05568982209952082
jaLattenrost; 0.0556333240121603
verbreitet; 0.05519809017278021
jetzt; 0.05438063737237826
verleihen; 0.05435061504249461
Stoffbezug; 0.0543286268832162
Lassen; 0.05389904732001014
platzsparend; 0.05367371325846761
91; 0.053463478574849434
Liege; 0.053066793629841416
TWIN; 0.052518054109532385
Bettkasten.Mit; 0.05168650110426824
bequemer; 0.05155230572854634
cm.Die; 0.05143705568043515
Camping; 0.05130092200124636
aufgeblasen; 0.05110358856618404
SIMON; 0.05102000465849414
Szene; 0.05085925338789821
Aufwertung; 0.05083585676038638
weicher; 0.05083374812384136
unterbringen.Ein; 0.05079346082638949
Hit; 0.050767688709311184
