Wort; Durchschnittlicher Wert
Linien; 0.08745771412141039
THOMAS; 0.08689849826660065
61; 0.08658890240549226
diejenige; 0.0857564282250678
Stilvoll; 0.0838981892222364
94; 0.08194468279907596
Tipp; 0.0770608789709513
Trendfarbe; 0.07692845857818612
Schlaf.HinweisDieser; 0.0729839592378994
Hinweis; 0.0722352129916544
Weich; 0.07081769804644863
Paketgröße; 0.0695875981473364
JUIST; 0.06950735700484074
8; 0.06850549759910791
Tuch; 0.06813354895275552
zweifellos; 0.06754342477943283
dadurch; 0.06725958608440123
Top-Komfort; 0.0669819577364251
gewischt; 0.06676404559402727
gepolstert; 0.06630209450013354
Flecken; 0.06606885864166542
Sitzbank; 0.06556888047327902
STYLISH; 0.06546384420071263
prakitscherweise; 0.06542012403042463
feuchten; 0.06527650257048663
saubermachen; 0.06511690397746861
Pölstern; 0.06501975667390525
Ehre; 0.06478981839682092
stets; 0.0646751943451818
eindrucksvolles; 0.06450997550564352
neu; 0.0644252754493209
Besucher; 0.06440954143545241
Vereinbarung; 0.06424204001727958
verloren; 0.06405848607391817
überraschende; 0.06392806544754422
STAN; 0.06390799222281203
Fußform; 0.06286586452624761
kontaktieren; 0.06284765834861901
Buchenholz; 0.06282146143348655
Liefertermins; 0.06280931381552364
Lieblingsteil; 0.06278852216782979
Bettkästen; 0.0627224898278655
passt.HinweisDieser; 0.06268561796478025
Spediteur; 0.06261982322912445
maximale; 0.06261825369729195
einmalig; 0.06227734514804979
raumsparende; 0.06164181433123304
kgPaketgewicht; 0.061605782005062795
bodenlang; 0.06143182036030339
funktionales; 0.06100187331030611
