Wort; Durchschnittlicher Wert
neben; 0.008970634197976324
montieren; 0.008529692198499106
Erweitern; 0.008493264162098058
Nachmittag; 0.008116546446399298
Sekunden; 0.008026692991552408
Bank; 0.007985323281172896
L-förmige; 0.007892265063128434
RACER; 0.007818100087024504
Lebensdauer.Diese; 0.007814777889871038
Einfach; 0.007801560882217018
Zeitlose; 0.007665411143534584
Türe; 0.0076200851661269555
265; 0.00751403269568982
Abriebfestigkeit; 0.007504439097829163
Abend; 0.007500878533755894
auf.HinweisBitte; 0.00748905956352246
aufgrund; 0.0074267705786041915
abnehmbaren; 0.0072961579076945785
Sitzgelegenheiten; 0.007290587004445115
-PH-; 0.007283644030394498
ausgestattet.Bringen; 0.007221902981109451
verbringen.Die; 0.007099542240109713
jederzeit; 0.007038678275785059
Kompakte; 0.007004795409011421
tiefen; 0.006986842551850714
Pillingbildung.Und; 0.006964387094194535
Schöner; 0.006822129598003812
Wohnraumes; 0.006773023662390187
NERO; 0.006760884029790759
3,5; 0.006733366445405409
Mustern; 0.006711373594589532
342; 0.00669934846846445
riesigen; 0.0066929357606568375
Zusammensein; 0.0066329276983196905
144; 0.006614851416452438
Polyurethanschaumkerns; 0.006591286884213332
Sofagarnitur; 0.006590343630523421
Auszeit; 0.006512461043189433
geräuscharm; 0.006502811956670485
erweiterbar; 0.006488888932699411
erhältlich.Überzeugen; 0.006444100169028388
248; 0.006422416621353478
vermitteln; 0.006379178474890068
ANTARA; 0.006377837223499228
seitenverkehrter; 0.006359958573011681
Er; 0.006324706639861688
Betthaupt; 0.006322479544905946
Synthetik-Mischung; 0.00631428329506889
ein.HinweisStoff-; 0.006279830473067705
Schlammfarben; 0.006274060376017587
