Wort; Durchschnittlicher Wert
eleganten; 0.0052976854261942204
Knopfdruck; 0.0045413303640089
sieht; 0.004537033260567114
vielseitig; 0.004391306472825818
208; 0.004145487566711381
seinen; 0.004068165726494044
Bettwäsche; 0.00404240224379464
elegant; 0.003992573474533856
Standfestigkeit; 0.003942162253224524
Details; 0.003923621060675941
Bequemlichkeit; 0.0038537662076123524
rutschfesten; 0.0038426681800046935
machen; 0.003809919086052105
sowohl; 0.0037821064790477974
freistehend; 0.003726219316740753
Basis; 0.0036736104608280583
was; 0.0036631841809139586
280; 0.003651509978908507
Stück; 0.003600034632472671
Farbkombination; 0.0035904258191294504
Doppel; 0.003578418130928185
offenbart; 0.0035718746192287655
bildet; 0.0035670273000960153
gesteppten; 0.003533717135724146
Abgerundet; 0.0035243490284301514
welcher; 0.0035084236224065535
Nehmen; 0.0035074352781521156
Wohnzimmermöbel; 0.003487888063682476
umfunktioniert; 0.003464884438835725
Auswahl; 0.0034512702950451057
dieses; 0.0034504608396673576
sandfarbenen; 0.0034440865149008458
Bedarf; 0.0033987449074629693
Erleben; 0.0033936019957764075
graue; 0.0033601033501327038
anderen; 0.0033593663974897936
Bodennähe; 0.0033495765979751012
OMBRA; 0.0033400510117644446
Kontinentalmatratze; 0.0033386684575816617
198; 0.0033239898118154086
wirkungsvoll; 0.0033164116408443078
Ob; 0.003312733379425481
pflegeleicht; 0.003309591149445623
Rot; 0.0032946088758762926
Zeitloses; 0.0032934686634689568
Lattenrosten; 0.0032761293492512777
passt.HinweisDieser; 0.003248936279123882
Extraklasse; 0.0032475400323164648
324; 0.003211590269347653
Ort; 0.0031913479135255328
