Wort; Durchschnittlicher Wert
vollständig; 0.004874440684034198
hellgrauen; 0.004462875767967489
Buchenholz; 0.004329200770735042
Gasdruckfeder; 0.00432392790025915
130; 0.004223104639095254
Lesefreuden; 0.004166459379484877
Schlafzimmerambiente; 0.004007043514866382
Maschine; 0.003956202301196754
Körper; 0.003863896577968262
Einrichtungselement; 0.0038210133294342085
aus.HinweisStoff-; 0.003812409212696366
WohnzimmerJe; 0.0038118906319141387
funktionale; 0.003811820583359804
wohnen; 0.0038073225659900345
GENEVE; 0.0038056692472309807
Sitzplätzen; 0.0037986556417308748
beliebt; 0.003773083724081516
ihm; 0.00377009282265135
zuhause; 0.0037551195084233767
ihn; 0.0037460304236446975
ein.Das; 0.003739636625687126
124; 0.003730542230550782
gelungene; 0.003729386083432473
2–3; 0.0037209514528512956
positionieren.Die; 0.0037154998535697814
dadurch; 0.003702262497972697
Weiß; 0.0036949656117940322
9-Zonen-Tonnentaschenfederkern-Matratze; 0.0036912257128278725
Lederlook; 0.003681043555843644
mitgeliefert; 0.0036782022605621025
Schlafhimmel; 0.0036674655682872983
Wertigkeit; 0.0036546688148519023
Viscoschaumkern; 0.0035944993904195146
Dafür; 0.0035776587305008435
Rosa; 0.00357683340262156
Plaudern; 0.0035751465411522076
Boxspringbettes; 0.0035581923904828726
BettfunktionDie; 0.003549759738962166
Wirkung; 0.00352729468504549
Liegegefühl; 0.0034917510376544668
gestalteten; 0.0034904941116110423
SABA; 0.003486126045572746
Familien.HinweisDieser; 0.0034570128415907673
denn; 0.0034566261689178645
Kg; 0.0034480858870665544
JUIST; 0.0034320578270126134
InformationenPaketgröße; 0.0034169347229180856
AIRBED; 0.0034055876167258248
neutral; 0.0033995323567069134
Abmessung; 0.0033842221790109763
