Wort; Durchschnittlicher Wert
angenehmer; 0.004686953742020705
anderes; 0.0044004710187437015
KategorienWohntextilienVorhängeStehleuchtenWohnzimmertischeDrucken; 0.004157815095823025
Stilbewusstein.Das; 0.004133114576688968
Bestandteil; 0.004063031177793164
Sitzvergnügen; 0.004039607670074474
Liegeerlebnis; 0.0036601974715267716
Zimmern; 0.00355192202841863
70.000; 0.0035417547478573397
skandinavischen; 0.0034882695337728363
zeugt; 0.0034268593387423605
gleichmäßig.Bei; 0.003347248025238514
trendig.Das; 0.0032617549411952497
LUISA; 0.003246453149768058
verteilt; 0.0032230170676484705
gekommen; 0.003204389923484996
Modell.Mit; 0.0031932338035403516
162; 0.00315436808305094
davon; 0.003147272928617895
Filmabend; 0.0031072216450411362
334; 0.0030947001796448603
Wobei; 0.0030636428400612203
Familienmitglieder.Der; 0.00305451269086916
nicht.Tipp; 0.0029900318942964075
wohlig; 0.0029560493127064546
munter; 0.0029557431393186563
heiß-geliebten; 0.002915901811866206
TACOMA; 0.00291516285869875
Heimkino; 0.0029076868362608367
Kg; 0.002853997010970488
Schlafgefühl; 0.002839612645948364
eigenen; 0.0028291678223467897
VARESE; 0.0028106332756578922
Tiefe; 0.002754268775606761
stilsicher; 0.0027492176156556523
HinweisEine; 0.0027340425607690123
gestützt; 0.002730770918424241
186; 0.00271174317895202
Tagesdecken; 0.0027045659720897675
Wohnideen; 0.0027044667440350167
umklappen; 0.0026626426872098817
Tonnentaschenfederkern-Matratzen; 0.002648427806707332
COLETTA; 0.0026452782978594767
Statement-Piece; 0.0026414866537379567
geht; 0.0025960951286833735
eignen; 0.0025781150645343585
Online-Shop; 0.002577676334476564
Rückenlehne.Für; 0.0025774868699954823
Hellblau; 0.0025483464072749485
verschiedene; 0.0025390707593032857
