Wort; Durchschnittlicher Wert
grauen; 0.06345096628501778
grauem; 0.06314658424380468
schwarze; 0.057101705534296346
Dekor; 0.05555171410651383
Zweisitzer; 0.053714526887415556
vielseitig; 0.051152090828509245
unschlagbaren; 0.0505553024027904
84; 0.050549986882651866
152; 0.05027904351300094
Rückenlehne; 0.050043745017137556
Schlafplatz; 0.04991979339501995
Stoffbezug; 0.04900490428262856
Fernsehsessel; 0.04899631420603327
203; 0.04875975413374363
schon; 0.0483685473602236
zieht; 0.048272502763393274
Bonellfederkernmatratze; 0.048152450370253064
97; 0.04783045580461476
sind.Drucken; 0.04762018902547425
Senfgelb; 0.04747874299391697
Pumpe; 0.04741695779266593
schlichter; 0.047216494252279514
elektrischen; 0.04714534678860218
Runden; 0.04703123385243089
Bettanlage; 0.04693088328422164
Preis-Leistungs-Verhältnis.Das; 0.04689185681199888
zusammen; 0.04686953759401149
nimmt; 0.0464478730042174
somit; 0.046105342894225035
CARISMA; 0.04598269134912698
Weiß; 0.04579091259435586
Boxspringsofa; 0.045500527645344846
Minuten; 0.045007961124065334
17; 0.044999593737884425
Ergänzung; 0.04483464289678522
jaLattenrost; 0.04469755849968351
192; 0.04452529940244858
Bigsofa; 0.04446443009082941
gemütliches; 0.04433455092112126
gleich; 0.044177093305552265
QUEEN; 0.044114796927533464
verleihen; 0.04405224221900426
tollem; 0.043927660705594465
werden.HinweisBitte; 0.04364326956165314
mitgelieferten; 0.04350426152122964
haben; 0.04350276584118547
Jugendzimmer; 0.04341860719914621
integriertem; 0.04338084796345356
Charme; 0.04325974090788805
Einrichtungsstile; 0.04316961903405172
