Wort; Durchschnittlicher Wert
Braun; 0.06575976320309565
213; 0.06291493561293464
Kilogramm; 0.06172002050443552
Hinweis; 0.060351565305609256
sein; 0.05675598390971572
Komforthöhe; 0.0550495926378062
Buchenholz; 0.05432309932948556
lackiertem; 0.05332788224841352
Rollroste; 0.05246553440229036
ist.Mit; 0.05209147788445989
schönen; 0.05181721674161963
machen; 0.05085373988222273
Reißverschluss; 0.05065814041154226
Maschine; 0.050152310062549076
Kg; 0.049825005068123575
Hellbraun; 0.04910306076199049
liegt; 0.04905731601902517
Maßen; 0.048631594462494834
Bettkasten.HinweisStoff-; 0.04753929101498215
Boxspringbettes; 0.04744547256868827
versehen; 0.047271165560232475
320; 0.04724997291923501
Stilvoll; 0.047100791709090116
Fußhöhe; 0.047095879021799195
ausschließlich; 0.0469464730238542
verspricht; 0.04672516502105282
73; 0.04656324265524745
stets; 0.046433878276729956
Kopf-; 0.04627175373898353
begeistert; 0.046205762335739566
Stimmung; 0.046020695137849545
Komfortschaum; 0.045934409983601654
MATTO; 0.04576133458758704
aufgeräumtes; 0.045373761479277165
Nierenkissen; 0.045146023360575785
Belastbarkeit; 0.04497090471850242
Querschläfer; 0.044876718182786136
neue; 0.04463851260370575
weiteren; 0.044289032340748234
Der; 0.0442318066219741
wobei; 0.04421569939004257
Damit; 0.04413672695154673
gemeinsam; 0.04394835662824335
124; 0.04351229939784389
fest; 0.04347703402017942
beträgt; 0.04347169418615522
Einzig; 0.043372765026288104
Zusätzlichen; 0.04308691097849078
156; 0.043044279218884186
echt; 0.04304411693010479
