Wort; Durchschnittlicher Wert
Luftbett; 0.03255845655803569
grauem; 0.03170350535365287
schwarze; 0.031359714767313564
grauen; 0.031012439462938347
BESTWAY; 0.030553395397146233
Webstoff; 0.029970775029505604
Pumpe; 0.029068958446441685
Rückenlehne; 0.0290441564975481
Samt-Optik; 0.028529045909817797
somit; 0.028512775417129887
geschickt; 0.027479933395807166
84; 0.027461721192958068
Runden; 0.027388992901251186
Zweisitzer; 0.026620655925944446
192; 0.02649872270121705
Stoffbezug; 0.02648815327847842
Person; 0.026487694108800496
große; 0.026456021887133828
schon; 0.026166679861489683
KategorienWohntextilienVorhängeStehleuchtenWohnzimmertischeDrucken; 0.026020416765823028
17; 0.025991988493478856
verbreitet; 0.025953623965324368
eignet; 0.02592163474801055
Schlafplatz; 0.02551391466331552
Dekor; 0.02525358766579302
Praktisches; 0.025174583718762734
Schlafbereich; 0.02507013252670731
verleihen; 0.02490947560290806
T; 0.024846981608425266
97; 0.02475110041395965
Farbgebung; 0.02469531066253694
Minuten; 0.02456154012179468
platzsparend; 0.024433858756492555
funktional; 0.024341550294593617
Jugendzimmer; 0.024290568930155132
ihre; 0.024111984082264826
mitgelieferten; 0.024055884103290737
sind.Drucken; 0.024009631801163778
beflockte; 0.023967828985769303
Betthaupt; 0.023890017688972875
152; 0.02374526226631133
Dafür; 0.023575134580460143
persönlichen; 0.0235504747426603
gleich; 0.023459715471835806
ganz; 0.023340847076906358
Gästezimmer; 0.02329468313691905
vielseitig; 0.023258783907658655
Möglichkeit; 0.02316865780740045
66; 0.023056951679245687
Paneelen; 0.02303427298902534
