Wort; Durchschnittlicher Wert
84; 0.006169462788966485
Liege; 0.005457350000506267
umgestalten; 0.005109570290369447
Rückenkissen.Das; 0.005075154807127546
offene; 0.005017769194137145
weicher; 0.004984492355288239
Hit; 0.004930350319773425
Überraschungen; 0.004891384252914577
Universalrollen; 0.004886896043899469
Wotan; 0.004858095547376706
Wohnungen; 0.004740959580522031
schlichter; 0.004721895160037093
wechseln; 0.004721376059751492
entgehen; 0.004710828477982432
eigentliche; 0.004613918060204014
tollem; 0.004594103177078068
funktional; 0.004571419262356357
TURINO; 0.004546304840187076
73,4; 0.004499345714248193
eleganter; 0.00444200994388666
86; 0.004432449521118542
KopfteilMaßeLiegefläche; 0.0043850229652889535
machen.Da; 0.004330315194965806
vieles; 0.00432336350568221
Armablagen; 0.004218887145543704
beweglicher; 0.0042130967565753965
BESTWAY; 0.0041320424701552835
Minuten; 0.0041136127023492005
Annehmlichkeiten; 0.004081369779305533
SIMON; 0.004065159820311237
Sonderklasse; 0.0040412733629636936
CLIPSO; 0.004015943667036481
abnehmbarem; 0.003947806401993148
Runden; 0.0039210079907206815
Schwarze; 0.003898987672255316
130Besonderheiten; 0.0038854923550388776
Wildeiche; 0.0038757143935072235
vielseitig; 0.003873461380135268
Gegenstände; 0.003835608548251912
243; 0.0038293226250971204
exklusiv; 0.0038166437268955635
203; 0.003816396122419974
entsteht.Ein; 0.003808999021566706
Fach; 0.0038062207022449
.HinweisStoff-; 0.0037923643474641723
202; 0.003734253659786191
erhältlichen; 0.0037280329430359415
Schiebetür; 0.0037235469340885174
darunter; 0.003695559294283157
3-teilige; 0.0036895877550705337
