Wort; Durchschnittlicher Wert
Braun; 0.06516366216819733
sein; 0.056258239992894234
Hinweis; 0.054720920510590076
gewaschen; 0.05334032705286518
bringt; 0.05129774902598001
versehen; 0.0511762137291953
MID.YOU; 0.05012324035633355
Reißverschluss; 0.04963255660841241
213; 0.0491051904624328
Komforthöhe; 0.04856718770461157
Hellbraun; 0.046991914859972894
69; 0.04662598254653858
Rücken; 0.04627335180994123
197; 0.04620200655190274
zweit; 0.04541225241118809
liegt; 0.044977665098849685
Maschine; 0.04473663278622553
MATTO; 0.04465604654978961
Zugabe; 0.044610429045860656
wurde; 0.04451942443847656
Innenleben; 0.04430790018523112
Toppers; 0.043796501215547325
maximale; 0.04376568877146383
107; 0.04320974344736896
besitzt; 0.04293722193688154
schlammfarbene; 0.04281896052416414
Viscoschaumkern; 0.04273974848911166
-; 0.04261295652249828
Eck-Sofa; 0.04246027326444164
Kilogramm; 0.04218545533221914
blaue; 0.04212871835334227
Stütze; 0.041967806208413096
geöltem; 0.04194259386276826
Ob; 0.041846081952098754
wobei; 0.041844571742694826
Rosa; 0.041539235215168446
Rollroste; 0.041198221466038375
Buchenholz; 0.04118878369918093
Boxspringbettes; 0.04100046825042227
ist.Mit; 0.04094537525888882
beträgt; 0.04088722650194541
nie; 0.040719406574498865
Gäste.Eine; 0.040640301839448514
Wohnzimmer.HinweisStoff-; 0.04061114027863368
Federkern; 0.040410286502446977
Basis; 0.04022075310349464
Möbeln; 0.04015845349058509
aufgeräumtes; 0.04003420202061534
138; 0.040023758681491016
ausschließlich; 0.03982361250964459
