Wort; Durchschnittlicher Wert
schwarze; 0.008688589550729375
erstrahlt; 0.007339938931545475
ihre; 0.007334365975111723
Senfgelb; 0.007265812956029549
verbreitet; 0.006946017011068761
Samt-Optik; 0.00676076109521091
192; 0.006492671408341266
werden.HinweisBitte; 0.0063301348716777285
schon; 0.006293722541886382
Bettanlage; 0.006263825713540427
Rückenlehne; 0.006063281768001616
Luftbett; 0.006037582741009828
flexibel; 0.005995530360269186
grauem; 0.0058717707055620846
verriegelnde; 0.005823235883144662
Zubehör; 0.005788585721165873
grauen; 0.005645554726106639
ALICANTE; 0.005622795669478364
somit; 0.005540832135011442
BESTWAY; 0.005332964431727305
Ergänzung; 0.005288637483317871
50; 0.005252544352697441
Armlehnendesign; 0.005212941213176237
sehr; 0.0051783376140519975
hervorziehen; 0.0050810690474463625
Paneelen; 0.005023467694991268
dezenten; 0.004952053618035279
Zweisitzer; 0.004921487250248902
Freuen; 0.00491444697145198
Lese-; 0.004913915524230106
tollem; 0.004899030708475039
Preis-Leistungs-Verhältnis.Das; 0.004881765268510208
190; 0.0047880358819384124
306; 0.004776113899424672
gehört; 0.004760847770376131
mitgelieferten; 0.004743212828179822
verleihen; 0.004741522744006943
MERCURA; 0.004740373480672133
Lösung; 0.0047065161445061674
Schlafbereich; 0.00469880776363425
CARISMA; 0.004672275876509957
derselben; 0.004655082679528277
integriertem; 0.0046467570606182566
eignet; 0.0046113479084397115
133; 0.004591737501323223
2-teilige; 0.004580257250927389
Praktisches; 0.004578834511266905
Alpinlook; 0.004558368550351588
Minuten; 0.004557214057422243
Fernsehabende; 0.004524533323274227
