Wort; Durchschnittlicher Wert
MATTO; 0.06615579424396856
maximale; 0.06346601016193745
Zugabe; 0.06246889673639089
versehen; 0.060645284021666156
klaren; 0.059087782524875364
Bettkasten.HinweisStoff-; 0.05849520803990345
Kg; 0.05801387775136391
ist.Mit; 0.057922642461926445
Hellbraun; 0.05783034437881725
Größen; 0.05726190835703164
Lattenroste; 0.05627882769404095
sein; 0.055528336201314234
Braun; 0.05552088059703238
Möbeldesign; 0.055336911166887146
Reißverschluss; 0.055084539887138816
Nylon; 0.05458589366353408
Buchenholz; 0.05443076047340582
Linien; 0.05402359518775483
Fernbedienung; 0.05344845285071642
Pillingbildung.Auch; 0.053365312780442764
64; 0.053174408268387194
Farbtöne; 0.053125743159034754
Viscoschaumkern; 0.05285392326113651
Tipp; 0.052833946864848255
Kilogramm; 0.052584950647724324
wirkt; 0.052306364581818345
zuhause; 0.05215760954697544
Stilvoll; 0.0516123655706906
WohnlandschaftDie; 0.051586032060004075
Raffiniert; 0.05093909033457748
weist; 0.05080730925619718
lackiertem; 0.05044152494592709
XL-Kopfteil; 0.050346880863071417
Alles; 0.05032944260892691
dadurch; 0.050250957917887716
also; 0.05007522298037657
anderes; 0.050028571614529935
flachen; 0.049877786137221845
gestützt; 0.04962048054476327
diejenige; 0.04959872739418643
Zusätzlichen; 0.049588758712525306
Kopf-; 0.04929888494943953
XL; 0.04926493121565727
105; 0.049098691383915136
Besucher; 0.04909093288079021
61; 0.04905138471440296
Einmal; 0.048829055107125895
-Matratze; 0.048691649829561354
ab.Auf; 0.048543602709833066
gepolstert; 0.048518069545389154
