Wort; Durchschnittlicher Wert
Zusammensein; 0.00822437596943928
verstellbaren; 0.008068569216266041
verbringen.Die; 0.007984365013544447
einladendes; 0.007846966867828088
Gäste; 0.0078095591941746536
vollen; 0.007656037878768984
L-förmige; 0.007575579255353659
grauem; 0.007558072370011359
vorne; 0.007440836830210173
Außerdem; 0.007394759944145335
Bank; 0.007378999183129053
265; 0.0073738077411690025
Bequeme; 0.0072352565113760646
ihre; 0.007200467293296242
gemütlichen; 0.00718340696184896
Ausruhen; 0.007062116661109031
Sitzgarnitur; 0.007060533195090102
Stoffen; 0.006972181866694882
Samt-Optik; 0.006963131527299993
Edle; 0.006947823772497941
Der; 0.006944052746439411
Wohlfühloase; 0.0069379384716739875
Sofagarnitur; 0.006891260774409602
CARISMA; 0.0068846734733369885
Polstermöbel; 0.006883540021954104
314; 0.006840819766512141
Lagerung; 0.006777074462524979
Mustern; 0.006773891209741123
Sitz-; 0.0067180247446231075
Lehne; 0.006705284865802241
Wohnraumes; 0.006669360796513502
ungefähr; 0.0066498679751020974
Graue; 0.006600415980938123
Beginnen; 0.0065866679120517805
Rückenkissen; 0.00648153461079346
245; 0.006479789319564588
hautfreundliche; 0.0064741935697384175
Entspannen; 0.0064537393518548924
Lebenslage; 0.006435858208169521
offenbart; 0.006384336130940938
mitgeliefert; 0.006378032384657217
vielseitig; 0.006348484204499983
299; 0.006341777674970217
einfaches; 0.006265518179134233
grauen; 0.006227587693138048
designstarker; 0.006213102488982258
präsentieren; 0.0061960416234796865
Flexibilität; 0.00619255674409942
zusammen; 0.006165847426746041
Lebensdauer.Diese; 0.006144009574200027
