Wort; Durchschnittlicher Wert
Braun; 0.08238658950431273
Hinweis; 0.06467020679701818
sein; 0.0628256995274569
bringt; 0.05876507835855591
maximale; 0.05804379896144383
wurde; 0.05798052012978587
hellgrauen; 0.05734605250909226
196; 0.05683892491506413
73; 0.05667135264957324
Hellbraun; 0.056137016660068186
107; 0.05602380408381578
MID.YOU; 0.055963805952342224
worauf; 0.055337614571908486
69; 0.0550079450244084
Wie; 0.05404012188664638
130; 0.05366594995721243
besitzt; 0.0535521105848602
neue; 0.05300789348839317
Eck-Sofa; 0.05296959608676843
173; 0.052702157305611765
gewaschen; 0.052608728653285655
lackiertem; 0.05257813433127012
Zugabe; 0.05203474064473994
Innenleben; 0.051970388303743675
Stimmung; 0.051811773073859514
-; 0.05127263662579935
Rollroste; 0.051216399612894745
hochwertigem; 0.05111834506969899
138; 0.05106335433665663
Kopf-; 0.05101481329184025
durchgehende; 0.05083360753342277
zweit; 0.0506635833036853
Weich; 0.05043533751777431
105; 0.050121672812383625
entspanntes; 0.050028218064107934
robuste; 0.050026495088241064
Sitz; 0.04987163365003653
gehen; 0.04984258659533225
liegt; 0.04962032803305192
langlebig; 0.04906180189573206
verdeckt; 0.048950507122208366
ausschließlich; 0.04848122772527859
193; 0.04828781879041344
Nierenkissen; 0.048078645626083015
320; 0.04805693934904411
angenehmem; 0.04803514885134064
Schutz; 0.04722296209074557
Komfortschaum; 0.04678172387066297
Stütze; 0.046676071870024316
toller; 0.04666984597897681
