Wort; Durchschnittlicher Wert
Braun; 0.0070568227558396755
73; 0.0062318997865077105
Bordsteinkante.Die; 0.005747760203666985
hochwertigen; 0.005619139822374564
Kopf-; 0.00485233367071487
sein; 0.004848477154155262
ansprechenden; 0.004728877425077371
107; 0.0047049853717908265
173; 0.004680382393416949
Bündnis; 0.004556059412425384
angenehmem; 0.004514545004349202
vorprogrammiert.Tipp; 0.004503203049534932
circa; 0.0044943914479517845
Hinweis; 0.00447419336414896
Hellbraun; 0.004443298210389912
hautnah; 0.004408949585922528
ausgestattet.Diese; 0.004357666813302785
Bedürfnissen; 0.004320858308346942
Rollroste; 0.0042923001310555264
liegt; 0.004242206708295271
durchgehende; 0.0042347228096332405
bereichert; 0.0042176584422122685
196; 0.004191554358112626
Zustellung; 0.004152412978146458
Hochschläfer; 0.004129538420966128
natürlicher; 0.004126425075810403
allerhöchsten; 0.004116263988544233
Tolles; 0.0040187027800129725
Trendige; 0.004013630565896165
LieferungLieferhinweisLieferung; 0.0040060460232780315
45; 0.00396489810955245
-; 0.00395328066078946
verloren; 0.003936047156457789
traumhaften; 0.003931009568805166
wurde; 0.0039131041849032044
verzierten; 0.0038971281144768
Eck-Sofa; 0.0038931234215851874
sympathisches; 0.003870012448169291
natürliches; 0.0038588416151469573
passieren; 0.0038330206501996146
47; 0.003828380664344877
da; 0.0038248339551500976
Trendsetter; 0.003811929430230521
Akazienholz; 0.0037443869005073793
elektrisch; 0.003730569509207271
anthrazitfarbener; 0.0037295982299838217
Schlafgefühl; 0.0037280135409673678
Entdecken; 0.0037279372802004216
Zugabe; 0.0037109735276317224
Gesamtgröße; 0.003699841574416496
