Wort; Durchschnittlicher Wert
BESTWAY; 0.06961007879726822
Luftbett; 0.06746271048905328
84; 0.06721045765589224
schwarze; 0.06648383500869386
grauem; 0.06569734583026729
192; 0.06520996297767852
somit; 0.06432727611827431
KategorienWohntextilienVorhängeStehleuchtenWohnzimmertischeDrucken; 0.06389575596695067
Schlafplatz; 0.06267515342478873
Dekor; 0.062213453368167394
Stoffbezug; 0.0613300997953047
Jugendzimmer; 0.060840897929665516
Runden; 0.060660057912173215
Weiß; 0.06045807842900528
Sitzgelegenheit; 0.06003777330915909
vielseitig; 0.05993120200728299
17; 0.05935888634558069
gemütliches; 0.05853017228364479
Farbgebung; 0.058117415334709224
Boxspringsofa; 0.05746201312285848
203; 0.05711167359477258
Zwei; 0.056991087626374795
Bettwäsche; 0.056591891812695395
93; 0.05615960423019715
entsteht; 0.05613363458687672
97; 0.055877932085059
zusammen; 0.055680990724795265
Schlaffunktion; 0.05563445787338424
Senfgelb; 0.05550480299280025
beflockte; 0.0550984074884127
Lassen; 0.05398631079588086
cm.Die; 0.05387586043507327
Pumpe; 0.0535474536329275
wo; 0.053263300182879905
152; 0.05323367080491152
Lederlook; 0.0529245609454847
funktionelles; 0.05291617598995799
schlichter; 0.05275505500176223
Nichtgebrauch; 0.05241927226306871
SIMON; 0.05214136907670763
nach; 0.05150172418998409
Bigsofa; 0.05088043445284711
verleihen; 0.05048764819002827
mitgelieferten; 0.05022964499803493
Minuten; 0.05007046549508232
derselben; 0.050011385792458896
Samt-Optik; 0.04995276624686085
Sehr; 0.049771787290956125
Modernes; 0.04933781769286725
Praktisches; 0.049202438899374104
