Wort; Durchschnittlicher Wert
fest; 0.03197280760923604
rechtsMontageanleitung; 0.029545395578356448
Edles; 0.024540921207517385
wahlweise; 0.023266858564056747
MontageanleitungHinweisEine; 0.022916465223602245
Spannvlies; 0.022281361014393042
gewaschen; 0.021877190498344135
geräumigem; 0.02173860421430618
braune; 0.021606561220323783
Geschmackvolles; 0.020774892072495277
Schichten; 0.019875544328897377
wahre; 0.01934329107962185
Lehnen; 0.019303813584883756
linken; 0.01918751446510214
Devices; 0.018954864410261507
gepaart; 0.01892357900396746
Würfelform; 0.018763551742267737
willkommen; 0.018573573451249104
eckigen; 0.01857112067500566
stellen; 0.01856286057682155
wertigen; 0.01853945171660598
begehrten; 0.018525148370372335
Holzrahmen; 0.018494591057788057
erweiterbar; 0.018470529586920748
benötigten; 0.018393358305729635
Niveau; 0.018243574245389027
Polyurethanschaumkerns; 0.01811610864206159
raffinierte; 0.018113109691512363
abnehmbaren; 0.018002699131102418
Eckgarnitur; 0.01776301420807158
KontinentalmatratzeDas; 0.017647139739892737
KUBA; 0.017485426438270224
montierbar; 0.017463098330154025
Graues; 0.01712495798165037
verkörpert; 0.017110026968339298
Schließen; 0.017030705132128787
Pillingbildung; 0.01695707007547753
geschlafen; 0.016857322272244346
Angenehmer; 0.01684890850492593
Reißverschlusses; 0.016759301913680247
höchster; 0.01664163721920886
praktischem; 0.016548778196920466
Cream; 0.016529277308393375
Komfortschaum; 0.016488197406943073
VERMONT; 0.016428044141548526
hellem; 0.016313888338572724
Kontinentalmatraze; 0.016309441596149554
Körpergewicht; 0.016237305080267106
vorkommen; 0.01610825523493986
Silberfarbene; 0.015872666485392983
