Wort; Durchschnittlicher Wert
Kleiderschrank; 0.023155273802331067
SofaDie; 0.02223775126185501
will; 0.021711991383199347
zweckmäßige; 0.020020218449644744
verkleidet; 0.019522500086168293
Synthetikmix; 0.01940507474137121
BRUNELLO; 0.018736070826889772
Schwarze; 0.018502708175219595
Ehre; 0.01814322827704018
strapazierfähigem; 0.01790788699827317
Buchenholz; 0.0178884049601038
gegeben; 0.017570481728171217
Gelegenheit; 0.017535372636302782
MontageanleitungHinweisDieser; 0.017402849553036503
Velours; 0.017203960298502352
Dadurch; 0.01706624797952827
Lagerung; 0.017059721430996433
CAROLINA; 0.0170496488108256
draußen; 0.016751496101278462
dadurch; 0.016659167606121628
wahren; 0.016587997364695184
Gitterbett; 0.01652015158379072
Lieblingsmöbel; 0.01650367911588546
LUKKA; 0.01626456107987906
dürfen; 0.016180005941350828
Fußform; 0.01612542812654283
erwartet; 0.016019339578633662
teilige; 0.01592702323978301
Fußstützen; 0.01592115762468893
sehr; 0.01587319860777825
eröffnet; 0.015795320822689973
Passend; 0.015600009392073844
wärmt; 0.015522462661465397
Stilbewusstein; 0.015486353989217605
ADRIA; 0.01537615406778059
Liegeerlebnis; 0.01526702003684477
Härtegrades; 0.015251549746608362
Suche; 0.01515569880939438
aufgefrischt; 0.01505884001016966
BUILT; 0.015047144292111625
Lieblingsteil; 0.014961804499762366
verbreitet; 0.014923657989129424
vorne; 0.014837022171377612
BettfunktionDie; 0.014774802336432913
Spontanbesuch; 0.014564295704985852
anzulehnen; 0.014545941541200591
extrem; 0.014530823144013993
feste; 0.014504499889881117
Viersitzers; 0.014485763211268932
Flecken; 0.014403911301997141
