Wort; Durchschnittlicher Wert
Braun; 0.4142678626521956
Rollroste; 0.3269210253492929
Hellbraun; 0.32170873318682425
MID; 0.3212927203858271
Maschine; 0.3202000193996355
teilweise; 0.3158213399001397
maximale; 0.31417169561609626
YOU; 0.31155927952204365
worauf; 0.3081339473137632
Viscoschaumkern; 0.30687437020242214
Zugabe; 0.3065431330469437
zweit; 0.3028854428557679
Boxspringbettes; 0.3021741203847341
beträgt; 0.30054198973812163
Nierenkissen; 0.29471849370747805
Kg; 0.2938348960838084
Schlafgefühl; 0.2929216102929786
Nylon; 0.2887621780973859
Falls; 0.2883805896854028
wobei; 0.28699355642311275
robuste; 0.28695060417521745
Richten; 0.28213547938503325
Komfortschaum; 0.278820844279835
gepolstertem; 0.27840719057712704
fest; 0.2774955376808066
Velours; 0.27432675639283843
uns; 0.27130620044772513
Polyetherschaumkern; 0.2710652593523264
Passend; 0.2704029848318896
MATTO; 0.26997320842929184
Fußhöhe; 0.269442507000349
Belastbarkeit; 0.26886878709774464
echte; 0.26881118974415585
Wand; 0.26760251162340865
Stütze; 0.26646847469964996
Optisch; 0.2644565580121707
braunem; 0.2635261988034472
Reich; 0.26251579727977514
Machen; 0.2624433324672282
Paketspezifische; 0.2620969781601161
besitzt; 0.26196526375133544
MARA; 0.26123051170725375
anlehnen; 0.26007011730689555
Stimmung; 0.2573437351966277
darf; 0.2571129468269646
langlebig; 0.25710163147596177
braune; 0.25631319696549326
gewaschen; 0.25599144883744884
Vereinbarung; 0.25441048197353666
hellgraue; 0.25282321390113793
