Wort; Durchschnittlicher Wert
Braun; 0.33232448011403903
falls; 0.3082721080099873
Hinweis; 0.27953199594048783
graue; 0.2740927721047228
fest; 0.27369855194410775
hellgrauen; 0.2672900969191687
Kg; 0.2603170239672181
Reißverschluss; 0.2588253238500329
bringt; 0.2551122445202054
wollen; 0.2505564020029851
verbirgt; 0.24987014873477165
Unterkonstruktion; 0.24922023780527525
unvergleichlich; 0.24713845329824835
Hellbraun; 0.24649385293014348
C; 0.2458019517653156
anthrazitfarbenen; 0.24405592322000302
Rollroste; 0.24193389373249374
Zonen; 0.24058274722665374
richtig; 0.23949007905321196
beträgt; 0.23839799412235152
maximale; 0.2383024351875065
Maschine; 0.2378040011099074
ergänzen; 0.2371591468108818
Luxuriöser; 0.23336223640217213
zweit; 0.23277393879834563
KontinentalmatratzeDas; 0.22972712833507103
Zusätzlichen; 0.22905928594991565
Buchenholz; 0.22691132173349615
Anthrazitfarbenes; 0.2201636712634354
Komfort; 0.21989882126217708
Kopf; 0.2170984891054104
Komforthöhe; 0.2168716675369069
Nierenkissen; 0.21469198472459539
schönen; 0.2138651466666488
Belastbarkeit; 0.2132662756703212
Fußhöhe; 0.21325616736066877
wurde; 0.21324680361431092
hochwertige; 0.2118035791463626
Der; 0.2108940635516774
wobei; 0.21076610209274804
Rosa; 0.21043093943444546
perfekt; 0.20912995841354132
Selbstverständlich; 0.2071787604072597
Zustellung; 0.20709219139826018
an; 0.20674480149318697
seinen; 0.20544746207977482
begeistert; 0.20534781468450092
braune; 0.20414181172964163
schwarzen; 0.20395150226249825
Querschläfer; 0.20249530922592385
