Wort; Durchschnittlicher Wert
wohlige; 0.42596977099310607
KategorienWohntextilienVorhängeStehleuchtenWohnzimmertischeDrucken; 0.4014758821213036
StauraumGenießen; 0.39030563668347895
Lösung; 0.3902548406185815
eignet; 0.3897038295981474
Gästezimmer; 0.3851496088318527
platzsparend; 0.37537737051025033
Nachtkästchen; 0.3716232158476487
Person; 0.36764586315257475
NächteGenießen; 0.3632260952144861
modischen; 0.3608619466613163
Rollen; 0.35116093955002725
somit; 0.34871069760993123
Dezente; 0.34436087927315384
zweckmäßige; 0.33821245131548494
Behagliches; 0.33409886571462266
Luftbett; 0.3242346473853104
BESTWAY; 0.31624361683498137
Remo; 0.31524125492433086
Bonellfederkernmatratze; 0.3130688355304301
funktionelles; 0.3111252526869066
San; 0.307453336294202
kleinen; 0.3072779210633598
gewachstem; 0.3064132545841858
Pumpe; 0.3043623223202303
nimmt; 0.3042984066050849
Ombra; 0.30350795947015285
Kiefer; 0.3029581487644464
ausziehbaren; 0.3009931053384207
massiver; 0.30060161602159496
kombinierbare; 0.2990983279887587
verbreitet; 0.2982534520633635
Rückenlehne; 0.297414991480764
überraschenden; 0.29484357183537213
Schlafbereich; 0.2921113455086015
Bigsofa; 0.29199442989192903
unschlagbaren; 0.2897163217421621
Charme; 0.2862176276394166
Fernsehsessel; 0.2862044827779755
schwarze; 0.28610274399397895
beflockte; 0.28368539980147034
Schublade; 0.2827976694679819
Traumbett; 0.28210275556193665
Ergänzung; 0.28052570394356735
Serie; 0.27965209672402125
Futonbett; 0.27943228860385716
grauen; 0.27864751243032515
Wildeiche; 0.2785948069067672
leichtgängigen; 0.2778307742555626
Nutzen; 0.27724514494184405
