Wort; Durchschnittlicher Wert
platzsparend; 0.0442937391489977
leichtgängigen; 0.03816980277042603
Traumbett; 0.036522045851597795
beliebt; 0.03201037930921302
seitlichen; 0.03139475993884844
Liebesroman; 0.03131432535155909
Räumen; 0.029598956758491113
Nutzen; 0.029244053393995273
Zusätzlicher; 0.027136196633364307
Krimi; 0.026975969878549222
Bezüge; 0.025455053451878484
Wotan; 0.02511819592655229
farbliche; 0.0247963574483947
Aus; 0.024129342804371845
ausziehbaren; 0.023881195713329362
großzügigem; 0.02338893659907626
ergeben; 0.023322527116079073
sehr; 0.02290840108435077
ausgeklappt; 0.022876251509046597
Exklusivität; 0.02266989438157907
Mustern; 0.022651024904916994
geräumigen; 0.022467234135547187
schlagen; 0.021908202546910616
Möglichkeit; 0.021575502963969484
Stoffbezug; 0.02157155773784325
jetzt; 0.02103695535333827
AZURRO; 0.020972966027329676
persönlichen; 0.020800803085876396
stylischer; 0.020773124624611228
teilige; 0.020491232971835416
gestaltbares; 0.02044232903608645
gewachstem; 0.02039504725507868
geschickt; 0.020344982993265148
grauem; 0.020091792957828147
Edelstahl; 0.020035579537761805
derselben; 0.01997032744839089
pflegeleichte; 0.01996144652730436
verzaubern; 0.019841521426315012
mitgelieferten; 0.019650096521218074
RACER; 0.01959802009878331
Einschlafgeschichte; 0.019578995899792062
hinsetzen; 0.019409914095376735
langsam; 0.01928285148278519
Wählen; 0.019237833606894128
Fernsehsessel; 0.01922163075505523
umgestalten; 0.019191897603377583
FALCO; 0.019079969759332016
Seele; 0.018895075590990018
erwartet; 0.018787223201798042
GENEVE; 0.018782520261083846
