Wort; Durchschnittlicher Wert
grauen; 0.3955246501136571
schwarze; 0.3587621481856331
platzsparend; 0.345863128779456
Rückenlehne; 0.34402932319790125
HinweisBitte; 0.3427545370068401
geschickt; 0.33880075748311356
Einrichtungsstile; 0.33874808758628205
Stoffbezug; 0.32075408613309264
vielseitig; 0.31910589488688856
derselben; 0.31259990204125643
Minuten; 0.30977602387429215
grauem; 0.30976076831575483
nimmt; 0.3036014365206938
neben; 0.29944602539762855
beflockte; 0.29858815628904267
Erweitern; 0.2980940331417514
zeitloser; 0.29779681212676223
sehr; 0.2941078774165362
hautfreundliche; 0.2937947735990747
Zubehör; 0.29183203632419463
Style; 0.29103881277842447
zusammen; 0.29045950194995385
Nutzen; 0.28778203623369336
nach; 0.28712690249085426
Dunkelgrau; 0.2857096718507819
gleichermaßen; 0.2854985623562243
Liegekomfort; 0.2850144006406481
Charme; 0.2845146344625391
dezente; 0.28395641973474994
Dekor; 0.28283172845840454
funktional; 0.28042900415312033
Mega; 0.279880904188758
Praktisches; 0.2782746387529187
SchlafzimmerDrucken; 0.27814596000825986
Wotan; 0.27731399331241846
feines; 0.27703452246510096
BESTWAY; 0.27646201630705036
leichtgängigen; 0.2745895814150572
Luftbett; 0.27413210802478716
Räumen; 0.273148397449404
geräumigen; 0.27147182868793607
empfehlen; 0.26907888627101784
Person; 0.2689308107364923
Einlasstiefe; 0.2688902266445439
GENEVE; 0.26834684568530065
Beleuchtung; 0.2675706849549897
mitgelieferten; 0.26750309602357447
Traumbett; 0.26742157433182
Ausruhen; 0.2667672389507061
KategorienSchlaftextilienNachtkästchenKleiderschränkeKomplette; 0.2667241575618391
