Wort; Durchschnittlicher Wert
Braun; 0.3051773889037577
Hinweis; 0.2747886117431335
bringt; 0.2712623884654022
Zonen; 0.2696406793766073
Sitztiefe; 0.2692764032035484
Maschine; 0.26915194292814704
Hellbraun; 0.26420787793176714
Rollroste; 0.2588210384319609
fest; 0.25852513808058575
Kopf; 0.2569718603938327
Wand; 0.2550833131390391
Komforthöhe; 0.2547257585756597
Stunden; 0.2507067205369822
C; 0.2502694530558074
lackiertem; 0.24800403679546434
ausschließlich; 0.24751030135666952
Reißverschluss; 0.24653193292033393
Optisch; 0.24121286225272343
MID; 0.2390461017130292
Buchenholz; 0.23706106014469697
Zusätzlichen; 0.23373710849773488
maximale; 0.23338996201528062
zweit; 0.23300917156484502
YOU; 0.23237407497799722
versehen; 0.23149630971602164
Querschläfer; 0.23060968337449594
Sitzhöhe; 0.23020277040836845
Raum; 0.2296611430865596
Der; 0.22809085571680043
wurde; 0.22755145860719495
Kilogramm; 0.22605904943338828
MATTO; 0.22499817342759343
Schlafgefühl; 0.2226958523015128
Richten; 0.22204211031203158
liegt; 0.21853595597713138
gepolstertem; 0.21850985549099278
Boxspringbettes; 0.21769072769166087
gut; 0.21765639129444025
Polyetherschaumkern; 0.21749609546895954
gewaschen; 0.21669833867053967
Stimmung; 0.216247057687724
denn; 0.21617328816500958
darauf; 0.21557281694818897
Falls; 0.21535260466771433
toller; 0.2151463560949196
Rosa; 0.2138930916262325
Eck; 0.2121518972890044
Linienführung; 0.2119411684325314
Vielseitigkeit; 0.21143952388229081
hellgrauen; 0.2113628001388861
