Wort; Durchschnittlicher Wert
dauerhafte; 0.04317797094699927
streichelweicher; 0.04315300108828524
eingearbeiteten; 0.03743341160588898
Modern; 0.03665658683166839
LEONIE; 0.034547035618743394
stattlichen; 0.03419442621998314
Sprössling; 0.0331818710474181
grauem; 0.03275910363299772
unschlagbaren; 0.03090412965275391
Bessoni; 0.03031374208512716
integriertem; 0.030148696430842392
Runden; 0.029946159076644108
Schlafcouch; 0.029330149212910328
Wohnideen; 0.02931279001495568
dezentes; 0.02920842527237255
verdankt; 0.02914718491047097
überzeugender; 0.029072504254145315
Wellnesszone; 0.028741328947944567
preiswerten; 0.028601481408259133
überraschenden; 0.028519965446321294
linksseitiger; 0.028229420400748495
wählen; 0.027268817771982867
FALCO; 0.02674692745495122
wohlige; 0.026478988365852274
ausziehbaren; 0.026223873650451424
FULTON; 0.026041276689284132
Tragetasche; 0.02568126575260976
Schöner; 0.02538206070312299
endgültig; 0.02533034168300219
coolen; 0.02531519560579909
Fernsehabende; 0.02530824030691292
eigent; 0.025021753062901553
kombinierbare; 0.024824380088830367
Schlafbereich; 0.024731140656513162
griffbereite; 0.02463710546726361
Wohlfühlinsel; 0.02461864695942495
toll; 0.02452697727130726
ELIAS; 0.024397955887252465
CARISMA; 0.02433791234943783
Profitieren; 0.02431531662841735
Liebesroman; 0.024024702899623662
ausgestatteten; 0.023937613048474304
HinweisBitte; 0.02336589922197163
fünffach; 0.023189066603663377
trocken; 0.023137831609346904
robustem; 0.023122111459088046
Übrigens; 0.023028509443975054
Mischgewebe; 0.022986840398516506
Sitzflächen; 0.02266288642931613
Traumbett; 0.02226381716900505
