Wort; Durchschnittlicher Wert
HinweisBitte; 0.43987328701769
schwarze; 0.40712309526861645
Rückenlehne; 0.39080433873459697
Stoffbezug; 0.3056901658019342
somit; 0.3011472107609734
Gästezimmer; 0.2998275533609558
Jugendzimmer; 0.29586348847078625
KategorienWohntextilienVorhängeStehleuchtenWohnzimmertischeDrucken; 0.2946737912716344
entsteht; 0.2894824281684123
Schlafplatz; 0.2894093203067314
beflockte; 0.2883014599501621
BESTWAY; 0.2859606438141782
Luftbett; 0.28590030828490853
Senfgelb; 0.2843702897662297
Person; 0.28395413895486854
Fernsehsessel; 0.283862207463244
Schlafbereich; 0.2814807635440957
Modernes; 0.280019534213352
Schlaffunktion; 0.27643171763338614
grauem; 0.27578072412870824
Anthrazit; 0.27440795802976936
Dekor; 0.2743131827301113
verbreitet; 0.27395441342378035
platzsparend; 0.27293195547827054
erstrahlt; 0.26933683326933533
vielseitig; 0.26803775667212903
können; 0.2679498793440871
Runden; 0.26758454635273665
Charme; 0.26719103299546987
Bonellfederkernmatratze; 0.2665933846437838
dezente; 0.26303539489163086
unschlagbaren; 0.26256612487486564
ganz; 0.26205976397613995
praktischen; 0.2609715100261383
Grau; 0.2609117493921076
Zweisitzer; 0.2589546017261455
Dafür; 0.25825589668238536
schlichter; 0.2579508333146805
Lederlook; 0.25593121245037764
gleich; 0.25508701323269634
gewachstem; 0.2543109862090205
derselben; 0.2541619528128649
Ergänzung; 0.25370310351718217
funktionelles; 0.2531078363535926
Aus; 0.2513743718009209
zweckmäßige; 0.2509625505481381
Grauton; 0.25026647321647033
Entspannen; 0.2494185118648602
funktional; 0.24908904334006365
Liegekomfort; 0.24897039852294256
