Wort; Durchschnittlicher Wert
HinweisBitte; 0.4030811801949312
schwarze; 0.3209262346208561
Minuten; 0.2976328831750834
Rückenlehne; 0.2943870017629706
unterwegs; 0.29076721371188796
Webstoff; 0.28410774415078777
KategorienWohntextilienVorhängeStehleuchtenWohnzimmertischeDrucken; 0.2691004230848648
grauem; 0.26877165671066905
Schlafplatz; 0.2675137988944698
schon; 0.26035065634522425
Senfgelb; 0.25542358706752566
Grau; 0.24968795276117817
erstrahlt; 0.2496282648826309
Person; 0.24135766350082122
Camping; 0.23870140877488666
platzsparend; 0.23594417578351567
Mustern; 0.23214387924599578
integriertem; 0.23108415999030285
derselben; 0.22927726756370248
Dekor; 0.22801155948673113
schlichter; 0.2270929512069415
somit; 0.22584933111374994
Erweitern; 0.2251911825978823
hautfreundliche; 0.22272544127099536
QUEEN; 0.22058526669798084
Einzelbett; 0.21909660258006625
PVC; 0.21709410216226388
zweckmäßige; 0.21699740400708833
funktionelles; 0.21476315219479147
Reparaturflicken; 0.2147597381435844
Weiß; 0.21464504516370653
neben; 0.21356768207587606
Jugendzimmer; 0.2129550223598926
zusammen; 0.21194383654483318
Ombra; 0.21121718875929218
ihre; 0.21023345108687863
elektrischen; 0.2092037572465415
FALCO; 0.20838815537717892
Bettlade; 0.20818428784923526
gemütliches; 0.20793517973515918
kuschelige; 0.20792308474665333
ganz; 0.20786730673921738
unterbringen; 0.20640685602484155
feines; 0.20629904096404061
Schlafbereich; 0.20621592890984175
zeitloser; 0.20562982457613543
vielseitig; 0.2051970186280414
Echtholz; 0.20511403862201405
Boxspringsofa; 0.20405762276277528
verschwinden; 0.20369581703016593
