Wort; Durchschnittlicher Wert
grauen; 0.2340516462281812
BESTWAY; 0.23129207035526633
somit; 0.23017916896787938
Luftbett; 0.22505467745941132
HinweisBitte; 0.21825496654491872
Pumpe; 0.21476001273549628
Runden; 0.20936368773982394
Ergänzung; 0.20356856007128954
grauem; 0.19881379229445884
Schlafplatz; 0.19744705014454667
beflockte; 0.1973878810676979
T; 0.19565795808739495
Schlafbereich; 0.19352766705560498
platzsparend; 0.19345055140729528
unschlagbaren; 0.1913899933861103
gewachstem; 0.19091489478887524
Fernsehsessel; 0.1854735068845912
Grau; 0.1853778572376541
Zubehör; 0.18478903326467844
integriertem; 0.18416965869255364
Dekor; 0.18384356578462757
Bonellfederkernmatratze; 0.18257753708167002
Bettlade; 0.181862163124606
Minuten; 0.1818017652258277
eignet; 0.18168666878773365
tollem; 0.17963000338932034
teilige; 0.17948656680891872
Rückenlehne; 0.17870897919419804
schwarze; 0.17767542546789628
Nachtruhe; 0.17470875869184965
Zwei; 0.17450973624363542
Webstoff; 0.17386218884348636
aufs; 0.1726827949169092
mitgelieferten; 0.17119338765041903
Schaumstoffkern; 0.17056334875633183
benötigt; 0.169616267667152
Person; 0.16873652435606346
MERCURA; 0.16856797167565674
verbreitet; 0.16792494443507167
CARISMA; 0.16772759729065
Betthaupt; 0.167608693765942
Formschaum; 0.1674738453439204
verleihen; 0.16744355953778722
Kiefer; 0.16740175503946375
Gönnen; 0.16653432649036404
vielseitig; 0.16545505054091336
FALCO; 0.1651086567726452
Aus; 0.1651039961088827
Situation; 0.16501669310673606
erstrahlt; 0.1648639045888558
