Wort; Durchschnittlicher Wert
Braun; 0.2307052785763517
Reißverschluss; 0.2215809152694419
Maschine; 0.20562232446172857
C; 0.20518299820105312
versehen; 0.20515051469556056
Machen; 0.19145819830009714
gewaschen; 0.19137706683250144
Boxspringbettes; 0.19131589333119337
fest; 0.18591580491920467
Wäsche; 0.18474383832653984
beträgt; 0.18286241669557057
wurde; 0.1815804696525447
Rollroste; 0.18073420983273536
Hinweis; 0.18001380443456583
Kg; 0.1780967974241321
lackiertem; 0.17701386720727896
Hellbraun; 0.17472712832386605
Basis; 0.1735242550057592
Zonen; 0.1728731824841816
ergänzen; 0.16975434351479635
Kilogramm; 0.16727745151729323
Paketspezifische; 0.16627955363946967
maximale; 0.16609646996948868
Komforthöhe; 0.16542596344152116
hellgrauen; 0.16389696681289934
MID; 0.16099377267528325
Kopf; 0.16067137068603188
richtig; 0.160388907243032
Stütze; 0.1601595967385947
Komfortschaum; 0.16008293905906612
schönen; 0.16005456822313135
Wand; 0.1597547946148552
Buchenholz; 0.1592341304058209
besitzt; 0.1589931224079919
bringt; 0.15791191069001798
Zustellung; 0.1573728162475163
weiteren; 0.15695084491744637
Komfortabel; 0.15547475915809628
Zusätzlichen; 0.15527971921255812
toller; 0.15495589847341762
robuste; 0.15483767492696643
LIVETASTIC; 0.15400586603209376
zweit; 0.15364413870338467
misst; 0.1530943607504014
vergessen; 0.15264921312700608
Zugabe; 0.15247017117326322
Gewicht; 0.15239279218803858
kombinierbar; 0.15213418811617885
Tipp; 0.15196036465931684
Kern; 0.15179833166621393
