Wort; Durchschnittlicher Wert
Reden; 0.039651451726967935
Situation; 0.036693340305646416
Vorstellungen; 0.035708791605429724
Weich; 0.03428178648027824
Trendfarbe; 0.034214564595458796
FALCO; 0.03333745466079563
Menge; 0.03208384507615847
beitragen; 0.0318444807708147
angepasst; 0.031512767578533385
Ehre; 0.0310356009285897
Runden; 0.0296025158604607
Kaltschaumpolsterung; 0.029601887214084854
umfassenden; 0.029473751259502023
gesteppt; 0.02880992201698973
Hat; 0.028528745572884873
angesagt; 0.027881414809598937
mausert; 0.02772395096690161
STAN; 0.0275145738341962
Malutensilien; 0.02747886476572603
geschmackvolle; 0.02742229472823965
Pölstern; 0.02733582814289548
Mix; 0.027159568679053336
schwarze; 0.027018730295822024
THOMAS; 0.026791777709149756
verwahren; 0.026733005994174164
Namen; 0.02611765185429249
meisten; 0.026037573916255496
Extras; 0.025834651838522404
Finden; 0.025666898683994077
mehrere; 0.02560781804368162
ausgeklügelte; 0.02539313879515248
gestalterischen; 0.025230615588952787
Linien; 0.025056800518541422
überraschende; 0.02503198319027433
Möglichkeit; 0.024894870419302606
QUEEN; 0.02483014801691752
all; 0.02476607511198381
anzubieten; 0.024611415421532
Wohlfühlzentrum; 0.024527881207632163
Gesamterscheinung; 0.024445679133350495
Faible; 0.02420351273030974
diejenige; 0.024173849738872377
Zustand; 0.024033219437114894
zweifellos; 0.0238805911540112
strapazierfähige; 0.023789253253198694
Kuschelecke; 0.023789076920365915
erscheinen; 0.02376855218608398
Vielzahl; 0.023710348170425277
Graue; 0.02370828924176749
trendigem; 0.02365809688126319
