Wort; Durchschnittlicher Wert
Person; 0.3571169573260704
Bettlade; 0.3505412473823526
eignet; 0.3187645085213262
Luftbett; 0.29808940832299413
Schlafplatz; 0.27173920158384135
Fernsehsessel; 0.2697679251568843
BESTWAY; 0.26872432611253316
empfehlen; 0.26442032628983725
Mustern; 0.26350298717443366
Einlasstiefe; 0.2627409511915175
somit; 0.2616129052839824
wohlige; 0.25681724661262706
Minuten; 0.2553121809360164
MARS; 0.2532577581660007
Luca; 0.2505975526146358
mitgelieferten; 0.24752160356183595
massiver; 0.24654617470332596
modernen; 0.24498051369664609
Bessoni; 0.24495506540915812
Beleuchtung; 0.24363377053668955
Pumpe; 0.24256104350024543
Zubehör; 0.24133523164528015
geschickt; 0.2401123231575184
benötigt; 0.24008712179784197
beflockte; 0.23990368132035655
grauem; 0.2375074393603427
diesem; 0.2361056050613115
Farbgebung; 0.23550893932406325
Charme; 0.2341029077388157
Echtholz; 0.23397000981276506
Ombra; 0.23331589609369985
wo; 0.2327718137676129
Runden; 0.22990620462223887
schon; 0.2277988782261673
Zweisitzer; 0.22662335077984608
GENEVE; 0.22626453576231143
gewachstem; 0.22558911571104545
Einrichtungsstile; 0.22472904514870606
LED; 0.2244918339783908
neben; 0.2238842716687941
derselben; 0.22370349308039295
Schublade; 0.22349395966011798
Schlafbereich; 0.22341946070082486
Paneelen; 0.22094780296902172
unterbringen; 0.21919523578617373
flexibles; 0.21852883268729784
Erweitern; 0.21751827767548093
zusammen; 0.21735033081859
bevorzugen; 0.21705850884245592
schwarze; 0.21565717906923965
