Wort; Durchschnittlicher Wert
Braun; 0.054076789994724095
Reißverschluss; 0.05281594773987308
Komforthöhe; 0.05204709206009284
zweit; 0.05131829535821453
vermittelt; 0.05065339306747774
fest; 0.05026632943190634
Komfortschaum; 0.05017830349970609
anlehnen; 0.04994378302944824
Kingsize; 0.04940054769394919
Falls; 0.0485938211568282
verzierten; 0.04857031349092722
überzeugenden; 0.048246893944451585
lackiertem; 0.047943179903086275
YOU; 0.0478527182713151
hochwertigem; 0.04776469152420759
vollenden; 0.04761758085805923
C; 0.04757185862399638
Schlamm; 0.04662269412074238
versehen; 0.04643725830828771
dies; 0.04606463329400867
Kg; 0.04598924837773666
worauf; 0.045803698943927884
wobei; 0.04577666521072388
Lattenroste; 0.04556340925046243
hellgrauen; 0.04544775217073038
Teenager; 0.044640441599767655
Rahmen; 0.044429623550968245
liegt; 0.04338438843842596
Stütze; 0.04321471636649221
Wäsche; 0.04253951023565605
maximale; 0.04248297127196565
Maschine; 0.04235698189586401
gewaschen; 0.041830887290416285
Boxspringbettes; 0.04165201389696449
bezogenen; 0.04164988821139559
freut; 0.04163577835424803
Komfortabel; 0.04162465094123036
PUEBLO; 0.04100161138921976
Schicker; 0.04098053822963266
MARA; 0.04051507234908058
Basis; 0.04044302515103482
Paketgröße; 0.04033329582307488
Schlafgefühl; 0.040173929650336504
Da; 0.0401254826283548
MID; 0.04002354323165491
beträgt; 0.039547568012494594
Zusätzlichen; 0.03925141837680712
Toppers; 0.03904038364998996
Nylon; 0.038837656553369015
bringt; 0.03876091568963602
