Wort; Durchschnittlicher Wert
Rollroste; 0.31384835029166425
Visocschaum; 0.29777706875029253
Braun; 0.2781207617481414
Zonen; 0.26459758506098296
Buchenholz; 0.26399514554213965
Dieser; 0.25771990533056055
Hinweis; 0.2533149831215269
dieser; 0.24992134123749565
lackiertem; 0.24966504394978983
Stunden; 0.24892044129228452
Passend; 0.24158749630714738
Lieferumfanges; 0.24097241815616144
ausschließlich; 0.2384284077998018
MATTO; 0.23746136545560148
JUIST; 0.23519639602454845
Schutz; 0.23231919200043194
neinLattenrost; 0.23208633228568942
Kilogramm; 0.23139331986567413
C; 0.22825383376402897
Sitzhöhe; 0.22671361596803763
Gewicht; 0.22528035277912295
Schlafgefühl; 0.22276928566861898
Wand; 0.22269072251583566
YOU; 0.22059512782652746
stets; 0.21944748623172927
hochwertigem; 0.21931242777282023
wurde; 0.21905733714567077
geeignete; 0.2169055198864953
stilvoll; 0.216898672734942
Hellbraun; 0.21630277647273033
behagliches; 0.21479922186881595
weiteren; 0.21434343327928218
robuste; 0.21429821716810693
liegt; 0.21351508364023175
wobei; 0.2127654585056007
braune; 0.21206695883756765
toller; 0.21171428339221166
maximale; 0.21100627856503706
Komforthöhe; 0.21089872825905331
max; 0.21079830009693978
Zusätzlichen; 0.2107830410650422
Schlicht; 0.2105492661430617
Kontrast; 0.21005429355500382
zweit; 0.20969756059275824
Schlafambiente; 0.20955996164047974
Lattenroste; 0.2095265994383908
worauf; 0.20928390468179714
beträgt; 0.20920482748806535
REGI; 0.20846628848084947
DekorGesamtlänge; 0.2079823645108263
