Wort; Durchschnittlicher Wert
Rolle; 0.017052135232916044
erhältlichMaßeLiegefläche; 0.016968008678304614
hervorziehen; 0.016783617362307268
aufklappen; 0.01675409610652423
Visocschaum; 0.016568191382248187
Richtung; 0.016567361167290073
ihm; 0.015849684950808296
Schlafengehen; 0.01546728661924135
aufblasen; 0.015394320210361911
Ausziehbares; 0.014932442080862529
erscheinen; 0.014367508021678077
komplett; 0.014343468571496487
versprüht; 0.014211852998414543
DOMINO; 0.01413253415194049
endlich; 0.014066215156390172
ELEPHANT; 0.013728898271438084
großflächige; 0.013654458321070706
Bonellfederkernmatratze; 0.013429592483589659
ansehen; 0.013407605683596557
Herunterklappen; 0.013251098651380744
eigener; 0.013207596999563975
abgesetzten; 0.013206739466113504
Gegebenheiten; 0.01319581286054472
zeitloser; 0.013084316375568505
Erholsamer; 0.013016344046263839
zierliche; 0.012904263528525917
gelagert; 0.012869162028437131
Graue; 0.01283705969399307
stabilem; 0.01280983411379566
unglaublich; 0.012802220576077161
CAMINODas; 0.012666258298850153
dunkelgrauer; 0.01265705273635831
Elegantes; 0.01264056235049793
Sand; 0.01262247816521267
nahezu; 0.01250804613573564
Wohnungen; 0.012428352886331595
Elegante; 0.012373487057629973
versetzt; 0.012364595251710853
Umfang; 0.01232941147100064
Befüllen; 0.012258398088306421
reicher; 0.012239598923770245
Herrlich; 0.01222447485270095
Mega; 0.011909522807400208
VALENCIA; 0.011840894068882335
ankündigt; 0.01183993926997573
durchgehende; 0.011806360562331975
erstrahlen; 0.011796304960284942
Echtholz; 0.01164540877653053
Zusammenstellung; 0.011556754391335744
ab; 0.011521324370733055
