Wort; Durchschnittlicher Wert
beflockte; 0.10885435942327604
zeitloser; 0.09891574230277911
gradlinigen; 0.0937767933064606
ungewolltes; 0.09275936533231288
Einrichtungsstile; 0.09175808595318813
inkludierte; 0.08271206147765042
verhindert; 0.08221308635984315
Senfgelb; 0.08051825972506776
Bild; 0.07738805915141711
Gute-Nacht-Krimi; 0.07650110273971222
Kautschukholz; 0.07605225656880066
flexibles; 0.07577822446182836
werden.HinweisBitte; 0.07573838173993863
versprüht; 0.07483676477568224
leichtgängigen; 0.0725222749315435
NEO; 0.07169446334592067
Zusätzliche; 0.07030179211869836
Wunsch; 0.06813583901748643
SANTA; 0.06787354951666202
Klasse; 0.0677336968947202
Richtige; 0.06733423995319754
Charme; 0.06698708364547201
dienen; 0.06693449424346909
Rollen; 0.06657298517529853
verbreitet; 0.06612556369509548
Schöner; 0.06577731540892273
abnehmbarem; 0.06571328308200464
Bettschublade; 0.06533860048511997
OUTDOOR; 0.06400507886428386
Boxspring-Polsterung; 0.06247094029095024
Egal; 0.062289555004099384
schlichtem; 0.06207785848346248
ausziehbaren; 0.06169427129316318
Schnellverschlussventil; 0.0616589088604087
Sonderklasse; 0.06161464891192736
Formschaum; 0.0609742703527445
CRUZ; 0.06076151254819706
Träume.HinweisBitte; 0.06022045182908187
verführerische; 0.06021524022798985
Handgriff; 0.059546941658481956
Zusätzlicher; 0.059439952252432704
Schlafengehen; 0.05943857389502227
Nehmen; 0.05933299017488025
Oberseite; 0.05920881649944931
II; 0.05903209356893058
hervorziehen; 0.058738956111483276
eröffnet; 0.058688882360002026
ja; 0.05833936051931232
Nutzung; 0.058028929168358445
entgehen; 0.05773864869843237
