Wort; Durchschnittlicher Wert
Samtbezug; 0.059588023709693516
Greige; 0.053937207767376094
Möbelstückes; 0.052969598458730616
Wohnelement; 0.04788824612114695
Möbelstücke; 0.04770751322939759
Farbton; 0.046076880156761035
Bordsteinkante.Paketspezifische; 0.04598151550453622
markant; 0.04582676125210128
Boxspring-; 0.04579194344114512
abnehmbaren; 0.04568456990818959
Abriebfestigkeit; 0.04544542073563207
101; 0.04542113246861845
Liefertermins; 0.04511270662624156
Bekleidung; 0.04507014619957772
umfunktionieren; 0.043893862020922825
schlichten; 0.04381878003914608
Holen; 0.04362529668287607
kgZustellungDie; 0.041870649067277554
wird.Weitere; 0.0415135847433703
Klappe; 0.04125871059659403
“; 0.041083988806349225
226; 0.040627891197800636
harmonieren; 0.04059805063297972
HinweisePaketgröße; 0.04049600674625253
70.000; 0.040150823930162005
MontageLieferhinweisLieferung; 0.04012696137738203
Rundrohr-Optik; 0.039452489516406786
Sitzkomfort.Ein; 0.03933881261582428
verstauen.HinweisStoff-; 0.03930732235312462
„; 0.0389842948934529
Schönes; 0.03875266471004579
Auszeiten; 0.0386349133150361
offenem; 0.038549507182324305
gehören; 0.038467282603960484
erhält; 0.03835633384733228
Hellblau; 0.038182784788659774
Wuchtige; 0.03777547452773433
Knopfsteppung; 0.03743462637066841
verrutscht; 0.03741085574074532
Ordnung; 0.037333497166400775
unterstreichen; 0.037320048053516075
pro; 0.03719647643811186
Großes; 0.037192475643678335
angenehmer; 0.03708289271162357
aus95; 0.03672587136134098
171; 0.036185529024805874
Platzangebot; 0.036047509653144516
Stärke; 0.03531428241694812
unten; 0.035186162385798525
Hell-; 0.035082373971818015
