Wort; Durchschnittlicher Wert
Wandgestaltung; 0.0857763993772096
107; 0.0762727973778965
Holzrahmen; 0.07322103700425941
Ausklappen; 0.06485843488189857
Zugabe; 0.06429010119609302
53; 0.06355373641417827
Einrichtungselement; 0.06322852394441725
Kind; 0.06168352132954169
Schlaf.HinweisDieser; 0.059967307690385496
Raum-; 0.059727188308897894
Wand-Klappbett; 0.05952152272220701
73; 0.05928580361432978
Kilogramm; 0.059165850150748156
machen; 0.059008036587329116
Braun; 0.058137347499723546
eindrucksvolles; 0.057840420078719035
Lieferumfanges.JUIST; 0.05725042134781688
robuste; 0.05700139535474591
Kg; 0.05656816958799027
wahres; 0.05555362331733704
Gefertigt; 0.05470373401476536
optimal; 0.054554284710320644
Kopfteil-; 0.05433151739271125
Spielzeug; 0.052453388525464106
wirklich; 0.052431258984142914
behagliche; 0.05238579925571685
erleben; 0.051194428553571925
LAGOS; 0.05086460981692653
gesteppten; 0.050717932622319495
angenehmem; 0.050619471236132085
8; 0.050484906940255314
richtig; 0.05021643040890922
Halt; 0.0497939519573265
Querschläfer; 0.0497402578657784
raumsparende; 0.04965325787998154
spontaner; 0.04961535312759224
braunem; 0.049505112550832564
aufstellen; 0.049011535576937604
124; 0.04877364258027228
frische; 0.04874646851385478
Reich; 0.048337419706513174
69; 0.048103964334586635
geöltem; 0.04794840858812677
bis; 0.04761966553996899
stets; 0.04760267944948282
Maschine; 0.04749434319455759
221; 0.047444035184526
320; 0.047266049703466706
Hand; 0.04718380138001521
Buchenholz; 0.04715049749938771
