Wort; Durchschnittlicher Wert
Greige; 0.13353021550028643
anstrengenden; 0.1231797486107098
Boxspring-; 0.1192375603277469
Stress; 0.11473548157664482
340; 0.11383789131650701
jeglichen; 0.11347295697487425
liebsten; 0.11325843358645216
Schwarz.Die; 0.11195621309161652
türkisem; 0.10780502190755215
werden.Die; 0.10750899462436792
Romantisches; 0.10444833828660194
angekündigt; 0.10147136994055472
226; 0.09944142140739132
Unterbau; 0.0984212065814063
Anthrazit-Grau; 0.09791084816970397
Augen; 0.09752487116202246
himmlisch; 0.09548931568861008
Eyecatcher; 0.0939444706600625
FüßenStilvoll; 0.08758103118452709
saubermachen.Die; 0.08671601359674241
Wuchtige; 0.0863826551794773
Sitzkomfort.Ein; 0.0859410831326386
strapazierfähigen; 0.08584400788095081
geschaffen; 0.08575952299725031
Rückenpölstern; 0.08522267179796472
erzeigt; 0.0841589639603626
verstauen.Dieses; 0.08387192104419228
321; 0.08382505984627642
202; 0.08346163903479464
hellbraunem; 0.08293853195937118
Flachgewbe; 0.0827721336754621
verräumen; 0.08177522958430927
machen.Dank; 0.08116648588475073
Interieurs; 0.0808280002192987
spielt; 0.0807325584901264
CHARLIE; 0.08014824731799308
Fliegen; 0.08011020123376511
CHARMING; 0.07916811046015937
Auszeiten; 0.07893533846799983
Wahl.Dieses; 0.07826010951248463
versinken; 0.07807772298565396
360; 0.07751063160321792
Verarbeitung.Der; 0.07710964431316825
Schönes; 0.07675792271038517
Beisammensitzen; 0.07660621059767436
44,5; 0.07606054193456657
Rückenteil; 0.0759488501753367
Lieblingslektüre; 0.07569228324427968
konzentrieren; 0.07549491071404191
ausgestatteten; 0.07534296889207326
