Wort; Durchschnittlicher Wert
Gute-Nacht-Krimi; 0.11097742024185209
Liebesroman; 0.10979626819607802
beliebt; 0.10794043901842088
sehr; 0.10624474941869266
Schlafzimmermöbel; 0.10608518779918086
Traumbett; 0.10545132646802813
ausziehbaren; 0.10490025232866174
Regalfächern; 0.10380471435928484
Zusätzlicher; 0.10315822350094095
seitlichen; 0.10209918074542657
leichtgängigen; 0.0979613910021726
Rollen; 0.09672465103358263
Einschlafgeschichte; 0.09416087497356784
großzügigem; 0.09413404221413657
geräumigen; 0.09231146285310388
Räumen; 0.09025285777170211
platzsparend; 0.08776947535807267
AZURRO; 0.08106705034151673
sind.Das; 0.08074677566764876
Wählen; 0.07812585536157712
funktionelles; 0.07749427983799251
Verfügung; 0.06964353064540774
AufbauanleitungHinweisBitte; 0.0693772759696003
zieht; 0.06838350018369965
vorne; 0.06716104582301341
HinweisBitte; 0.06611445259386528
50; 0.0645991212586523
Ausführungen; 0.06417521946423221
Bettlade; 0.0639635077350249
Bezüge; 0.06389757673605345
Zweisitzer; 0.061741189725580625
Ausstattung; 0.06127674176241271
Aufwertung; 0.06099815744528314
Co; 0.05973607768828515
Dreisitzer; 0.05928598350692482
Bettkasten.Mit; 0.05919024930335581
-PH-; 0.05903311746806139
Oberseite; 0.058938357629813254
Einrichtungsstile; 0.058047368060215376
grauem; 0.05746516840008553
um; 0.056942204100778326
schwarze; 0.05498482598159171
aufragenden; 0.054771631468611304
Bild; 0.05458089921739884
152; 0.05452332441927865
viel; 0.053955751107423566
angenehme; 0.05378589910105802
Chromfarben.Doch; 0.05325383106537629
zeitloser; 0.05313935656158719
Freuen; 0.05292416180600412
