Wort; Durchschnittlicher Wert
Dauerschläfer; 0.0770068065248779
Schwarz.Die; 0.07560320499032969
226; 0.07545123053705538
Relaxen; 0.0703936788959254
werden.Die; 0.06903379382310959
Augen; 0.06529503043475415
321; 0.06512888343422674
ihre; 0.06311606986491825
Wände; 0.062228463299106807
Verfügung.HinweisDieser; 0.061948518345161574
gestalten; 0.061870313627878204
anstrengenden; 0.06145160211781331
angekündigt; 0.060808141806774074
Boxspringsofa; 0.060750533108148375
türkisem; 0.06049772449841839
Sofa; 0.059745960687678235
möchte; 0.05947307204041863
Positionierung; 0.05921424387543084
96; 0.05915947214998596
219; 0.05877391201647697
Wahl.Dieses; 0.05862978700133681
genießen; 0.058429905693628825
verleihen; 0.05830281405360438
erweitern; 0.05819444041480892
Lassen; 0.05790344729757635
101; 0.057821876576781506
202; 0.05745711268900777
schlichten; 0.05725323982187547
erlaubt; 0.05695151122563402
jene; 0.05673620600646245
jeglichen; 0.05648703807673883
GARCIA; 0.05621682784112636
Sowohl; 0.05601407977337658
Rückenpölstern; 0.05590820818542852
unterstreichen; 0.05574753439577762
verstauen.Dieses; 0.05570967482526612
einziehen; 0.05548748027649708
rechts; 0.055423802213226736
FüßenStilvoll; 0.05539108361881517
Farbton; 0.05526835694035981
Romantisches; 0.05523937322868733
CHARLIE; 0.055110477936977986
203; 0.05500065426167566
Bordsteinkante.Paketspezifische; 0.05417016163846711
340; 0.054083940347481985
Bettkasten.Ein; 0.0536891463707434
110; 0.05340435096695728
Stress; 0.05332350462776958
Stück; 0.053180685765255475
44,5; 0.053102326337466366
