Wort; Durchschnittlicher Wert
Braun; 0.08579722776175913
Hinweis; 0.08523410254929331
Kopf-; 0.07676107070437865
73; 0.07567838879913324
Rosa; 0.07304104019203805
klassisch; 0.07051925704581663
BELLA; 0.06951965711050434
Länge; 0.06811794383429515
Schlaf.HinweisDieser; 0.06809343954228098
213; 0.06795538101505372
wahres; 0.06600473308935761
übernachten; 0.06573612170177512
Fernbedienung; 0.06534683566496824
REGI; 0.06452758688101312
Reinigung; 0.06450988168217009
eindrucksvolles; 0.0638531983277062
138; 0.062906734072385
integriertes; 0.06267013276919897
maximale; 0.0620727246387105
Problem; 0.06176848205541319
Polyetherschaumkern; 0.061299337687160005
Reißverschluss; 0.0606257196268416
64; 0.060587227813812206
zugehörigen; 0.06054891514941119
verwandeln; 0.06019762188225286
JUIST; 0.05998167944562738
234; 0.059579716114114945
ausschließlich; 0.05918685419874237
Stütze; 0.05873981202557843
Spielzeug; 0.05854616588658246
Fußbeine; 0.058404202851306763
pflegeleicht; 0.058245088903277065
gewischt; 0.05807623262080597
einmalig; 0.057494347036481486
107; 0.05743372323922813
196; 0.057338228238222655
Einrichtungselement; 0.05665833370221662
worauf; 0.05617831442941679
genießen.Bequeme; 0.05566289466605667
Einrichtungsstil; 0.055527090564282844
Boxspring-; 0.05550065302668372
69; 0.05535309198239702
Tipp; 0.05526800512598129
klappen; 0.055121197661719634
Einsatz; 0.05506919020808709
Komfortschaum; 0.054994974605506286
chemische; 0.054869055393282906
Bettkasten.HinweisStoff-; 0.0546466822261209
ankommt; 0.05425206101608637
Märchen; 0.05424828660784442
