Wort; Durchschnittlicher Wert
durchgehenden; 0.4081179036293179
Polyurethanschaumkerns; 0.40432917629368603
Eindruck; 0.3951517988462001
Chromfarben.Doch; 0.39292223029769957
abnehmbaren; 0.38963962090201676
Obermaterial; 0.38932454818859696
Abriebfestigkeit; 0.38601091993041337
Synthetik-Mischung; 0.3858689512126148
eckigen; 0.385417623212561
-PH-; 0.38524477230384946
Während; 0.38414594484493136
vermitteln; 0.38352974876761436
geringen; 0.3795408543664962
NERO; 0.37647412973456085
Pillingbildung.Auch; 0.3736790360417217
3,5; 0.36606893641874194
Freuen; 0.35893013956956565
Ausführungen; 0.35014735581353307
gepolstert; 0.34889293904416263
edlen; 0.3484729565680027
61; 0.3410349050536752
diejenige; 0.33883559703826904
THOMAS; 0.3379428351763636
Er; 0.337690917076543
höchsten; 0.3355495904106647
Finden; 0.33276720601134
Edles; 0.3320822525129188
übrigens; 0.3170732161961496
Trendfarbe; 0.3147152423625812
Buchenholz; 0.30963321798481047
aufgrund; 0.3077975403284654
Fußform; 0.30529457493685186
Weich; 0.2987045352347195
weist; 0.2844954726751894
41; 0.2673885869298829
Leichtigkeit; 0.26577873071073554
passt.HinweisDieser; 0.26477658236399293
Lichtechtheit; 0.2573189778486267
saubermachen; 0.24770577996969223
harmoniert; 0.24401182599831372
Sitzbank; 0.24211604264564812
hoch; 0.24140002962667495
Tipp; 0.235441111959517
18; 0.2300682843197137
ab; 0.22869835165329278
Pölstern; 0.2265595329226926
gesteppt; 0.22253535129129887
44; 0.21981713152490556
Flair.Mit; 0.20998214499559253
Dreisitzer-Sofa; 0.2081471448764205
