Wort; Durchschnittlicher Wert
Ordnung; 0.11387614713748917
226; 0.10969268604821991
umfunktionieren; 0.10938796718255617
entsteht.Ein; 0.10199794352956815
Schlafgemach; 0.09884387913916726
Wangenform; 0.09835291056515416
Einrichtung; 0.09717884642304853
werden.Die; 0.0969371541577857
321; 0.09575898906041402
Relaxen; 0.09556013321923729
bestimmt; 0.09513045644416707
möchte; 0.09359813629998825
Verfügung.HinweisDieser; 0.0905992011539638
Möbelstücke; 0.09036842778914433
Ausziehen; 0.08947552982681373
Silber; 0.08913373036011762
umfangreiche; 0.08764560615236405
Stil; 0.08738029055530205
Bordsteinkante.Paketspezifische; 0.08726538342307322
gestepptem; 0.08691228222596692
Wände; 0.08634834196345764
96; 0.08573250858171377
Lounge; 0.08429271911154501
weiche; 0.08408609050820814
außergewöhnlichen; 0.0835848951828666
puren; 0.08242977139889263
k.A.Matratze; 0.08169917153281858
Nosagunterfederung; 0.08166928988066502
fünf; 0.08166065605473705
Dunkelgrün; 0.08155686156533193
Metall; 0.08108090445421112
einzigartigen; 0.08082844289310742
Zeitschriften; 0.08061623033427168
angekündigt; 0.08020984492031857
FRISCO; 0.0801912773604272
Inkl; 0.08007640729192644
Viel; 0.0800356950785499
erweist; 0.07974243021453731
STELLA; 0.07959429753100267
Für; 0.07922620046883821
unterstreichen; 0.07907343282477086
nieder; 0.07877811868092977
Dunkelbraun; 0.07865044403661159
360; 0.07849060122680385
schlichten; 0.07849044796603266
verziert; 0.07844437909079716
verstauen.Dieses; 0.07821757518104278
gestalten; 0.07775249148835428
hervorragend; 0.07766753966279794
geschwungenen; 0.07764889492182192
