Wort; Durchschnittlicher Wert
Gemütlich; 0.06149849446956068
nötigen; 0.05701387065346353
Nicht; 0.05327378015499562
Übernachtungsmöglichkeit; 0.05219175973616075
werden.Dank; 0.04993054043734446
Schlafzimmermöbel; 0.049816684622783214
stets; 0.048526827042223886
angenehmem; 0.04783374152611941
prakitscherweise; 0.04764770811016206
Fernsehabend.Die; 0.04741111151815858
Stunden.Die; 0.04730976195423864
Boxspring-Polsterung; 0.04660815466195345
Platz.Egal; 0.046230828505940735
Bedürfnissen; 0.046080777487077285
LAGOS; 0.04536701901815832
beliebt; 0.044487166713224724
verkleidet; 0.04445781226968393
ermöglicht; 0.044204585370607674
Haus.Das; 0.043847136927070096
zwischen; 0.04379368608351797
Fußbeine; 0.042681803650339134
STOCKHOLM; 0.04196333349682391
gelingt; 0.041673876405184274
Ausführungen; 0.041258998986450024
geradlinigem; 0.04121611162554473
NORWICH; 0.041182142100296915
QUEEN; 0.04101899149827659
Holzrahmen; 0.04092370695434511
Gute-Nacht-Krimi; 0.04028310819376202
passt.Weich; 0.040009096499488805
variieren; 0.03976813383633271
schwarzer; 0.039701313166006
U-förmige; 0.03954939094546717
Dadurch; 0.03919395385310054
gehen; 0.03909571492113173
Wohnbereich.Dank; 0.03903353998612147
LA; 0.03878334810724482
verstellbarer; 0.0385053696736577
bezogen.Bei; 0.03849187486048322
MATTO; 0.038458648457890376
wahlweise; 0.03823957740678452
Grenzen; 0.03668235808436293
lieber; 0.03590940751018934
extravagante; 0.035746790730627254
PARK; 0.03573619261442218
Besonders; 0.03558642667485401
Verfügung; 0.03543586778687313
Scheuertouren.Dank; 0.035322830255609006
Kein; 0.03530969173880294
verloren; 0.035285002675664145
