Wort; Durchschnittlicher Wert
107; 0.1183955231535947
Kopfteil-; 0.10619482512993272
eindrucksvolles; 0.10415625566383824
AREZZA; 0.10364785243291408
192; 0.1015410056716064
variieren; 0.10040942902560346
gradlinigen; 0.10039955455431482
graue; 0.0981032433337532
dienen; 0.09608511746046133
BESTWAY; 0.09589524535113014
spontaner; 0.09474133163166698
komfortabel; 0.09277771977940574
Kg; 0.09242650371743366
zeitloser; 0.09136057121941121
angenehmem; 0.08992858999408782
Pumpe; 0.08968123224622104
Richtige; 0.086812678957358
umwerfend; 0.08571756714809453
alleine; 0.08561497595655965
cm.Die; 0.08554928601370193
überzeugende; 0.08514026735792868
Rollrost; 0.08512169831374194
Arm-; 0.08447267487645149
hölzernen; 0.08443841976986732
75; 0.08312911742359574
weißem; 0.08253257616888732
Reich; 0.08233496767934412
zwischen; 0.08087547644390725
Kunststofffüßen; 0.08039561568148201
Bonellfederkernmatraze; 0.08003187322174199
benötigen; 0.07974557753186673
prakitscherweise; 0.07945778302382678
Breite; 0.0793166258445126
flexibles; 0.07927122100954875
höher; 0.07893488125409931
ansprechendes; 0.07886180010973476
Senfgelb; 0.07848974590524449
Luftbett; 0.07724258661619388
großzügiges; 0.07712668098247377
ebenso; 0.07705613464713679
147; 0.0769167264807038
Wand-Klappbett; 0.07671030335768592
120; 0.07650624934467487
Blicke; 0.07630353925196687
Sitzmöbel; 0.07616758486256003
breiten; 0.07584810018306598
Holzrahmen; 0.0744204338407144
grauem; 0.07440129667520523
Charme; 0.0742392603715416
131; 0.07388669112697244
