Wort; Durchschnittlicher Wert
JOHNNY; 0.039357906360237394
glatte; 0.031655164108087774
97; 0.030990037139417836
Ausspannen; 0.030148363919579424
daher; 0.02794896954583237
Betten; 0.02783200459452928
trägt; 0.02702534733361972
Zwei; 0.026977274330192813
Rollrost; 0.02656070433658897
Charakteristische; 0.026190335436695023
Oldstyle-Design; 0.026096795867488254
Wuchtige; 0.025474160887824837
Schattierungen; 0.025387774585396983
anderen; 0.025308895761213535
geometrischen; 0.02528430447273422
STELLA; 0.024850043570040725
Asiatisches; 0.024296824538396322
authentischen; 0.024173806534236064
Schlammfarbe; 0.02412887340915404
gewachstem; 0.023593843670823844
73,4; 0.023409407360304613
höher; 0.02337966520417467
schaffen; 0.023374090776997036
Simplizität; 0.023242189206939656
schönes; 0.02318045667198021
dunkles; 0.0229819345913711
exquisiten; 0.022802240782766603
216; 0.022558779464816325
chromfarbenem; 0.022469041188742267
geschickt; 0.02240004885243252
145; 0.022160215779877035
modischen; 0.022101909478806192
Stauraumwunder; 0.02186864800114563
überbieten; 0.021706839917897014
ARUBA; 0.02154658080689842
platzsparende; 0.021473940651048906
Formschaum; 0.021355176344513893
hippes; 0.021137941315828357
Zusammenspiel; 0.02090076280728681
Wohnkonzept; 0.020731372460431885
in; 0.020688576832071703
Ausziehbett; 0.0205102302220439
ISABELLA; 0.020473490678341477
Rückwand; 0.02022354085056577
einzigartig; 0.020185609052134623
überzeugen; 0.02011933481117012
207; 0.020094510167837143
schafft; 0.020064865973836277
hautfreundliche; 0.020031904554343782
Gurtfederung.Ein; 0.019796290776866954
