Wort; Durchschnittlicher Wert
Box; 0.09594794513395755
Kopfteil; 0.09476207409898052
Matratze; 0.09461449290029122
-; 0.08827075461886125
Boxspringbett; 0.08770689965967904
SchlafzimmerDrucken; 0.08602468019671505
bestellbar.Bitte; 0.08463270592619665
über; 0.08244104763434734
sich; 0.08212241636647377
Dekoration; 0.08202581397927133
im; 0.08154772029956803
:; 0.08148560755944345
interessante; 0.0812168802076485
einer; 0.0806408813514281
in; 0.08048878039699048
edel; 0.0784069723522407
.; 0.07837760544498451
Topper; 0.07818996745481854
KategorienWohntextilienVorhängeStehleuchtenWohnzimmertischeDrucken; 0.07753624772885814
KategorienSchlaftextilienNachtkästchenKleiderschränkeKomplette; 0.07631048291295883
Der; 0.07406929413991747
kg; 0.07349561335104227
Schlafmöbel; 0.07347516673326027
ob; 0.07343796888017096
UNK; 0.07331550132948905
Härtegrad; 0.07307677248172695
vor; 0.07305390812689438
bequem; 0.07289718271931633
80; 0.0721791717915039
Bonellfederkern; 0.07211429517610668
Mit; 0.07168065430596471
dort; 0.07163775773369707
hohe; 0.07145730071351863
Einen; 0.07141720292929676
bis; 0.07122467015869915
verfügt; 0.07112798752496019
220; 0.07099347781172582
41; 0.07095338313229149
ausgestellt; 0.07089534847182222
des; 0.07089414059009869
Mehr; 0.07067845776691684
Höhe; 0.07041535157259204
besten; 0.07001054893044056
überzeugt; 0.06993540670373477
Sie; 0.06977420864859596
machen; 0.06957424420397729
zudem; 0.06910608879115898
x; 0.06877417272335151
eine; 0.06865959431161173
130; 0.06852326437365264
