Wort; Durchschnittlicher Wert
Zusammenstellung; 0.12348073831708462
freuen; 0.12021980638382956
steht; 0.11989987670676783
wir; 0.11794535923399962
Lieferzeit; 0.11702132446225733
Polstermöbels; 0.11686330421071034
individuellen; 0.11561574785446282
Verfügung.Unsere; 0.11510777676448924
Ihres; 0.11425045055511873
Stoffkatalog; 0.1138484294351656
unserem; 0.11359733786957804
persönliche; 0.11358134014881216
Besuch; 0.11280984130280558
Onlineshop; 0.1125693968788255
Farbauswahl; 0.11249519100238103
Dieser; 0.11238886014143645
Farbmodellen; 0.11230045417323709
rechnen.Bitte; 0.11193427286343649
PreisNeben; 0.11112365557346493
umfangreicher; 0.10852807675837539
bereits; 0.10818271932657808
ein; 0.10805302298103925
etwas; 0.10757432984246407
einen; 0.10716810302983504
Bestellung; 0.1061962224484887
Komfort; 0.10597070974472445
Drucken; 0.10581192818062846
stilvoll; 0.10482135359052336
zu; 0.10477032460039482
lagernder; 0.10455512267071754
Nosagunterfederung; 0.10394833053578623
unseren; 0.10373044770676643
Kundenberater; 0.10348794440506026
zur; 0.10341605414578225
das; 0.1032572373514995
Daher; 0.10319007796351798
den; 0.10304930170968873
auch; 0.10254700103541836
anbieten; 0.10139098555555393
Ware; 0.10067318030814931
Ihnen; 0.10037466407811735
Ihren; 0.10025291392230429
gegenüber; 0.09988314716611058
Wohnlandschaft; 0.0996901253820397
Bettfunktion; 0.09932444352307357
ist; 0.09886271692812443
sie; 0.09862385789165273
höheren; 0.0981429129751632
sondern; 0.09749384120368632
dieser; 0.09740618867363082
