Wort; Durchschnittlicher Wert
bestellbar.Bitte; 0.1262729587033391
dort; 0.11933807547757169
ausgestellt; 0.1171271687198896
die; 0.1154286946693901
im; 0.11369969032239169
Artikel; 0.11219958784749906
der; 0.11005923994525801
eine; 0.1089072793838568
sich; 0.10887689817900537
das; 0.10811010144243483
einen; 0.10656305139127653
(; 0.10639492428163067
Filialen; 0.10529023001436144
.; 0.10508121433667839
Design; 0.10455511353211477
Sie; 0.10451663593266858
wird; 0.10300204006489366
unseren; 0.10290512911160477
überzeugt; 0.10223575513373362
Platz; 0.10207655502017587
aber; 0.10182517362409271
in; 0.10182476884801872
einer; 0.10170167560863774
beachten; 0.10163860623288201
und; 0.10156442824518308
oder; 0.10102919759447104
auch; 0.10056414348946419
für; 0.10012906522388221
bequem; 0.100110562692862
dem; 0.09999836751376279
von; 0.09940992369956803
einfach; 0.09924420944298618
L; 0.09874149759707507
abgebildete; 0.09862935593992006
B; 0.09851715751938173
:; 0.09850614424794912
den; 0.09821795286188717
cm; 0.09820082949590869
Die; 0.09759557681354636
gemütlich; 0.09687217869213782
Lieferumfang; 0.0967071745544672
–; 0.09661434235749766
Das; 0.09606424649246037
Dekoration; 0.095989529909275
x; 0.09564304181185435
UNK; 0.09526473592268303
Mit; 0.09476124617503956
Liegefläche; 0.0947445335041266
können; 0.09467633863096125
ein; 0.09407380822813138
