Wort; Durchschnittlicher Wert
angenehmem; 0.06216505042903009
prakitscherweise; 0.05538720593904145
197; 0.054111499528517015
passt.Weich; 0.05158316514280159
verloren; 0.05138725959477597
großzügiges; 0.05071120522188721
Wandgestaltung; 0.049432341797000845
kontrastfarbene; 0.04819603596115485
73; 0.047919821303366916
107; 0.04723029613160179
FLORA; 0.0463683688758465
graue; 0.04569989908486605
ausgestattet.Optisch; 0.04558513245137874
MATTO; 0.04518105126044247
raumsparende; 0.04511379398900317
Bordsteinkante.Die; 0.04468987969812588
gesteppt; 0.04453868638483982
53; 0.04390415626039612
Rosa; 0.04379675974450947
LAGOS; 0.04379449927364476
XL; 0.04367521563108312
Hand; 0.04355296661378816
durchdachte; 0.0433623972494388
69; 0.04325926193769192
Pölstern; 0.04275233137741452
braunem; 0.04243700882216217
Kingsize-Boxspringbett; 0.042082010471858666
87; 0.041951787996367784
Reich; 0.041784695556998486
wobei; 0.041719950389961014
147; 0.04124383225644124
Stütze; 0.04100210801789217
rechteckige; 0.04095527058234438
Holzrahmen; 0.040951144463178935
bezogenem; 0.040598024999781046
massiven; 0.04044064119079849
Lieferumfanges.JUIST; 0.040334395325771766
genießen.Bequeme; 0.04017136070069682
Pluspunkt; 0.040121810969139915
Auge; 0.04010978676160448
ausladenden; 0.040017943188104255
Schlafgefühl; 0.039543275034702674
Richten; 0.039353755935735535
eindrucksvolles; 0.03926671804583748
Schlaf.HinweisDieser; 0.038562830526643666
überzeugenden; 0.038433335605077446
Arm-; 0.03832258632974117
64; 0.038140440305141965
Kopfteil-; 0.03812803114669805
feinen; 0.03786496715474641
