Wort; Durchschnittlicher Wert
Luftbett; 0.11108561749279033
192; 0.10882686002878472
BESTWAY; 0.10821617292822339
Webstoff; 0.10036865296933684
17; 0.09566314893891104
große; 0.09152284709125524
Echtholz; 0.09147054914501496
Rückenlehne; 0.08851739400415681
eignet; 0.08724108172464184
grauem; 0.08349774660746334
Lassen; 0.0831832148724061
Übernachtungsmöglichkeit; 0.08224670073832385
grauen; 0.0813955931662349
Schlafplatz; 0.08082499777083285
Fernsehsessel; 0.07856967581028584
zeigt; 0.07843962082552025
Schwarz.Die; 0.0773966813867446
ganz; 0.077191083386424
Runden; 0.07706428092933493
Räumen; 0.07701745585654862
T; 0.07690122307394631
Gästezimmer; 0.0765889028843958
beflockte; 0.07654741776059382
Zweisitzer; 0.07628727469636942
145; 0.07608923560474068
nimmt; 0.0753318652859889
97; 0.07437961816322058
Formschaum; 0.07334537227870896
Bonellfederkernmatratze; 0.07326670060865581
elektrischen; 0.07294433882998419
schwarze; 0.07246132044383558
Kissen; 0.07178105577258975
Stoffbezug; 0.07160533653222956
Bild; 0.07146815820306074
Charme; 0.07137499106465839
komfortable; 0.07125335307500791
schlichter; 0.07093423041442293
aufstehen; 0.0707085969986565
Minuten; 0.07021259859902784
Dreisitzer; 0.06959130361792631
Jugendzimmer; 0.06927016777626704
Schwarze; 0.0692329063458601
zusätzlich; 0.06898463290508516
Bigsofa; 0.06895375228486955
Weiß; 0.06890151725383475
CAROLINA; 0.0685093045103713
verleihen; 0.06850451938225888
Zwei; 0.06801398230163613
57; 0.06797117186943069
vielseitig; 0.06756826079799794
