Wort; Durchschnittlicher Wert
großer; 0.034931201495055575
Schicke; 0.03363479964173166
darauf; 0.03306461367174052
diejenige; 0.03225602951897599
geklappt; 0.031557371228700504
Nylon; 0.03147259100660449
wartet; 0.031004140721734075
Hellblau; 0.029227559411083348
Gesamtkonzept; 0.02851636080231401
anmutende; 0.028280280501348898
Platzangebot; 0.027907631287234835
einladende; 0.027781126969784964
direkt; 0.027722743130652816
182; 0.026392777404907974
Kopfteilen; 0.02616846186674593
wunderbares; 0.026128547209737008
Ablagefläche; 0.02611739281564951
Komfort.Weich; 0.025650250536273234
unterbringen.Ein; 0.025609974680264713
Ausstattungsplus; 0.025565266936609987
Erholung; 0.02538641543515041
Wohnambiente; 0.024877127027139068
umfangreichen; 0.024858411323322116
Tagesdecke; 0.024743259549723007
12; 0.024550863421609392
Weich; 0.02443303972540889
Eiche; 0.024274050687381532
auffüllen; 0.02410222589605837
Jugendzimmer-Serie; 0.024097511941363337
Linien; 0.023763355660776142
Klappbett; 0.02364113128714962
Buchefarben; 0.02360359436715953
Wandgestaltung; 0.023323677116422914
komplettieren; 0.023220653340104036
204; 0.023128694607294165
THOMAS; 0.023124590498809994
hautfreundliche; 0.022883836976689054
TWIN; 0.0228784222053946
gemütlich; 0.022876248352986295
klappen; 0.022811247956269654
Braun; 0.022741202104953118
fantastisches; 0.02268114863713322
ihre; 0.022464712115834118
absolute; 0.02243966283276677
optischen; 0.022424575610784814
ausgestatteten; 0.022420291250455193
Konzentration; 0.022397955959604587
Ordnung; 0.022369930695276707
schlagen; 0.02230984044217621
vonca; 0.022306095859676134
