Wort; Durchschnittlicher Wert
Möbelstücke; 0.0848742660600692
Bettkasten; 0.08099849795689806
Ihr; 0.07889570435509086
echt; 0.0746504777634982
Ihren; 0.07342896700993151
über; 0.07269271415134426
seinen; 0.07096450577955693
durch; 0.07008654175297124
Eiche; 0.06998649594606832
jedes; 0.06982867760234512
Rücken; 0.06920814793193131
Polstermöbels; 0.06888631303445436
210; 0.06852086131402757
HinweisStoff-; 0.0678139390852266
belastbar; 0.06737657173653133
dass; 0.06727670921827666
Reinigung; 0.0671963150089141
Kuscheln; 0.06709323021641467
begleitet; 0.06667496282898355
Wie; 0.06643131986493245
Im; 0.0660837916075252
ausgestattet; 0.06579639355913969
schlafen; 0.06577797926729545
40; 0.06563389363873284
sollte.HinweisDieser; 0.06546630417869892
Entspannung; 0.06545970850856975
praktischen; 0.06477853668002354
zudem; 0.06477035535499454
schlichte; 0.06463084759161575
Haushalt; 0.06407520110951737
Ab; 0.0639989179053373
pro; 0.0637761709804181
liegen; 0.06352829839943297
Farbauswahl; 0.06326314130637911
gemütliches; 0.06323784564483503
um; 0.06322882403037511
gleich; 0.06305063961190172
abnehmen; 0.0629770967643708
Ihre; 0.06279396050376818
Dabei; 0.06271060002018203
Farbmodellen; 0.0626606317673577
gewaschen; 0.06241909398522694
Rollroste; 0.062348739185836166
Samt; 0.06223772938392358
beträgt; 0.06202064453646017
Sitz-; 0.06179546017665416
25; 0.06171382345928578
Vergangenheit; 0.061226123907545116
Polster; 0.06110883931978606
Kundenberater; 0.06097423759638332
