Wort; Durchschnittlicher Wert
Schwarz.Die; 0.13812106050318107
werden.Die; 0.1299569169350434
ihre; 0.11871543849701993
schwarze; 0.11392585465364391
wiederum; 0.11284485884243622
verströmt; 0.10971527080255328
machen.Mit; 0.10950010642409325
saubermachen.Die; 0.10792615602258593
strapazierfähigen; 0.10732200135043968
Rückenpölstern; 0.1041973122919444
Bordsteinkante.Paketspezifische; 0.10333375535265077
Sitzkomfort.Ein; 0.10321410442702472
321; 0.1031813717490877
FüßenStilvoll; 0.1027139385114424
Anthrazit-Grau; 0.10229571566742379
verstauen.Dieses; 0.09845824327203445
gehören; 0.09656772717426065
Verfügung.HinweisDieser; 0.09578622545814142
Relaxen; 0.09557493709144183
Unterbau; 0.09455296539817937
Schönes; 0.09429946179443505
Schlammfarbe; 0.0933509411115665
Augen; 0.09330512901942711
84; 0.09318450373393716
Beisammensitzen; 0.09311452001566067
101; 0.09269079139176029
modernes; 0.09246956438437337
jene; 0.09134046889357705
Boxspringsofa; 0.09133862325688824
Silber; 0.09131868672557175
teilen.Die; 0.09110817710825359
Einrichtung; 0.09103428330854513
großzügige; 0.09096371514897328
verräumen; 0.0907933069684077
Schlafplatz; 0.09038999338372378
angekündigt; 0.08978357883461285
erzeigt; 0.08967891821521334
kgZustellungDie; 0.0894687701620569
Ein; 0.08806389036635665
Stress; 0.08790902863256633
90; 0.0876993587880861
unten; 0.08767779449590307
edlem; 0.08760768235651994
trendige; 0.08759699923939479
schöne; 0.08733932015456958
Nachtkästchen; 0.08698714208003366
Komfortschaumkerns; 0.08690323727205396
einfügt; 0.08656060867360793
Lassen; 0.08640376287075924
Fliegen; 0.0861911055399105
