Wort; Durchschnittlicher Wert
Rollroste; 0.06862350717710797
Bonellfederkern; 0.06831706235243473
Maschine; 0.06409278249338968
weist; 0.06102879972604569
Basis; 0.059255618158204015
geschlafen; 0.058536798002023716
Schlafmöbel; 0.05758159558172338
-PH-; 0.057426442828727886
Edles; 0.056247547181556
liegt; 0.05503762603211726
geeignete; 0.05491356467246078
69; 0.054550060056499206
Eindruck; 0.05375464084499981
Lektüre; 0.05370355370541802
tauschen; 0.053552286604826804
40°C; 0.05350378060211369
wahres; 0.053461113522644155
Synthetik-Mischung; 0.05298943814705126
InformationenPaketgröße; 0.052616508735809475
Komforthöhe; 0.05209160324011464
ab; 0.05163866843940923
Bordsteinkante.Die; 0.0512811281842005
15; 0.05119693076994736
Boxspringbettes; 0.05107697003040812
liegende; 0.05094254879077198
73; 0.05081436049658805
durchgehende; 0.050578271248923556
MERCI; 0.05049411672007409
gefällt; 0.050251525157364085
Körper; 0.050005073953798274
Produkt; 0.04961603156334604
NERO; 0.04958105729019735
20; 0.04909272920485819
sein; 0.04882303964041057
Pillingbildung.Auch; 0.048468175606103614
68; 0.04823403144837357
°C; 0.04811625164597899
geringen; 0.048055509469122626
Tonnentaschenfederkern; 0.047979763883631676
Germany; 0.0478320244619681
Abriebfestigkeit; 0.047524076901027
Buchefarben; 0.04748477202150525
aufgrund; 0.04726034699706361
Schlafmöbels; 0.04725807199429255
Schlafambiente; 0.04724201121638316
wohlverdienten; 0.0468935553603842
CAMINO; 0.046753322742006276
Polyurethanschaumkerns; 0.046733605428016745
Türkis; 0.04625468124686449
vermitteln; 0.04601833745982731
