Wort; Durchschnittlicher Wert
324; 0.07666301014978671
funktionelles; 0.07443934048933443
.HinweisStoff-; 0.07300993391254451
mausert; 0.07047826086636633
JAKARTA; 0.06755236553726718
Liebsten; 0.06752627254536492
exklusiv; 0.06343459478375735
Sitzkissen; 0.062247683188616065
Lederlook; 0.060802331536251586
modischen; 0.05966507495941187
MÖBELIX; 0.05942093054363795
Pumpe; 0.0588726892019622
Tragetasche; 0.058662345974880736
179; 0.05857561228913255
Rückenlehne; 0.05835156246757833
versprüht; 0.05804654934399878
Schlafengehen; 0.05788248161843512
elektrischen; 0.05713151018426288
Klasse; 0.05676231356483186
Edelstahl; 0.05631828451078036
97; 0.05628471389536571
SIMON; 0.0555666775762802
großzügig; 0.05462803136470029
HAVANNA; 0.05446093499813287
CARROL; 0.05380695281928638
Staufach; 0.05322078561584931
seitlichen; 0.052973648271290585
Lassen; 0.05250646564672934
umfassenden; 0.052292807231424376
192; 0.05199009353236761
Farbkonzepte; 0.05194767250213772
Schaumstoffpolstern; 0.05176482792739989
tollem; 0.0509487370854913
unkomplizierte; 0.05054830114386277
geschickt; 0.05029497595023713
erlaubt; 0.04999381620291388
Seele; 0.04965509633166221
Textilien; 0.049097431712652906
werten; 0.049031986854970455
Charme; 0.04883659831739351
Träume.HinweisBitte; 0.048667930881492794
Sitzgarnitur; 0.048650640732375905
Zusätzlicher; 0.04832154223913676
Annehmlichkeiten; 0.0476249377898057
wechseln; 0.04739837616216391
Einschlafgeschichte; 0.047346639330498874
aufgeblasen; 0.04729941746336408
vielseitig; 0.04721257918572519
Bettlade; 0.04677218844881281
Lieblingsmöbel; 0.04639293592481408
