Wort; Durchschnittlicher Wert
die; 0.025317179743069573
weißem; 0.023296105093322694
natürliches; 0.022266861516982317
Ausklappen; 0.021949087094981223
Wandgestaltung; 0.021051713614724576
träumen.Das; 0.021042523774667643
gleichnamigen; 0.02103791048102721
Lattenroste; 0.019983370522822952
raumsparende; 0.019122551078908145
graue; 0.018592138556414284
Kg; 0.01851446802902501
praktischem; 0.017902021638292354
individuell; 0.017859494781532703
237; 0.01743891986552626
ist.Mit; 0.016763059691584203
Raum-; 0.016140378889758722
Laune; 0.01577248676585441
Absetzungen; 0.015184480860625627
Nacht; 0.01503957667978284
vollwertiges; 0.014841426136626978
überzeugende; 0.01483783773437608
Raumbedarf.JUIST; 0.014793502035900019
zu; 0.014788708748710633
erhältlich.Dieses; 0.014614124796935357
Holzdekor; 0.014576488119701025
Entscheiden; 0.014188479195581749
Märchen; 0.014155555370962247
geeignet; 0.014121693064680585
dient; 0.014007025616592728
Dunkelblau; 0.013904823339544237
passenden; 0.01389278728311183
wird.Hier; 0.013633059672429226
200; 0.013614536683235201
den; 0.013427805322862696
Komfort; 0.013366963676162413
-; 0.013356611947529018
Cream; 0.013257329344924074
Kombinieren; 0.013196112362493295
TRIO; 0.013164729898562655
WohlfühlenErgänzen; 0.01293810062634293
formen.Der; 0.012908964083180763
149; 0.012899771417323791
einer; 0.012871863560576458
in; 0.012842480965446157
Einrichtungsideen; 0.01273354318436759
Welt; 0.012595679945661686
Raumwunder; 0.012446119744708994
zurückhaltende; 0.01237684804800665
Himmel; 0.012275922900698788
KategorienPolsterbettenBoxspringbettenStauraumbettBetten-ZubehörDrucken; 0.012230651405843673
