Wort; Durchschnittlicher Wert
ihre; 0.1352761957095936
84; 0.12906496398500167
verstauen.Dieses; 0.1215108864416834
Beisammensitzen; 0.11494221817702055
Relaxen; 0.11441546068817843
Wahl.Dieses; 0.11354489232189735
Sitzkomfort.Ein; 0.11317046372278128
machen.Mit; 0.11029775365022942
Romantisches; 0.10989210120169446
einfügt; 0.10817969834897667
321; 0.10757062208358548
saubermachen.Die; 0.10659851171658374
Einrichtung; 0.10527204925892875
gleichermaßen; 0.10463507703389041
90; 0.10287621489260346
Rahmen.Richten; 0.10223696890170686
wiederum; 0.10177328056306578
Platzieren; 0.10057561307621654
angekündigt; 0.0982103834321606
Musikhören; 0.09786491112026852
Ergänzung; 0.0977971744214301
Lassen; 0.09726401919033378
cm.Optisch; 0.09688064722286072
Schwarz.Die; 0.09659524011658505
eine; 0.09619985304016154
Augen; 0.09618116437923163
modernes; 0.09513586135290097
Schlafbereich; 0.09477117701317184
schwarze; 0.09455578609777149
Rückenpölstern; 0.09399908920750022
Auszeiten; 0.09346651566011133
Dauerschläfer; 0.09323260362725705
gleich; 0.09285430956515484
Kissen; 0.09238711242505815
sichtgeschützt; 0.09219686838696362
schöne; 0.09215268772095442
Boxspringsofa; 0.09209668796393089
bequemen; 0.0919373078722856
Schlammfarbe; 0.09181067105964758
Rundrohr-Optik; 0.0917628169991076
verleihen; 0.09159158005786594
Kiefer; 0.09120119563885964
Textil; 0.09091478888876736
Stück; 0.09008144578547217
oder; 0.08986823965096846
101; 0.08975590062618721
überaus; 0.08974714076612145
Stress; 0.08962300670100376
allerbesten; 0.08938746593776159
werden.Die; 0.08918623911449686
