Wort; Durchschnittlicher Wert
Bonellfederkern; 0.1294293992832536
weist; 0.1252855834318325
ist.Weitere; 0.1102899737052212
Polyurethanschaumkerns; 0.10467583406716585
Höhe; 0.10443211330857594
Liegehöhe; 0.10346779238898307
Schlafmöbels; 0.10331697255605832
Ausstattung; 0.10110603523935424
gefällt; 0.10095955448923633
Jugendzimmer; 0.09913346711800841
Eindruck; 0.09773708524880931
U-Form; 0.09713255759561434
vermitteln; 0.09616828170692315
ab; 0.09528623093501665
Chromfarben.Doch; 0.09495592454914004
enthaltenen; 0.09462287028145511
Stauraum; 0.09285529868793674
Lichtechtheit; 0.0921722964849323
Einen; 0.09086347243282944
59; 0.08998291095485911
-PH-; 0.08997468205052428
Freuen; 0.08988916839007288
geringen; 0.08977674635389121
Obermaterial; 0.08963319181930274
übrigens; 0.08961967928917147
aufgrund; 0.08951826310658362
punktet; 0.08900509777231491
Edles; 0.08861248698667623
NERO; 0.08814391895430163
15; 0.08803909737616777
Tonnentaschenfederkern; 0.08773337076127063
funktionelles; 0.08584114428958856
vor; 0.08577646012417972
Schlafmöbel; 0.08552146068541333
Land; 0.08541396528016776
Pillingbildung.Auch; 0.08510288398247212
bestens; 0.08396065956912935
Das; 0.08383232017513365
:; 0.08358660375961335
aber; 0.08336881136074226
Abriebfestigkeit; 0.08134241763036698
seinem; 0.08092584442783846
ordentlich; 0.08056338637106819
80; 0.08045285458138096
Weiß; 0.08001809675624827
Morgen; 0.0800075492952601
Perfekt; 0.07990640219213674
100; 0.0798671886586817
überzeugt; 0.07968952247756533
Schlafzimmer; 0.07959435972588835
