Wort; Durchschnittlicher Wert
unterst; 0.02131707549051498
junior; 0.020698501240303813
ruckzuck; 0.019380852985705133
qualitatsprodukt; 0.018933189974632114
hochbett; 0.01867042199592106
lesevergnug; 0.01851067338247958
intern; 0.017421482317331538
comfortschaum; 0.016846216846715834
neinhinweisdies; 0.01678585389163345
wotaneich; 0.01667173641953923
bevorzug; 0.016446331289671434
buchenholz; 0.016440544539364055
zuruck; 0.01633643301192933
kopfteilausstattunglattenrost; 0.016005121564376168
ausserst; 0.015900782619610254
regalfacherprufzeich; 0.0158768713590689
fehlend; 0.01556436845476128
traditionell; 0.015296459241653793
bora; 0.015257953436957905
schlaffunktiondi; 0.015211225370876491
wohlfuhlzon; 0.014637372914876323
masseliegeflach; 0.014489087525362265
lupo; 0.01447552806166641
pflegehinweisehinweisdies; 0.014388694231456611
verona; 0.014342509952257387
wohlfuhlzentrum; 0.014295627806859557
elt; 0.014283369979239069
monterrey; 0.013973409586469643
armlehnenkissenmit; 0.013932250138168456
desweit; 0.013878327270504087
holzdekor; 0.013876682342015556
programm; 0.01385277778354066
einzuricht; 0.01385211563683697
buchles; 0.013611615187073767
seattl; 0.013603998340840917
gastematratz; 0.013576666572589602
auslad; 0.013533822631870862
unaufgeregt; 0.013531524688005447
ausziehfunktion; 0.013500407359970268
akzent; 0.013392723563356412
abhinweisbitt; 0.013391417152888607
designstark; 0.013373213281511198
norwich; 0.013351624400911533
missouri; 0.013117547241563443
tarnt; 0.013098490631819004
viscoschaum; 0.012924727067002095
wohnzimmerj; 0.012829426857933868
eschenholz; 0.012719021520751994
weitlauf; 0.012658517269301228
aufsatz; 0.012541847841930576
