Wort; Durchschnittlicher Wert
buchenholz; 0.05654955491336296
c; 0.05449053962947801
hinweis; 0.052276049050851724
reich; 0.05173189119777817
nierenkissen; 0.05128673008257465
maschine; 0.051273826391111756
zonen; 0.050604676210787146
you; 0.04865409613958036
hochwertigem; 0.04832799417854403
maximale; 0.0482705783614847
mid; 0.0481827888143016
velours; 0.04745679701663903
richtig; 0.04740355521935271
geöltem; 0.045135986314926414
braun; 0.04361696082050912
basis; 0.04296412406838499
wand; 0.04293260806807666
boxspringbettes; 0.04280342878191732
matto; 0.0427744166663615
viscoschaumkern; 0.04206793443227071
nylon; 0.0418706900352845
verspricht; 0.04184415756026283
mara; 0.0417481122611207
bedürfnissen; 0.0412062668154249
großer; 0.04082412049610866
luxuriöser; 0.04056455577956512
beträgt; 0.040486186371344955
gewaschen; 0.040473180253320605
luxuriöse; 0.04046101031126455
hellbraun; 0.040415734218549916
lieferumfanges; 0.04022305954495096
gemeinsam; 0.04022225171502214
verbirgt; 0.04006540669652168
anthrazitfarbenes; 0.03965428155497648
wollen; 0.03938809870014666
teilweise; 0.03928957340249326
xl; 0.0392458892747527
juist; 0.03914706090872642
füßen; 0.0390730402446934
komforthöhe; 0.03868020713562146
eindrucksvolles; 0.03798833290347829
wäsche; 0.037725980876712126
echte; 0.037711092650715726
legen; 0.03761572347721085
feinen; 0.037408975503058176
kategoriencouchtischekleinmöbelheimtextilienstehleuchtendrucken; 0.03734574125846848
verlaufenden; 0.03719335952628171
echt; 0.037128534549265166
neinlattenrost; 0.03708086163751432
anthrazitfarbenen; 0.0367439755173109
