Wort; Durchschnittlicher Wert
zuckerl; 0.003674824582412839
überzüge; 0.003608094847004395
erstrahlen; 0.0034525628812843933
mustern; 0.003395416213925273
gegenstände; 0.0033747464971384034
ungewolltes; 0.0032298556143359747
gästezimmer; 0.0032291567396896424
ph; 0.003167100982682314
stimmigen; 0.0031666503604355968
interne; 0.0031331571030023043
geräumigen; 0.0031139731385337655
comfortschaum; 0.0030749275130801832
unzähligen; 0.0030267438385635616
geltung; 0.0030059802207688334
absetzleisten; 0.002992759611151996
formvollendete; 0.0028865640473668464
entsteht; 0.002885407207213575
komfortable; 0.002856282268328414
morgen; 0.002826176328380825
hautfreundliche; 0.0027950657942710675
freundeskreise; 0.0027643835317576306
kabel; 0.0027428961111581884
formschöne; 0.0026670604423998157
luft; 0.0026502982116653586
nackenstütze; 0.0026394203974632545
luftbett; 0.002600115897075739
olifant; 0.0025585377458810397
betondekor; 0.0025567810080247
lilafarbene; 0.0024753766050707783
erschaffen; 0.0024524221254978327
farben; 0.002395338547648862
abnehmbaren; 0.002395107561824261
verleihen; 0.002391491600428708
übernachtungsplatz; 0.0023704050719970836
unglaublich; 0.0023521540620549787
befüllen; 0.002332654394558631
durchdachten; 0.0023261326028659822
bestway; 0.0022576278795895634
softmatt; 0.0022518458077684044
außeneinsatz; 0.0022478552145912545
außergwöhnlichem; 0.0022243232902837916
aufbewahren; 0.002201802652780316
sehr; 0.00220153886184562
lieblingstreffpunkt; 0.0021694038412533702
mehrere; 0.0021515965621802025
abklappbar; 0.002130485607267474
outdoor; 0.0020865645550657065
enthaltenen; 0.0020588344345014776
buchenholzes; 0.002052630765592767
bauchschläfer; 0.0020396537365741096
