Wort; Durchschnittlicher Wert
hellbraun; 0.06249032893683761
federkern; 0.061490298924036325
richtig; 0.060721346162245025
buchenholz; 0.06061597677799
unvergleichlich; 0.06054042234900407
hinweis; 0.06005560037083342
reißverschluss; 0.05834683238063008
bringt; 0.0579945772595238
maschine; 0.05725532120850403
lackiertem; 0.05709587343153544
fest; 0.056986128259450194
darauf; 0.056772764738707335
zugabe; 0.05617321372847073
rollroste; 0.054592191730989725
beträgt; 0.054550440958701076
you; 0.05447433177832863
maximale; 0.0543055182279204
gewicht; 0.05364428671891801
hochwertigem; 0.05332808861567173
nylon; 0.05297742350085173
liegt; 0.05251997295272304
boxspringbettes; 0.05241941438689537
kilogramm; 0.05224577463095557
füßen; 0.05186729004490189
polyetherschaumkern; 0.05165785736462567
angenehm; 0.050505255237294475
versehen; 0.05046809599734843
querschläfer; 0.05034708302555373
komforthöhe; 0.050330937848775646
worauf; 0.05018624023068696
c; 0.05010083817178383
fußhöhe; 0.050097276881569994
kopf; 0.049780949452906495
maßen; 0.04971063449411304
gut; 0.049523266303003764
mid; 0.049455289426259694
hellgrauen; 0.04932811908947769
wurde; 0.04895634544081986
liegegefühl; 0.04883883422880899
entspanntes; 0.04834589930251241
verbirgt; 0.04804466854548082
luxuriöser; 0.04794994427938946
velours; 0.04783552306180354
uns; 0.047810835344716904
ergänzen; 0.0471555464740959
größen; 0.04708492141216993
zonen; 0.04672247105918359
xl; 0.046404245408484715
besitzt; 0.046356185240438205
max; 0.046355256828246635
