Wort; Durchschnittlicher Wert
kingsize; 0.018318147934041917
lieferunglieferhinweislieferung; 0.013735671559697949
hellgrauen; 0.013214314493234269
beige; 0.011986057888134383
braun; 0.011807207091987949
garnitur; 0.011663093516290246
hinweis; 0.011630749958567322
bringt; 0.011352037836331874
verspricht; 0.011292879744723905
raffiniert; 0.011279280899179867
stütze; 0.011032506951596587
großer; 0.010801989008905366
dekorgesamtlänge; 0.010547104228862736
pro; 0.010369789320975542
zentralen; 0.010359497344143164
langlebig; 0.010351266141515224
antara; 0.010345179064461262
maschine; 0.010320335900178178
matto; 0.010268576623639092
rechtsmontageanleitung; 0.010267162133823149
linkshinweiseine; 0.01026013046503067
oldstyle; 0.010113160956825596
orange; 0.010001938387722476
details; 0.009972007106989622
kontinentalmatraze; 0.009954157736501656
vorhanden; 0.009923965262714773
verbirgt; 0.009846856608055532
living; 0.009845233480882598
liegende; 0.009841531337588093
legen; 0.00982843056845013
hochwertigem; 0.009761746431468054
wahren; 0.009744043144746684
designliegefläche; 0.009739951409574132
boxspringbettes; 0.009677829983411356
schichten; 0.009628261197940446
erleichtern; 0.009626663138533331
textil; 0.009616881482384088
kinderspiel; 0.009609987566363998
ihn; 0.009540347594884225
farbtöne; 0.009483852726407348
sitzmöbels; 0.009450618812115863
zonen; 0.009417587792268024
geschmackvolles; 0.009395805548410862
herausziehen; 0.009391908996622077
leichtes; 0.009385602158727125
weist; 0.009345770954041654
wohnlandschaftdie; 0.009331822050444315
ankommt; 0.009331127098266733
holzes; 0.00933011486849864
aufgeräumtes; 0.009292343590823293
