Wort; Durchschnittlicher Wert
stunden; 0.07035357016866328
nylon; 0.0699740894662682
dadurch; 0.06542713671879027
zugabe; 0.06326960404912825
buchenholz; 0.062368018989764094
maximale; 0.06042586350631609
entdecken; 0.05955540402355837
tipp; 0.05948312460895977
paketgewicht; 0.05724014294683002
kghinweisdieser; 0.05581654284032993
zustellung; 0.05515041438047774
thomas; 0.053606942946498745
linien; 0.05330331722652772
robuste; 0.053220708956723685
informationenpaketgröße; 0.05320124736317666
bettkästen; 0.05287809285218827
massivem; 0.052726105134331645
xl; 0.05246434778728144
vereinbarung; 0.05217507091738298
juist; 0.05190528349087344
stilvoll; 0.051853794988710435
bordsteinkante; 0.05175562567819725
diejenige; 0.05161049088492291
nierenkissen; 0.05151830291142687
kuscheln; 0.051310989533521936
hellbraun; 0.05120613421240705
großer; 0.05083171770784247
matto; 0.050820577736158154
lieferumfanges; 0.050819178014353386
mischgewebe; 0.050532060569094026
paketgröße; 0.050411083805374804
paketspezifische; 0.050362227478035496
toll; 0.05010994802723871
lazy; 0.049949670892965516
erleben; 0.0497806202710251
funktionales; 0.04967289749693009
spediteur; 0.049356029070258954
hochwertigem; 0.048655081801371125
lackiertem; 0.04847161464822421
besucher; 0.048004236028828015
durchdachte; 0.04798503856218304
flachen; 0.04797039671757375
liefertermins; 0.04794792123575462
eines; 0.04745210238761501
herausziehen; 0.047434129792418386
bezüglich; 0.04738480788364541
kontaktieren; 0.04703298653184902
behagliche; 0.046844468854851586
weiche; 0.046558741973422
verdeckt; 0.046363004085287686
