Wort; Durchschnittlicher Wert
kingsize; 0.06368539312388748
hinweis; 0.055708223447436464
lieferunglieferhinweislieferung; 0.05462537233488547
bringt; 0.054615681187715384
maschine; 0.051045225951384054
verspricht; 0.04960317964287242
c; 0.04944997135753511
details; 0.049121923841448735
kilogramm; 0.048818716272398886
zonen; 0.048794537003414004
liegt; 0.04849472092682845
boxspringbettes; 0.0484493239884614
hellgrauen; 0.04807491810934152
velours; 0.048008334833502884
braun; 0.04711668985546567
darauf; 0.04651305684092222
besitzt; 0.045994670004211
zugabe; 0.045945950176974296
dabei; 0.04563612821799552
hochwertigem; 0.04485083474428393
tipp; 0.04456491326236574
maßen; 0.04454875830124365
gewaschen; 0.04401474932801648
federkern; 0.04388739989935857
nylon; 0.04367242593871197
vergessen; 0.043426954092137746
erleben; 0.042789891851862195
wäsche; 0.042738375571207146
wand; 0.04273514994420111
großer; 0.042631308095587885
basis; 0.04262792094796168
geöltem; 0.042171892356418536
versehen; 0.04195023837310145
lackiertem; 0.04188843098454527
circa; 0.0417377883932204
matto; 0.04159694344853051
wollen; 0.04159660038421862
robuste; 0.04157113953260705
wobei; 0.04079763399495277
wirkt; 0.040601384300407516
weiteren; 0.040233997540781274
hellgraues; 0.04009496950893663
dunkelgraues; 0.039998429364641194
xl; 0.0399056024645688
verlaufenden; 0.03951705145300366
beige; 0.03925591404986335
rosa; 0.03898228814650793
graues; 0.038942282868083565
namen; 0.03884944187739166
variabel; 0.03883145692234393
