Wort; Durchschnittlicher Wert
mars; 0.005986866170860594
anthrazitfarbenes; 0.004535680217850313
stauraumgenießen; 0.004311740628691041
aufbauanleitunghinweisbitte; 0.004259463764901739
bettlade; 0.00420982766081579
stilempfinden; 0.004164572627632879
anthrazitfarbenen; 0.004000598141283262
erheben; 0.003966800661351045
ruht; 0.0039177869073682816
schlafmöbels; 0.0038834042498820053
komfortschaumkern; 0.0038256850512425446
schlaferlebnis; 0.003751669173652772
eingearbeitet; 0.0037235595598758666
empfehlen; 0.003670936934940983
comfort; 0.0036268972402467626
überbieten; 0.003626500548853073
audrey; 0.003572133763373131
taschenfederkernmatratzegönnen; 0.0035456361231808843
modischen; 0.0035297402828291524
schwarzes; 0.003441801980989112
betont; 0.0033891237659190664
bonellfederkernmatratze; 0.0033799535060097695
kombinierbare; 0.0033510086512251293
langlebige; 0.0033485688698419837
abrundet; 0.00334281916366308
geheimnis; 0.0033209355671715455
rastenverstellung; 0.0033129851748526563
einlegeböden; 0.0032719045055273456
schmerzt; 0.0032456549211929086
hell; 0.0032376794399169738
höhen; 0.0032117081316368258
holzrahmen; 0.003205844676472225
lieblingsbuch; 0.003127416914867354
obermaterial; 0.0031250559870386494
person; 0.0031197257810617884
weiches; 0.0031153354518210106
mammut; 0.003110031341202557
einlasstiefe; 0.003062628032421344
abhinweisbitte; 0.003048529478837736
schlafgemach; 0.003006149601424113
doppelbett; 0.0030043780570849776
zweiter; 0.002982256319228327
fernsehabende; 0.0029770057775749593
geringen; 0.0029689464367038455
gelagerter; 0.002961933359165414
erhältliche; 0.002959267279038613
aruba; 0.002929911071259994
doppeltaschenfederkern; 0.002909800770248694
erstrahlen; 0.0028990247221372554
mittelfester; 0.0028713155137666036
