Wort; Durchschnittlicher Wert
hinweisbitte; 0.07602371488464996
praktisches; 0.07515466891345568
verbreitet; 0.07120484545303044
bonellfederkernmatratze; 0.06999202611332293
luftbett; 0.06796441414771834
rückenlehne; 0.06750303210283164
simon; 0.06553727754217106
boxspringsofa; 0.06540337421465665
bestway; 0.0649608313688077
kleinen; 0.06413677124073729
armstützen; 0.0611719897511648
funktionelles; 0.06098390286206268
senfgelb; 0.060980773478513585
räumen; 0.060764403130451686
gemütliches; 0.060255298639822284
grauton; 0.060128034820081666
artige; 0.06008961807583546
vielseitig; 0.059352000359649534
diwan; 0.05917862979404163
dekor; 0.05844868272542954
beinen; 0.058333642526122276
schlichter; 0.05829870394663885
person; 0.05816978400835069
eignet; 0.05772736356448149
ausgezeichnet; 0.05687435519939754
clipso; 0.056824192364001644
pumpe; 0.05647704015718773
aufs; 0.05641252684581559
marlene; 0.05633815140463412
annehmlichkeiten; 0.05618905115989037
hit; 0.05617680089781061
echtholz; 0.0557608698902186
betthaupt; 0.055281439493410287
somit; 0.05507778135215631
charme; 0.054872345144394784
ausgesprochen; 0.0547891320544295
überraschungen; 0.05446941551635973
ausstatten; 0.05434535438253078
sandfarbenen; 0.05431874294881709
zeitloser; 0.05390494340972509
minuten; 0.053896584516041915
vielseitigen; 0.05385248673264868
sehr; 0.05352872495277552
tollem; 0.053527089091949163
einzelbett; 0.0533424830660806
turino; 0.05330667676171288
platzsparend; 0.053059536177897826
frisco; 0.052857102506095544
nichtgebrauch; 0.052722666689078324
weicher; 0.05234022144868504
