Wort; Durchschnittlicher Wert
universalrollen; 0.010994102257973282
doppelpack; 0.008228115945530589
sichtgeschützten; 0.006975629375665449
helfer; 0.00693195315398043
bewegen; 0.00678380039462354
stylischer; 0.006524495269331965
bettschubkasten; 0.006113801190076628
umgestalten; 0.00596859757843049
spielbett; 0.005941763997543603
wohnaccessoires; 0.005901156993058976
spiele; 0.00589209467289038
kästen; 0.005824494819535175
leichtläufigen; 0.005823183809843613
fläche; 0.005801606635941425
karlson; 0.005791782287633396
schiebetür; 0.005726215483082342
oberflächen; 0.005711738184618298
gleichnamige; 0.005678688471380156
farbliche; 0.005482086395204533
zeitschriften; 0.00547824636742007
verstecken; 0.00547020247790897
blenden; 0.005254572347621433
fotos; 0.005146080522536067
bettkastenset; 0.005145649368932937
hervorziehen; 0.0051455708657158535
artikelnummern; 0.005091523389546637
bestechen; 0.0050076364044798535
wohnlandschaftdie; 0.004987773019274755
acessoires; 0.00496359539029072
schubkästen; 0.004959830460575176
almhüttenflair; 0.004941078421688871
wirkenden; 0.004932959621874034
bücher; 0.004711352617778175
deshalb; 0.004670628960593603
räkeln; 0.00465920588831068
gegenstände; 0.004611746542104811
accessoires; 0.004595463727309834
einlegeböden; 0.004583785373506543
schnörkellosen; 0.0045835943239580955
schrankklappbett; 0.00455499125928327
aufbewahrungskasten; 0.0045054462796542795
set; 0.004463027432939271
spielbetten; 0.004278049154527253
teilige; 0.004241566122800577
u; 0.004235564934788272
arbeits; 0.004220114770578221
sinnvolle; 0.0041139474667033936
angepasst; 0.004101734219511854
bettkastens; 0.004094548108696472
rechts; 0.004055453358159866
