Wort; Durchschnittlicher Wert
braun; 0.03687450867073494
zonen; 0.0341717652103398
komforthöhe; 0.03400147227221169
matto; 0.03310384054711903
lackiertem; 0.03174695404013619
kopf; 0.031141068920260296
c; 0.031089409691048786
you; 0.03040525105316192
beträgt; 0.029954962540068665
mid; 0.029627914098091422
rollroste; 0.02956301003578119
gewaschen; 0.029512442863779142
dunklem; 0.029328539996640757
dieser; 0.029068202516646123
großer; 0.02903505058347946
farbkombinationen; 0.02898364711436443
versehen; 0.028754027115064675
merci; 0.028562197333667428
hinweis; 0.0284029108210234
verspricht; 0.028379469001447433
ausschließlich; 0.028367836929828628
nylon; 0.02832302485985565
maschine; 0.028256049859919585
wurde; 0.02818112189677322
langlebig; 0.028060142905451356
bringt; 0.027895953354891388
legen; 0.027722980342514348
lattenroste; 0.027691508694260847
nierenkissen; 0.027674309351641568
uns; 0.027641297840455083
behagliche; 0.027559791508247146
maximale; 0.027546351050841623
unprätentiöses; 0.027454226111876777
robuste; 0.027446169124596055
reißverschluss; 0.027385735232383013
xl; 0.027291437552048593
aufgeräumtes; 0.027197561354842036
dekorgesamtlänge; 0.02694983738983865
tipp; 0.026805104204686358
designliegefläche; 0.02674862127605593
eck; 0.026538255502237006
textil; 0.026481535032507962
buchenholz; 0.02645792369148694
abgerundeten; 0.026365892600733788
schlafambiente; 0.026348747810880015
massivem; 0.02628723771777004
wollen; 0.0262275114946533
sitzplätzen; 0.02620104848610936
dadurch; 0.026127949992223877
schönen; 0.026091248070588335
