Wort; Durchschnittlicher Wert
bigsofa; 0.009001995944345254
acessoires; 0.00843568875134224
universalrollen; 0.008232681316439994
bewegen; 0.00814564070897177
doppelpack; 0.008085953400586732
sichtgeschützten; 0.008073492914263625
erstrahlt; 0.0076317918268614445
aussehen; 0.007601322712798719
deshalb; 0.0071952519727346955
stoffbezug; 0.007177447434514761
möglichkeit; 0.007148504864017013
gleichnamige; 0.007137402318767272
teilige; 0.00712411621643696
gewachstem; 0.007028309669112787
aruba; 0.007020365526841488
jamatratzenkern; 0.006734516769211041
fühlt; 0.006581946631922619
schlafplatz; 0.006573988992386148
spiele; 0.006547837163088844
eleganter; 0.006547527428483591
aufbauanleitunghinweisdieser; 0.006454480854154098
karlson; 0.006415912981901783
schwerere; 0.0064145461787120436
weißmaterial; 0.006344286620151252
odere; 0.006332657095845207
abwischen; 0.00631873827369418
ravello; 0.006293154972081538
ergänzung; 0.00628386105017853
seele; 0.006270247787324479
zeitschriften; 0.00623283223976614
dezenten; 0.006223056432645535
bestechen; 0.006219068845530274
kästen; 0.006218742346391082
lattenrahmen; 0.006180644284177106
grauem; 0.006146503383206436
spielbett; 0.006106886643101462
carisma; 0.006106798371183686
trocken; 0.006056349378195591
bonellfederkernhärtegrad; 0.005998499389534118
webstoffes; 0.00589420019678073
ausgesprochen; 0.005860388236033032
schlafbereich; 0.0058587787774740715
helfer; 0.005858138061012141
sitzige; 0.005801340367543162
freundlichen; 0.00572372860769974
n; 0.005679148975468706
bettkastens; 0.005678343991166912
surf; 0.005671857441302564
senfgelb; 0.005630917796224821
spielt; 0.005612912121796399
