Wort; Durchschnittlicher Wert
braun; 0.06782950485794573
hellbraun; 0.05832460630626883
hinweis; 0.057615154364611953
maximale; 0.05360215487889945
liegt; 0.05271523918490857
falls; 0.05261566429398954
bringt; 0.052078714204253626
reißverschluss; 0.05203844645111531
fest; 0.05158760524354875
federkern; 0.05118198874988593
worauf; 0.05029897303320467
c; 0.05015718806680525
gewaschen; 0.05010728959459811
richtig; 0.04968170240754262
uns; 0.049680702164187095
you; 0.04922867404529825
wurde; 0.04862023737514391
hellgrauen; 0.04762944086323841
mid; 0.04754794472828507
buchenholz; 0.04709296148503199
zonen; 0.047039750881958754
robuste; 0.04681972207035869
hochwertigem; 0.04676418675808236
beträgt; 0.046698673779610546
dieser; 0.04656800828524865
velours; 0.046547242274391464
rollroste; 0.046425852767424655
kilogramm; 0.0462398745235987
versehen; 0.046060235134791586
zugabe; 0.04578447415260598
zweit; 0.045401106087956576
maschine; 0.045346620958298445
machen; 0.04505721272435039
livetastic; 0.04499432776356116
stunden; 0.04495414388366044
schlafgefühl; 0.044896639219950886
stets; 0.044680906203575434
funktion; 0.044628067244775596
komforthöhe; 0.04451164452543708
stütze; 0.04448189295362681
matto; 0.04442966803326272
toller; 0.04437316088587977
basis; 0.04434485668316483
xl; 0.04419169013854116
viscoschaumkern; 0.04401534372009337
besitzt; 0.04400648513110354
schlammfarbene; 0.04378191790310666
ergänzen; 0.04344348506419919
nylon; 0.04305515105370432
angenehmem; 0.04296863252529874
