Wort; Durchschnittlicher Wert
rückenlehne; 0.00705231771353283
erstrahlt; 0.0062437748529191595
kiefer; 0.0060293409049336335
schlafplatz; 0.00590128888579784
schaumstoffkern; 0.0057514298765454445
ausgestatteten; 0.0057414813665673135
carisma; 0.005642320418701274
schwarze; 0.005548291251761839
schlafbereich; 0.005427910034632078
teilige; 0.005382747123076115
schlafengehen; 0.005281416016441653
gesteppte; 0.005117478684041998
pluspunkte; 0.004881786466285121
havanna; 0.004838560372809298
edelstahl; 0.0048168847177294085
grauem; 0.004813276505592512
vielseitig; 0.004810993588762358
bonellfederkernmatratze; 0.00478403595770942
unterwegs; 0.00471634298482968
hit; 0.004686162624784629
hinweisbitte; 0.004624417403829284
mustern; 0.0045718750719970554
zweckmäßige; 0.004567094403319061
stoffbezug; 0.0045068302450090416
kästen; 0.004495546012185514
maren; 0.00442415404249914
funktional; 0.004398942336410983
falco; 0.0043901003016799224
zusammen; 0.004361820770645864
geschickt; 0.004356918577104807
ravello; 0.00434181222008192
geruhsamen; 0.004334744719017181
marlene; 0.004332145111038699
kombinierbare; 0.004306137900493922
entweder; 0.004271080967737362
betthaupt; 0.004270695361628896
abgibt; 0.004254463655888685
wohlfühlinsel; 0.0041977376829891
freundlichen; 0.004178584880719427
bigsofa; 0.004162535429350101
kippfunktion; 0.004131828662502812
verschwinden; 0.004125916992779821
erholung; 0.004111245537933428
gehört; 0.004072551629724331
boxspringsofa; 0.0040139292548701635
kategorienwohntextilienvorhängestehleuchtenwohnzimmertischedrucken; 0.003969151893397793
ausgesprochen; 0.003949542295595165
modernem; 0.003940427120323875
robustem; 0.003926443907403154
entgehen; 0.003905129089980619
