Wort; Durchschnittlicher Wert
braun; 0.06160259884491097
hinweis; 0.05968137856107205
c; 0.05760314955550712
hellbraun; 0.05732294539848226
größen; 0.05651540755861788
dieser; 0.05480518484691856
richtig; 0.05479003212240059
anthrazitfarbenes; 0.054061610804637894
falls; 0.05220896299288143
mid; 0.05189924144051474
viscoschaumkern; 0.05142058185665519
you; 0.050395168211252894
komforthöhe; 0.0498345947737107
verspricht; 0.04976296993845608
machen; 0.04970577752392273
mara; 0.04844813725976564
darauf; 0.0480402189448796
anthrazitfarbenen; 0.047900644024775826
maximale; 0.04703745119477389
matto; 0.04696337448913255
buchenholz; 0.046724998808167585
zugabe; 0.04668678864545654
wand; 0.046526514561264776
gewaschen; 0.046481472345476504
bringt; 0.046405348755797604
rosa; 0.04626375293555611
selbst; 0.045702221749525054
hölzernen; 0.045658255030866714
wäsche; 0.04560799636965385
liegefunktion; 0.04543822373088915
boxhöhe; 0.045254171135457
versehen; 0.044819544714846414
sitzhöhe; 0.04479556052319822
kilogramm; 0.04469769398419885
bonellfederkernmatraze; 0.04458510827826103
füßen; 0.04440818354196381
bezogenen; 0.04440593136314419
gut; 0.04400299765402451
liegt; 0.04391107433984871
verbirgt; 0.04373939139732101
hochwertige; 0.04368042205496749
xl; 0.04362343311368022
taschenfederkernmatratze; 0.04356962668025517
beträgt; 0.04342819068115204
stunden; 0.04332791075703426
weiteren; 0.04310860337755003
regi; 0.04308788103408005
hochwertigem; 0.043005815182914374
eichenholz; 0.04279209950618679
basis; 0.04265904616768239
