Wort; Durchschnittlicher Wert
hinweisbitte; 0.08909007498295977
schwarze; 0.06917314520105719
schlafplatz; 0.06691154599539004
grauen; 0.06619242392771411
webstoff; 0.06517464140197263
gästezimmer; 0.06139819062955212
ganz; 0.06128820271114819
luftbett; 0.06118951301905327
senfgelb; 0.060909961350262165
eignet; 0.05956398960406659
stoffbezug; 0.05660073840990663
bestway; 0.05556143075809814
können; 0.05461092894988724
funktional; 0.054417862121772485
pumpe; 0.054246451079598045
charme; 0.05400805234967265
praktisches; 0.0533063044102164
platzsparend; 0.05319361251313239
kleinen; 0.052962776368804046
geräumigen; 0.052827681552662396
anthrazit; 0.05245307299192063
person; 0.051904972235206515
somit; 0.0517960823723115
fernsehsessel; 0.051652284199371935
überraschenden; 0.05116654993034899
vielseitig; 0.051005056488793346
zieht; 0.05074529113480821
dekor; 0.05071454078133684
schlafbereich; 0.05065776952542365
bigsofa; 0.05060464453854365
lederlook; 0.050507792714051904
mustern; 0.05046943724155426
beflockte; 0.04952520968217868
grauem; 0.048967310413718226
einrichtungsstile; 0.048883652036602145
weiß; 0.048789445997681466
empfehlen; 0.048385086565394884
minuten; 0.04833823401640984
figur; 0.048227644816506654
gewachstem; 0.04757604519836604
gleich; 0.04727010981878266
verbreitet; 0.047110016574151814
nachtkästchen; 0.047065989283146335
rückenkissen; 0.047051418223418295
gleichermaßen; 0.04704392246203497
hat; 0.04696679854532704
funktionelles; 0.04668224633205682
bequeme; 0.046618144089006816
bonellfederkernmatratze; 0.046590172103606164
kombinieren; 0.046443532657212926
