Wort; Durchschnittlicher Wert
SchlafzimmerDrucken; 0.05002077715471387
KategorienSchlaftextilienNachtkästchenKleiderschränkeKomplette; 0.047529832350846846
Bonellfederkern; 0.04456188537005801
Topper; 0.042519988117419416
schönen; 0.040910560619522585
stilvolles; 0.03982554573485686
rechten; 0.03925947545303643
Dieser; 0.03913210507016629
Box; 0.0382906497688964
überzeugt; 0.03792078071637661
Schenkelmaßen; 0.03782801887155074
förmige; 0.037156151884119026
gepolsterten; 0.03645254677394405
schwarze; 0.035907740970287705
Kopfteil; 0.03551708496706851
Sollte; 0.0354706716743749
Höhe; 0.035265474132756935
Extraklasse; 0.03515959319338435
Tüll; 0.03436519730166765
bildet; 0.03355606133118272
neues; 0.032590016671747435
Matratze; 0.032563807604674366
Knopfnaht; 0.03226960847314331
HinweisEine; 0.03200395085514174
Kg; 0.03166023620360647
Kaltschaumkern; 0.031388761948619504
lesen; 0.031090721606233274
ALEXANDRA; 0.031010088061520946
mühelos; 0.03088309285158175
entspricht; 0.03000770452490542
einsetzbares; 0.029963135549678555
ITACA; 0.02992239083869208
erzeugt; 0.029747804594080662
gesunden; 0.029583123401607736
Sternen; 0.029578464967926266
montierbar; 0.029435975548040005
Zudem; 0.02924402202188503
umwandeln; 0.029215324415417854
PLAYBOY; 0.029205946948422934
mehreren; 0.028733271379678627
selbst; 0.028598404515378206
mehr; 0.028575580508913845
sieben; 0.02854706356447423
Polstermöbel; 0.028433966994043658
Schon; 0.028288266192248557
FLORA; 0.028161125002952758
Spannvlies; 0.028125414537498727
zylindrisch; 0.028036429655912798
Legen; 0.027744659089876222
am; 0.02773339976556599
