Wort; Durchschnittlicher Wert
Box; 0.09867369680432603
raumsparende; 0.09819759562105901
Bonellfederkern; 0.09669209027197212
Boxspringbett; 0.09546089422656223
SchlafzimmerDrucken; 0.09328914186335169
Integrieren; 0.09273166939146904
KategorienSchlaftextilienNachtkästchenKleiderschränkeKomplette; 0.09207742108264938
Wandgestaltung; 0.0905542967520887
Kopfteil; 0.0904670431627892
Topper; 0.09039019339252263
Kg; 0.09022686893695209
Maschine; 0.08714843286543328
Höhe; 0.08454676967812702
Reißverschluss; 0.08402978850426734
Wand; 0.08354521708679385
Matratze; 0.0826297271232761
fest; 0.08232207703440508
Härtegrad; 0.0810247329845879
Ausklappen; 0.07770821709891607
Einrichtungselement; 0.07700090699654538
klappen; 0.0762890551777673
Komfortschaumkern; 0.0743760778932483
selbst; 0.07244153787905816
gepolsterten; 0.07226703148626257
Reich; 0.06880284199360176
umwerfend; 0.06847737801581388
JUIST; 0.06772455981990788
Schlaf; 0.06746551347896457
Knopfsteppung; 0.06730684753347305
Lieferumfanges; 0.06668086747959023
Holzrahmen; 0.06661635700220359
gesunden; 0.06605469673013431
Tonnentaschenfederkern; 0.06590279318697867
Liegehöhe; 0.0654231847875053
Tonnentaschenfederkernmatratze; 0.06540047783892078
besitzt; 0.06475402573414613
naturfarbenen; 0.06465114783895842
Eindruck; 0.06424827635055408
während; 0.06421306517586345
gepolsterte; 0.0633714857394807
Verleihen; 0.06329509270472045
Knopfnaht; 0.06244509580574231
praktischem; 0.0624021592157078
Edles; 0.062208229006500915
wäre; 0.062046620732871816
Zonen; 0.06172459706158406
Synthetikfaser; 0.06081177841315366
hölzernen; 0.06059375584300142
abnehmbar; 0.06031287301448174
mitbringt; 0.06014825426700554
