Wort; Durchschnittlicher Wert
Natürlicher; 0.04118695404031314
vorhanden; 0.03593261249989155
Samtbezug; 0.03414959860674571
naturbelassenem; 0.033299486347459606
puren; 0.03067774121882394
Klassiker; 0.030661560405860655
PflegeMontageanleitungHinweisStoff; 0.030619477831351105
zentralen; 0.030518500603648135
Eckschlafsofa; 0.03015356833111582
türkisem; 0.029807297920342535
nordisch; 0.028668944345554337
Sitzmöbels; 0.028109492022849736
MARINO; 0.027675222820107592
IKAR; 0.027499645372699888
Camelfarben; 0.026599359875945083
Eyecatcher; 0.026383805059595034
pro; 0.02619510915246792
Wohnungen; 0.026101816594746197
genutzt; 0.025839206762611866
Stellenwert; 0.025502108323053108
hübsch; 0.025367003712744918
schlichte; 0.02513143004034646
umfunktioniert; 0.025039570627541252
praktischDas; 0.024616825554403476
Innenlebens; 0.023764955847582314
Tagsüber; 0.02360389991372358
Trendsetter; 0.023575821760459803
einzeln; 0.023449573942343704
Dauerschläfer; 0.023164318397903116
wohlfühlen; 0.02314548596041277
fehlen; 0.0230759773257887
STAN; 0.022730444783519488
Haushalt; 0.022657562483800575
eichefarbenen; 0.022581550107133808
braungrauen; 0.02250403756988817
Tuch; 0.021892329456932202
keinem; 0.021866898925509304
praktisches; 0.021655878033925546
Ecksofa; 0.021374921558162896
Paneel; 0.02122351183788851
maßgeblich; 0.021073336545669008
spiegelt; 0.02091673116228776
geradliniges; 0.02076915580255445
Wände; 0.02058371172461193
toll; 0.02040818185196258
LUKKA; 0.020358876616228372
Erlebnis; 0.02035291924403282
Flachgewbe; 0.02021698875250877
hippes; 0.020134508078626823
beherbergt; 0.02012922571884701
