Wort; Durchschnittlicher Wert
Braun; 0.21182080414291704
Pölstern; 0.18788989486711216
Vintage; 0.17716574499354465
Rosa; 0.17663980006727797
InformationenPaketgröße; 0.1679978543343168
Buchenholz; 0.16536790794452827
gemütlich; 0.16421317812455527
Kilogramm; 0.1625395949158701
Nierenkissen; 0.16012168890392786
Kind; 0.16003717674175277
LIVETASTIC; 0.15639932733301976
MATTO; 0.1557773127387918
Wand; 0.15573185149332858
kgHinweisDieser; 0.1556469845227184
angenehmem; 0.15478902823087992
eindrucksvolles; 0.15372480872974847
verloren; 0.153380409188685
gehen; 0.15314735133142676
Hinweis; 0.15229442875170207
rund; 0.14964860505733668
prakitscherweise; 0.14936311988640227
robuste; 0.1491387586302153
Reißverschluss; 0.14910427300719675
Paketgewicht; 0.1484734159005825
Paketspezifische; 0.14673613623199344
Querschläfer; 0.14569455741366255
edel; 0.14462016520337784
geöltem; 0.14429562457462453
stets; 0.14274362193464185
Zustellung; 0.14160261691176856
Bedürfnissen; 0.140658655009247
Robuste; 0.13874020408911747
richtig; 0.1387050294846972
Reich; 0.1386585017935431
ultimative; 0.13805683871623842
Liegefunktion; 0.1375473683765449
gehalten; 0.1363390159518758
Senf; 0.13567365047310886
Ausführung; 0.13515000262123067
Kg; 0.13488326251899707
Dunkelblau; 0.1345280518871732
Kindes; 0.13443395996728214
liegt; 0.13438280319167006
Maschine; 0.13301268206669192
Zonen; 0.1324100700398958
Bordsteinkante; 0.13126794617528503
Passend; 0.13044522651193802
Hellbraun; 0.13028720488182444
selbst; 0.12995130080162198
stabilem; 0.12857842932589847
