Wort; Durchschnittlicher Wert
Greige; 0.041937542118830606
mitbestellen; 0.03924436800298281
PflegeMontageanleitungHinweisStoff; 0.03819770782138221
Rückenpölstern; 0.03679438089602627
komplettieren; 0.03510375617770478
DUNKELGRAU; 0.035027601818910625
Wände; 0.03477220003333059
umfangreichen; 0.03409307583933696
Seitenteil; 0.03345739717769902
Natürlicher; 0.033219361823285
Dunkelgrün; 0.03241123857151251
LOPEZ; 0.031843131087953225
harmonieren; 0.031255154783139005
Platzangebot; 0.0309957328136079
Schlammfarbe; 0.030226744056562893
topmodernen; 0.02979118468647357
Ausziehen; 0.02974140306469053
Sitzbezug; 0.029680008337891195
möchte; 0.02924464934039861
gestepptem; 0.02840771563933231
erzeigt; 0.028313943999819458
ausgedehnte; 0.0278462804708397
Webstoffmax; 0.027796612965175882
Jahren; 0.027501928372657858
angekündigt; 0.027252386877080426
Ende; 0.027187133120605722
Stoffe; 0.02711143219494261
jene; 0.027110925584565848
wer; 0.02655312117713038
entdecken; 0.026551533475867473
Vorzügen; 0.026405905235151295
ANDREW; 0.02580243968986906
Absteppungen; 0.025146317973849364
naturbelassenem; 0.025085058408876648
authentischen; 0.02494332959759049
versprechen; 0.02487273952283431
Flora; 0.024819750120514072
Ansprüchen; 0.02453365725614276
STELLA; 0.024505443347152323
ausziehbare; 0.024371327664084674
Geradliniges; 0.024359569819353055
soliden; 0.024351090918571572
SALERNO; 0.02428555990627501
Sockel; 0.024275387226225575
Begleiter; 0.024136513136909343
Viel; 0.024128969791490817
außergewöhnlichen; 0.024014926442760043
umfunktionieren; 0.023975599171535578
unten; 0.023943080064782407
karierte; 0.02377118417643942
