Wort; Durchschnittlicher Wert
unterwegs; 0.21063529928505886
grauem; 0.2097709314111853
Charme; 0.18230450151895639
Camping; 0.17285990114032757
GENEVE; 0.16968512297898997
Dekor; 0.15643778170488076
feines; 0.154594730673125
gradlinigen; 0.15364822154515423
Oberseite; 0.15286352174007334
Stellen; 0.1499419530009618
Einlasstiefe; 0.14877032271306234
hautfreundliche; 0.14831207729730522
Ideal; 0.14634399620990735
Runden; 0.14594366713572526
Reise; 0.14455959823681042
MARS; 0.14421018450229894
tollem; 0.14391555031761527
Erweitern; 0.1438095918711042
Rückenlehne; 0.14192259512492456
platzsparend; 0.1417386232787976
Person; 0.14159438335627783
funktionelles; 0.1405554726079572
flexibles; 0.14009734067076351
Zwei; 0.1392163554992294
Kippfunktion; 0.1385528962709941
Fernsehsessel; 0.13853994297005556
schlichtem; 0.1383338668383658
Echtholz; 0.13795360305343252
grauen; 0.13692165658721933
Formschaum; 0.13577647997590248
nimmt; 0.13528627635105295
verführerische; 0.13495574066473637
CARROL; 0.1329975624103099
HinweisBitte; 0.13250978857831797
Schöner; 0.13233683390717488
Luftbett; 0.13158435924196965
versprüht; 0.1306963934621308
kleinen; 0.1301246015354991
Nachtkästchen; 0.12980745354434475
BESTWAY; 0.12979241095672478
Dafür; 0.1295310936916394
geschickt; 0.12821162367072247
neben; 0.12762075229693437
Stuhl; 0.1271320296364138
Kopfpolster; 0.12635893157857936
zeitloser; 0.12558427461772226
MontageanleitungDrucken; 0.12499708554241806
abgebaut; 0.12432477530092001
Ausziehfunktion; 0.1242770311946515
modischen; 0.1240977088236832
