Wort; Durchschnittlicher Wert
Pölstern; 0.029049747899989597
eindrucksvolles; 0.0272724996029865
LAGOS; 0.026999711437383667
Anpassung; 0.02627564303111285
prakitscherweise; 0.02610095242562238
LUPO; 0.024432299338513985
MATTO; 0.02323004580102861
edel; 0.0223861177037179
zwischen; 0.022176946120453067
Robuste; 0.02192698497674428
heiß; 0.02175684893154539
verloren; 0.02153756158077158
Liegefunktion; 0.021248637727694586
umwerfend; 0.021113881022756686
PERUGIA; 0.020833095128182322
Pro; 0.020794212665350642
FLORA; 0.020672341426688945
Bettschubladen; 0.020520735375612276
hebt; 0.020432104385690764
abklappbaren; 0.02039295493159443
Integrieren; 0.02033734691212885
Rosa; 0.02031586972225341
REGI; 0.02029190976463724
LEVI; 0.019887487855157815
Vorteil; 0.019822614995064214
wohligen; 0.0197949012654135
königliche; 0.019707407904206775
Nierenkissen; 0.019279449916211888
TIRA; 0.01924577311729081
Wandgestaltung; 0.01890681170334574
NORWICH; 0.01886566461325856
fröhlichem; 0.01885904575465247
abrundet; 0.01877898835414271
Wand; 0.01874617029898218
erhöhten; 0.018632668317877688
Legen; 0.018554309514001943
abnehmbar; 0.018506077605707105
Unterkonstruktion; 0.01842913851942285
trägt; 0.018248564629175235
MODENA; 0.01813537754060235
AREZZA; 0.018060871387206134
Wobei; 0.018000285728703602
Aufstehen; 0.017922114151588175
wirklich; 0.017879558290587738
Reich; 0.017821389832533896
selbst; 0.017793373539461754
Paketgröße; 0.01775053563687834
Hand; 0.01774097708403133
SKATE; 0.01768715717480518
LINO; 0.017658125372690847
