Wort; Durchschnittlicher Wert
Luftbett; 0.33842775436642114
BESTWAY; 0.3068242521258071
Pumpe; 0.26542404414794873
HinweisBitte; 0.26217735639511375
beflockte; 0.24658330326201394
Minuten; 0.23392684083955828
Einzelbett; 0.2213112016543164
grauem; 0.21819190843962133
Dekor; 0.21675986127229407
Stellen; 0.2123143631615676
unterwegs; 0.20998161502939183
empfehlen; 0.2089145463614841
GENEVE; 0.20682841417874442
Camping; 0.20540088025154546
Charme; 0.20217187262824154
eignet; 0.1986414793136646
modischen; 0.19856156010064296
MARS; 0.1965509204492264
teilige; 0.19520596641814336
Schnellverschlussventil; 0.19375545739603695
Einlasstiefe; 0.1924915293493541
grauen; 0.19223193578363862
verhindert; 0.19197178901231382
elektrischen; 0.19036425751255592
Person; 0.18810285218205536
QUEEN; 0.1874754719538032
mitgelieferten; 0.18688792794637266
AIRBED; 0.18406685364607256
PVC; 0.18176414203480817
Räumen; 0.1817356906067289
gradlinigen; 0.17990894462855067
MontageanleitungDrucken; 0.17603653261903673
Gästezimmer; 0.17409692168803304
hautfreundliche; 0.17251267039682716
zusammen; 0.17138385464022576
Luftmatratze; 0.17061255870794412
Bettlade; 0.17004954275398632
Zwei; 0.1697643414227059
derselben; 0.1686761446253513
zweckmäßige; 0.16706498461280717
Dezente; 0.1643850089822081
Hochleistungsreparaturflicken; 0.16332903727015946
Echtholz; 0.16329413654057134
verriegelnde; 0.1617915590904886
Fernsehsessel; 0.16143450182653396
kleinen; 0.1611660602648044
OUTDOOR; 0.16032306630222593
feines; 0.1599578025052324
Abrutschen; 0.15955222630873322
ausgezeichnet; 0.1594424225477269
