Wort; Durchschnittlicher Wert
misst; 0.21004281964269467
Greige; 0.20367409024038352
Farbton; 0.19377614586846903
Einrichtung; 0.1901944789569825
Rollroste; 0.18982301176106375
Wände; 0.18740365066332743
Beige; 0.18640484943171032
Dauerschläfer; 0.18325891374843195
Ordnung; 0.18068473218590952
umfunktionieren; 0.17806497309356928
angekündigt; 0.17629961046623066
wiederum; 0.17571251014305744
schickem; 0.1744077576440759
denn; 0.17439703589479905
genutzt; 0.17366871317426558
edlem; 0.16966084409796167
formschönen; 0.1685494309058413
himmlische; 0.1672577468361851
jedes; 0.16704672743799165
Eyecatcher; 0.1641646243951982
Holen; 0.1625128975501866
Dank; 0.16118947286099683
Farben; 0.16091637835779693
unterstreichen; 0.16054316522786394
versehen; 0.16006011923309416
Matratzenhöhe; 0.159447183352313
möchte; 0.15890112734632567
verräumen; 0.15876216895412654
Schliff; 0.15844247227505548
gestalten; 0.157491188881977
fehlen; 0.1572063037310727
darauf; 0.1569100700871786
Rahmen; 0.15630586161569227
Wangenform; 0.15574988187290728
elegante; 0.1552574919478502
hohem; 0.15512259732349776
Kopf; 0.15424241993241594
schöne; 0.1535618930356577
Möbelstücke; 0.15290176478447393
Voraussetzungen; 0.15230706857983023
Waschen; 0.15191927444539033
Letztere; 0.151643454504665
ALASKA; 0.15028513793367893
überzeugen; 0.1493776153656654
Eiche; 0.14909106807317585
geradliniges; 0.14826470921980217
funktionales; 0.14781527826562524
PflegehinweiseDrucken; 0.1477839449653402
PflegeMontageanleitungHinweisStoff; 0.14729857500697108
einziehen; 0.14696352426835801
