Wort; Durchschnittlicher Wert
Braun; 0.20912803713144967
Türkis; 0.20780144262516842
Buchenholz; 0.207323133101454
prakitscherweise; 0.20630674762651324
verloren; 0.20157183584524319
Kg; 0.2011658389965305
liegt; 0.19835615012561902
REGI; 0.19197028181224596
Liegefunktion; 0.1814297767559765
Großer; 0.17992902130936272
Farbtöne; 0.178564092158922
Rot; 0.17811434986651875
Dunkelgraues; 0.1767021399573423
braune; 0.1747377996944124
Stütze; 0.17308206456073094
geradlinigem; 0.1723540701204911
Vintage; 0.16808923752978444
Stimmung; 0.1679755883924372
Schenkelmaßen; 0.16723165636722115
variabel; 0.16666888544568792
Wand; 0.16615594498580322
ausladender; 0.1656632159720175
Sitzbank; 0.16397771942320105
Bedürfnissen; 0.16150549106532708
Raffiniert; 0.16140235410421155
Richten; 0.16136829704191769
Kilogramm; 0.1606854311612551
Hochschläfer; 0.16055804292409448
Boxspringbettes; 0.15730629493191373
Altrosa; 0.15724007831158815
Kindes; 0.15686185091908555
eichefarben; 0.15338979303487577
Komfortschaum; 0.1532823921806994
hochwertigem; 0.15313470291312115
Hellbraun; 0.15226120180886937
FLORA; 0.1505988797871396
Vielseitigkeit; 0.15027675457531586
uns; 0.14975906744075473
Komfortabel; 0.1488268760513165
zweit; 0.1484394438120944
schönen; 0.14733961825550068
toller; 0.14692252597888
erfüllt; 0.1465415626153117
Problem; 0.1455901736044325
Ergebnis; 0.14530425847624429
wundervollen; 0.14473629675921984
WohnlandschaftDie; 0.14453643308661412
Buchefarben; 0.14424292909097858
feinen; 0.1442370095064689
zugehörigen; 0.14402261226496194
