Wort; Durchschnittlicher Wert
montiert; 0.02438579167392163
transparente; 0.02406823988189899
lackierten; 0.02333961598969836
geschützt; 0.022643657305707166
AnthrazitMaterial; 0.02127652251328982
bspw; 0.021072100349101675
Stärke; 0.020750379046148737
Holzdekoren; 0.02049989411466413
abnehmen; 0.020436313143363805
Griffmulden; 0.02025649608731328
englischen; 0.01983839893637196
Hauch; 0.019304131232274813
Greige; 0.018829061389624258
edlem; 0.01837261757827946
NADINE; 0.017913853416757775
erstehen; 0.017902271779803414
PUERTO; 0.0178501667414821
Schlafgefühl; 0.017818959365826004
Treffpunkt; 0.017774849251509295
Allein; 0.01760225304155938
geeignete; 0.017545568021660074
TRIO; 0.017533764616018743
Ordnung; 0.017409049341949867
elektrisch; 0.017196682539392327
Textil; 0.01708454564868589
Problem; 0.01698848436285516
letzten; 0.016960440734692384
Ablagefächern; 0.016931788981310092
ausgezeichnetes; 0.016855756022778223
Dauerschläfer; 0.016779656245489605
Microfaser; 0.016778056575276423
Nylon; 0.01671458412283755
Malutensilien; 0.01657720650007377
hinweg; 0.01653402163537976
Schliff; 0.016502788699654047
festen; 0.01636502820770147
jugendliche; 0.01631666920366115
gestalten; 0.016297785650749574
Landhausstils; 0.01624323802843719
afrikanischen; 0.016192065722862026
wachsen; 0.01613182935898294
restlichen; 0.01597782171484141
entdeckenDrucken; 0.015876324348937487
Karo; 0.015834912825994252
bitte; 0.015830416936751135
einladend; 0.015801004135937546
versprechen; 0.015600149239617167
himmlische; 0.015550781743513653
Wangenform; 0.015395564176287735
mittels; 0.015177847290146929
