Wort; Durchschnittlicher Wert
Reißverschluss; 0.13615080921135814
Rosa; 0.1314723513351055
Buchenholz; 0.12944994085592043
etwa; 0.1286643899138653
selbst; 0.12656638727639802
Kg; 0.12468102904767875
eindrucksvolles; 0.12376845387916546
kgHinweisDieser; 0.12166187008006091
Reich; 0.12130174969206564
Pölstern; 0.12128738808678463
Zugabe; 0.12010124730295502
Wand; 0.11956734684645198
Zonen; 0.11896208257530816
robuste; 0.1185636733098363
Vintage; 0.11836204863357125
angenehmem; 0.1182996639454359
verloren; 0.1179272510435112
Großer; 0.11787909864506219
Komfortschaum; 0.11781929591415974
liegt; 0.1177983923262218
MATTO; 0.11699516722001135
neinLattenrost; 0.11578901871689595
prakitscherweise; 0.11510900657594902
Hinweis; 0.11495146563720482
REGI; 0.11481690953951329
Kind; 0.11453037419414613
weiteren; 0.11429340187169146
MID; 0.11393984025926329
sieht; 0.11359410933437175
Kilogramm; 0.11259150956902886
Maschine; 0.11203510241466574
YOU; 0.11100031995738391
Kunststofffüßen; 0.11013425946293864
Kindes; 0.10895219427766278
FLORA; 0.1080550336628221
LAGOS; 0.10796742283855565
Braun; 0.10768145571637433
toller; 0.1071987677605648
Holzrahmen; 0.10574374420684762
Gewicht; 0.10525671004143078
Liegefunktion; 0.10461737620062195
InformationenPaketgröße; 0.10434522096102228
wirkt; 0.10400096276862314
ausschließlich; 0.1039688234559435
besitzt; 0.10362913187418599
max; 0.10355120555323083
edel; 0.10339442987424263
Robuste; 0.10319507333042566
Stütze; 0.10235628245573025
Pluspunkt; 0.10228692207738277
