Wort; Durchschnittlicher Wert
umfunktionieren; 0.18215034354943782
STELLA; 0.16406718685902888
ästhetische; 0.1635216441572993
Dauerschläfer; 0.16266317866393365
Einrichtung; 0.15379040914194775
Ablageflächen; 0.15114976984477835
Letztere; 0.14966885940521024
Waschen; 0.14935374452034011
Rollroste; 0.14830348145915195
misst; 0.14788022253560484
Samtbezug; 0.1470464395970339
Eiche; 0.1470312448345794
MARINO; 0.1442056552041322
langjähriger; 0.1430643365092692
erweist; 0.14166490406205412
ALASKA; 0.14053571937256493
Ordnung; 0.14040950700291432
puren; 0.13909780312678777
SVENJA; 0.13893138655112125
Programm; 0.13888454522020766
jedes; 0.1386462339269201
Wände; 0.13792187746730633
Farbton; 0.1374258469986671
entdecken; 0.13657751728896983
AnthrazitMaterial; 0.13554347047465853
angekündigt; 0.13192772527600027
Boxspringsofa; 0.13113847851536775
Liegeerlebnis; 0.13011197986747902
Greige; 0.12972384869499365
vieles; 0.12969439608423272
komplettieren; 0.12916013498033863
abnehmen; 0.12899546707922127
verräumen; 0.12839824309776304
Möbelstücke; 0.1272241145488806
edlem; 0.1268471558796591
PflegeMontageanleitungHinweisStoff; 0.12667984705149138
Bereich; 0.126436978665879
schlichten; 0.12641249211446848
unterschiedlichen; 0.1259148394819931
VIOLA; 0.1258833904430503
Rückenpölstern; 0.12584830010382575
überzeugen; 0.12556040061144813
Silber; 0.12500371462789417
außergewöhnlichen; 0.12494016480195569
nachts; 0.1236689735960681
wiederum; 0.12315377609967015
glänzenden; 0.12306784512475133
Wangenform; 0.12241347803501412
Kopf; 0.12177322535535495
MARIANNE; 0.12099945804220624
