Wort; Durchschnittlicher Wert
unterhalb; 0.041153257448058866
sicher; 0.03776089346234812
ELISABETH; 0.036095420275159995
Schlafgemach; 0.03605892758423579
Kleidung; 0.03349146441905759
Taschen; 0.03344363096766756
Praktischer; 0.030373621091712266
benötigte; 0.030265739243532153
Bettkastenset; 0.029194718234066386
helle; 0.028569823489988266
Massivholz; 0.027985834807623178
Schubkästen; 0.027448840666693286
optimal; 0.02687560890080931
freundliche; 0.023454971884348197
Ruhe; 0.022823393807129833
hervorziehen; 0.022797314159106463
ihren; 0.02266184319887543
natürlichen; 0.02244227696519374
passend; 0.021191218453168403
REGI; 0.0199676115589682
Rollen; 0.01989258430330665
Beste; 0.019598451081037638
gerade; 0.01870644083555817
Futonbett; 0.018527980025282886
ihm; 0.01844118407643691
Schubladen; 0.017605622283554112
je; 0.017428072034817887
Schlafzimmer; 0.016736868746647815
Problem; 0.016609749625786208
schließt; 0.01600923310888902
schnell; 0.0156676855222031
gar; 0.015665632929085405
Vorzüge; 0.015360916368763355
tolle; 0.015349110237366403
Statement; 0.015335538952058414
toll; 0.015082020610861946
Reinigung; 0.015021942544990452
DesignLiegefläche; 0.014864455202769022
wohlverdienten; 0.014855339581117732
Ob; 0.01478600990230916
Weise; 0.01445457315276144
Armablagen; 0.014272360062022926
gesunden; 0.013790278972010128
letzten; 0.013727874622418312
Gast; 0.01362189478095388
Sitzfestigkeit; 0.013585134676304733
Hellbraun; 0.01356778832996497
verspricht; 0.013503908383427188
traditionelle; 0.013355647017306183
seinen; 0.013035036114160903
