Wort; Durchschnittlicher Wert
Samtbezug; 0.19704575172909244
Kopf; 0.17236381696966419
Farbton; 0.1711357241620135
Ordnung; 0.17054744574124925
Rollroste; 0.16602269146915205
unterstreichen; 0.15476864750962704
misst; 0.15444602182105882
Holen; 0.1542033739397084
Füßen; 0.15285505043311787
jedes; 0.1520939163872299
Greige; 0.1503139396845654
Voraussetzungen; 0.14622356831023353
edlem; 0.14592671000718838
gestalten; 0.14488543241895968
geklappt; 0.14426730534535182
Ende; 0.1420257296122145
Möbelstücke; 0.14135342970257625
Eyecatcher; 0.14095888685551472
wohlfühlen; 0.13829258337409556
versehen; 0.13780303762541735
Beige; 0.13735155517497333
Dauerschläfer; 0.13723010814283043
Lattenroste; 0.13616476080642315
Ob; 0.13542639776642318
Nylon; 0.1337835771146274
Seitenteil; 0.1330039098393172
Wangenform; 0.13232414136291482
PflegeMontageanleitungHinweisStoff; 0.1319260352611309
formschönen; 0.13083970760635566
ersten; 0.13036257603016566
Rahmen; 0.12916362250689417
komplettieren; 0.12884477268380579
nachts; 0.12834617565385997
wiederum; 0.1275074699515244
ALASKA; 0.12643985453178175
denn; 0.126350477718006
genutzt; 0.12583664444537135
letzten; 0.1256971180155233
Braun; 0.12533042051654775
angekündigt; 0.1251875341986306
FRISCOKombinieren; 0.125182746181963
entdeckenDrucken; 0.12480929648882011
Elefantenmotiv; 0.12321738021273632
dieser; 0.12266897914742003
Schliff; 0.12212384126905818
Eiche; 0.1198873575849575
umfunktionieren; 0.1198589226405602
keinem; 0.11979393471392541
umfangreichen; 0.11943178469664417
Platzangebot; 0.11922377310111187
