Wort; Durchschnittlicher Wert
Braun; 0.22918869661225472
Zugabe; 0.19792638655781047
Pölstern; 0.18488306202925742
Buchenholz; 0.18398269185854588
angenehmem; 0.17031486297491938
Dunkelblau; 0.17018049515900202
prakitscherweise; 0.16951241684728302
Rosa; 0.1686797749644029
verloren; 0.16805904195643961
MATTO; 0.16741844739590306
Kg; 0.1630446899071103
Hinweis; 0.16255847850516147
toller; 0.16209288872778416
Maschine; 0.15959690524323378
YOU; 0.15755993239417876
Kind; 0.15716115405666642
eindrucksvolles; 0.15596907744475175
Vintage; 0.15498608420602977
richtig; 0.15478371238532418
Wand; 0.15373474243097007
Sitztiefe; 0.15241143585581085
bringt; 0.1517065694943085
gemütlich; 0.15008477176706947
kgHinweisDieser; 0.14991180352808442
harmonisches; 0.1488275952724507
Körper; 0.14797822641048697
robuste; 0.14772958269168157
Hellbraun; 0.1467786283442365
Zustellung; 0.14603342252485163
Reich; 0.1459621297144622
Hand; 0.14477630078908987
etwa; 0.14428678706099163
gehen; 0.1442379152722424
Querschläfer; 0.14350232716969913
Nierenkissen; 0.14237082245381316
liegt; 0.1418281670594297
Komfortschaum; 0.14146964621613733
MID; 0.1414389296060108
beträgt; 0.1404295524735062
InformationenPaketgröße; 0.13924171637336258
ergänzen; 0.13662394103812403
dieser; 0.13655408276827075
weiteren; 0.13639993258402683
Paketgewicht; 0.13633572586513765
Kopf; 0.13550826352729928
Möbels; 0.1345366217465198
hochwertigem; 0.13431286301693035
edel; 0.13360977635602467
LieferungLieferhinweisLieferung; 0.13348784458139562
Lieferumfanges; 0.1334070858938503
