Wort; Durchschnittlicher Wert
verloren; 0.037101478228578344
toller; 0.035742310938076116
Vintage; 0.03548124787630513
prakitscherweise; 0.03366344151436351
eindrucksvolles; 0.03305657261807937
Dunkelblau; 0.031036544496600982
raumsparende; 0.03062613604561193
Pro; 0.02910301291558426
puncto; 0.028406800018274225
chices; 0.02821133103861939
Holzrahmen; 0.027780299686128274
verstellen; 0.02773109985719202
bemessenen; 0.027654666733724298
schwarzer; 0.02715728980183485
Pölstern; 0.026920770298602292
Zimmer; 0.026434493382112123
FLORA; 0.02602913048758637
gehen; 0.026024199803941883
UNK; 0.025984024774516
gelingt; 0.025506125959509518
MATTO; 0.02541580628894735
Luxuriöse; 0.024880239077901933
Anpassung; 0.024792669573798776
JUIST; 0.024478061954141594
FLOBY; 0.024353279804927297
Wandgestaltung; 0.024301216781168478
Zubettgehen; 0.0242744738352485
durchdachte; 0.024272016846225597
mühelos; 0.024176383594749495
LUPO; 0.024006353778531775
Integrieren; 0.023993192735360935
Kind; 0.02366426444496028
geliebten; 0.02358145173639059
Richtige; 0.023562854732375627
Ergebnis; 0.02335231452161679
Kg; 0.023226567260280717
spontaner; 0.023125743377022445
PLAYBOY; 0.022961628608754836
Herausziehen; 0.022940222144825384
angenehmem; 0.02290642075240612
vielseitige; 0.022609756684687454
Wand; 0.0225962196054752
Aufstehen; 0.022376935623469763
fröhlichem; 0.022053745487937704
Landhaus; 0.02202844798375736
Großer; 0.021939926788036246
bereichern; 0.021901412183069624
Schaumstoffpolster; 0.02185571490554139
Kilogramm; 0.02158696205515298
Polyetherschaumkernund; 0.021504965567146428
