Wort; Durchschnittlicher Wert
Luftbett; 0.2592553980238961
BESTWAY; 0.23817917778796982
Minuten; 0.22509613394504413
grauen; 0.2229799230408389
Pumpe; 0.20223202773195226
beflockte; 0.2015473739738809
grauem; 0.1983801038877573
mitgelieferten; 0.19732693291007308
Zwei; 0.19202443758831578
zeitloser; 0.1890754325868329
Charme; 0.18864352128002793
CARROL; 0.186333431804087
exklusiv; 0.1791278937162133
elektrischen; 0.17600672221306013
Stoffbezug; 0.1748723083933328
verführerische; 0.17422904298291542
Rückenlehne; 0.17226517957169563
teilige; 0.17203483267803676
verhindert; 0.1708006630942691
Reise; 0.1695196837245021
versprüht; 0.16934844697243534
Kippfunktion; 0.16392625620937906
Echtholz; 0.16335275601159083
Runden; 0.1631157001502288
bequeme; 0.16216402840836963
MARS; 0.16146631746960338
nimmt; 0.16072413983056322
Ideal; 0.15904664096888155
empfehlen; 0.15826461353572085
Einlasstiefe; 0.1580557448323816
MontageanleitungDrucken; 0.15786741499323398
Schöner; 0.1575205152039416
Schnellverschlussventil; 0.15661754076234047
mitgeliefert; 0.15658142074244097
Fernsehsessel; 0.15637515074922703
GENEVE; 0.15615746613912052
AIRBED; 0.15582662813540082
Oberseite; 0.15514421937405132
Klasse; 0.15461410804709885
OUTDOOR; 0.15305407332743926
vielseitig; 0.15238443412818015
Staufach; 0.1500369596615201
QUEEN; 0.14919612116500502
gradlinigen; 0.14802586134828744
dreifach; 0.1478902888193261
funktional; 0.14752070653776173
Kabel; 0.14738885666884016
HAVANNA; 0.14683873011381365
Tragetasche; 0.14671743432700168
AufbauanleitungHinweisDieser; 0.14588494559939136
