Wort; Durchschnittlicher Wert
Räumlichkeiten; 0.027301619498757645
Dass; 0.027162322222466173
Holen; 0.026123451098101214
edlem; 0.025900389955495484
Armlehne; 0.025310778057246353
Ordnung; 0.025119852361967787
Farbton; 0.02475310820955201
vermeintliche; 0.02431881685515691
Füßen; 0.02386543089960469
halten; 0.023511916027928237
Samtbezug; 0.023486425052396953
Greige; 0.023068246053298935
manuell; 0.02292919146566419
ARTDECO; 0.022511605347972363
pur; 0.02237482508337507
topmodernen; 0.02205521995347226
Kopf; 0.02151350485655712
MARINO; 0.021467627288075164
silberfarbenen; 0.0214485784072167
zweit; 0.021392560556705575
transparente; 0.021255887369989068
Reinigung; 0.021008800504205283
cooles; 0.020929132125502292
Braun; 0.020769127817402477
erledigt; 0.020385695280310756
Erleben; 0.02030002504352524
Passend; 0.02027644462123135
Rollroste; 0.020275289913115557
Griffmulden; 0.0201936489215484
sein; 0.019926260343709146
wachen; 0.019823473630822264
Lattenroste; 0.01959930793964304
exquisiten; 0.019481634357362054
kontaktieren; 0.01922343549085781
glauben; 0.01913605083245784
hochwertige; 0.018823202066414524
Wohnelement; 0.018802328588208184
trefflich; 0.0187047891331531
Fantasie; 0.018575501067971345
Germany; 0.018534495859057643
Energie; 0.018496174227038864
stilvollen; 0.01844901850927272
ANDREW; 0.018289547195308842
Reißverschluss; 0.018165861794841476
ersten; 0.018134152051061392
vonca; 0.018096180232532788
natürliche; 0.018083255941746756
Viscoschaumkern; 0.018078625864291098
Produkt; 0.018071317332214676
Zumal; 0.01805959273769986
