Wort; Durchschnittlicher Wert
Braun; 0.22313237003439923
Maschine; 0.19625371540655578
Reich; 0.19450852373023508
braune; 0.1937459715114187
verloren; 0.18583289941307157
MATTO; 0.1827918901869907
Zugabe; 0.17883070080517882
Wand; 0.17805082211907575
eindrucksvolles; 0.17487559196229086
Buchenholz; 0.17262623824092316
kgHinweisDieser; 0.17236909939663292
Vintage; 0.1722254654698645
gehen; 0.17104766576130714
Komfortschaum; 0.16980999902989424
angenehmem; 0.16640492871601964
prakitscherweise; 0.1661479372953636
Fernbedienung; 0.16582991711476325
InformationenPaketgröße; 0.16499985242603543
Kg; 0.16423078480931963
sieht; 0.16364630432110516
lackiertem; 0.16093265828645542
liegt; 0.15923421634238366
Zonen; 0.1586458696463069
Rosa; 0.1578152327723501
Boxspringbettes; 0.15774781869276921
neinLattenrost; 0.1576099085318674
Velours; 0.1570527849742973
Zusätzlichen; 0.15656611846816304
robuste; 0.15492340584000885
Viscoschaumkern; 0.15313479648278872
Hinweis; 0.15299591406375157
hochwertigem; 0.15252142242177413
Hellbraun; 0.15220923554045385
Sitztiefe; 0.15053802826176366
MID; 0.1504916431723018
Querschläfer; 0.14998174371135065
FLORA; 0.14958618638456755
Kind; 0.147993480979153
wobei; 0.14631284311383297
versehen; 0.14606673916757273
Paketspezifische; 0.14571653392692951
LIVETASTIC; 0.14559627927597774
weiteren; 0.14552767000162703
Pölstern; 0.14513938263212367
Stütze; 0.14500615168813624
Zustellung; 0.14473531826939734
Hand; 0.14422265314624383
Rot; 0.1442007571036683
YOU; 0.1439180602553165
Dunkelblau; 0.14287036522785002
