Wort; Durchschnittlicher Wert
Luftbett; 0.36571087688207626
BESTWAY; 0.345416784286499
grauem; 0.3442784348153509
HinweisBitte; 0.32238357398455264
Pumpe; 0.2827310940483585
Rückenlehne; 0.2689552059491689
eignet; 0.2662641483366315
Minuten; 0.26459421357139945
UNK; 0.2634649875399191
beflockte; 0.2557467540536891
Charme; 0.25512985372915864
Schlafplatz; 0.2531352567166323
grauen; 0.25204162950103637
Echtholz; 0.2500195250049728
Zwei; 0.24625947148888372
Einzelbett; 0.23636338184587657
Stoffbezug; 0.23201007579336874
QUEEN; 0.23171249369625002
teilige; 0.23144031886477023
Dekor; 0.23097909927309956
Senfgelb; 0.2304441975429654
schwarze; 0.2295523879583925
Bonellfederkernmatratze; 0.22763024439336732
GENEVE; 0.22389499371638522
Dafür; 0.222680987091735
derselben; 0.2221407542238012
zusammen; 0.2198387370153796
empfehlen; 0.21974044875241816
nimmt; 0.21845969243440777
Person; 0.21581225623958744
Übernachtungsmöglichkeit; 0.21385664006811567
Ausruhen; 0.21221255750424461
Camping; 0.2118502311350312
Sessel; 0.21109065077325795
exklusiv; 0.2107836958603002
elektrischen; 0.21050992037635297
mitgelieferten; 0.21016010655876016
Einlasstiefe; 0.20885361009277403
Bettlade; 0.205794544712262
Sitzgelegenheit; 0.2047212225770636
Ideal; 0.2046756198978983
Runden; 0.2044329182099318
Grau; 0.20400314437574707
Schöner; 0.20389127876842394
versprüht; 0.20269922126317397
Boxbett; 0.20233287222799845
somit; 0.20033420590334572
AIRBED; 0.19996519858250394
Rollrost; 0.19944806488638278
gradlinigen; 0.19896059052553028
