Wort; Durchschnittlicher Wert
Braun; 0.11795131729172681
Reißverschluss; 0.1008279831148684
Paketspezifische; 0.09968517107336083
Pölstern; 0.09902257344219834
angenehmem; 0.09434603327827062
fest; 0.09130385639946326
Bordsteinkante; 0.08961225186067168
wobei; 0.08950548623033683
bringt; 0.08940906850602914
Zustellung; 0.08885807005572133
Zugabe; 0.0865814404678531
Ausklappen; 0.08657906969528995
Komfortschaum; 0.08556065823449899
Buchenholz; 0.0845418146927841
Wand; 0.08423560448500211
Größen; 0.08329849380243104
Sitztiefe; 0.0819466155662667
rund; 0.08163487911224365
braunem; 0.08048269066784997
gehen; 0.08045434468658641
Rosa; 0.08035662073234562
kontaktieren; 0.08001336740562692
Kopfteil; 0.07984630932878645
Querschläfer; 0.07921426499706286
Stunden; 0.07876630218379432
maximalen; 0.07864459060874651
liegt; 0.07846130016969255
Linien; 0.07815466212923639
zudem; 0.07706416999280918
Einrichtungselement; 0.07623474983120104
Bedürfnissen; 0.07609799891361035
kgHinweisDieser; 0.07601301684917416
Kilogramm; 0.07590756046556635
Stilvoll; 0.07586952476412989
JUIST; 0.07586229098160402
Vintage; 0.07579675468514324
Kg; 0.07570508669596165
In; 0.07553031494899187
versehen; 0.07551196265558247
Gefertigt; 0.07542602146395438
Nierenkissen; 0.07525218960654456
behagliche; 0.07508468795276713
dieser; 0.07456385224941187
sorgt; 0.07441308026318438
Fernbedienung; 0.07421508937841281
eichefarbenem; 0.07420908116546343
entscheiden; 0.07410771435388597
InformationenPaketgröße; 0.07367271618568338
großer; 0.07362145414299448
gut; 0.07342062371026259
