Wort; Durchschnittlicher Wert
Luftbett; 3.1356532707810403
Personen; 3.0228064522147178
Oberfläche; 3.0013224381953476
zu; 2.9803934335708617
der; 2.9716088183224203
L; 2.884962172061205
für; 2.865894253179431
und; 2.8531857907772062
B; 2.8488166835159063
von; 2.8406743109226227
bis; 2.8384765040129425
mit; 2.835921688005328
aus; 2.832962227985263
Gästebett; 2.8301410041749477
Das; 2.8274885211139917
UNK; 2.827459831908345
cm; 2.8250983506441116
x; 2.823689625039697
Drucken; 2.81277657225728
ist; 2.809381889924407
großen; 2.8046828888356687
bequem; 2.761068506911397
in; 2.752079585939646
HinweisDieser; 2.749686500057578
einfach; 2.7446321316063402
die; 2.739378336444497
als; 2.689142207056284
Schlafplatz; 2.66440244987607
Platz; 2.6254258908331396
Sie; 2.6186183024197818
wird; 2.6014021929353475
das; 2.5958216827362777
eine; 2.4915557030588387
Bitte; 2.4173894960433246
unseren; 2.302755623310804
ausgestellt; 2.2997870914638043
einen; 2.1831871259957554
Die; 2.178924298658967
integrierter; 2.0827755156904457
Eine; 2.0436302211135624
Lieferumfang; 2.0252635765820743
abgebildete; 2.023264751583338
Ob; 1.9232590157538652
Artikel; 1.8988324094563722
dort; 1.7523748818784952
Filialen; 1.7496558919548988
aber; 1.7464239716529846
dass; 1.6176684930920602
enthalten; 1.6143782049417497
beachten; 1.6105616938322782
dieses; 1.4790436085313559
im; 1.3645342238247395
kg; 1.3627159830182791
bestellbar; 1.3405821193009615
Dekoration; 1.0870259046554565
Auf; 0.9503635674715042
Schlafkomfort; 0.9449500154703856
nicht; 0.9412010002881288
finden; 0.8128070455044508
oder; 0.8118544973433017
beim; 0.5436485815793276
Ihren; 0.5366081833839417
sorgt; 0.3964017782360315
können; 0.2695644099265337
Besonders; 0.26584279015660284
Bequemes; 0.26418978460133075
Hause; 0.13112995475530625
Übernachtungsbesuch; 0.12910944484174253
