Wort; Durchschnittlicher Wert
beflockte; 0.475866905420844
bestway; 0.45758116035722196
luftbett; 0.4438977029931266
boxbett; 0.3946431837102864
minuten; 0.3927126196795143
empfehlen; 0.37058592133143975
pumpe; 0.3613340725769376
strapazierfähigem; 0.3549716421402991
carolina; 0.35486652434337884
betreten; 0.3541942725860281
widerstandsfähige; 0.35232793673640117
hinsetzen; 0.35083121806383133
feste; 0.35040923922497313
gesicht; 0.34944035791886563
mitgelieferten; 0.34606562537373975
synthetikmix; 0.3448561935656471
aufstehen; 0.3433349518745672
erwartet; 0.33780169422971085
wohltuende; 0.33731317979982123
outdoor; 0.3350052243331447
staufach; 0.33322788117220625
einlasstiefe; 0.3327041685115546
raumes; 0.3310440263885539
mars; 0.3291304476588266
verbreitet; 0.32617216478683986
airbed; 0.32426147791557014
wohnliches; 0.3235419387472689
inkludierten; 0.3199598022183636
ungewolltes; 0.31511808780487627
schnellverschlussventil; 0.3145043706172146
genuss; 0.3125892565585673
schlafunterlage; 0.31241794100787956
verwenden; 0.31220068817492574
tragetasche; 0.3114528631995199
knopfnaht; 0.30909812052050256
kunststoff; 0.3063733513408806
queen; 0.30320854554884136
kabel; 0.3025829164835159
bonellfederkernmatratze; 0.299370039763744
leicht; 0.2990997600136325
alle; 0.2985539590154076
schätzen; 0.2960517186911602
beruhigende; 0.2938374994555488
vom; 0.28760169114684686
balkenkonstruktion; 0.28525901217471983
twin; 0.2824573667749064
genauso; 0.2808153639489319
aufgeblasen; 0.2788709468586603
graue; 0.2761944893533155
unterwegs; 0.27604484918992966
