Wort; Durchschnittlicher Wert
bestway; 0.37795874267612817
luftbett; 0.36062000067613553
pumpe; 0.32146180670679314
beflockte; 0.2797712166502606
unterwegs; 0.2704357380844158
queen; 0.25958951622305904
graue; 0.25595550787784305
boxbett; 0.24954806962341536
minuten; 0.2426448942060233
hinsetzen; 0.23959307893528603
staufach; 0.23548272221523803
inkludierten; 0.22933713320526294
verhindert; 0.22858626930246828
kabel; 0.22817601188944536
leicht; 0.22814360164193204
raumes; 0.2276927807542961
tragetasche; 0.22716485190176172
kunststoff; 0.22644599913110142
verbreitet; 0.22182964242892922
elektrischen; 0.22133453083370114
mitgelieferten; 0.2197774946143909
airbed; 0.2181410644443531
pvc; 0.21561306004878134
knopfnaht; 0.2144554258293283
abrutschen; 0.21060948627928155
camping; 0.208778037038428
erwartet; 0.20870709368682583
bonellfederkernmatratze; 0.20759184981034196
carolina; 0.20725095475063426
strapazierfähigem; 0.2041841936443234
feste; 0.2023025779199088
hochleistungsreparaturflicken; 0.20017112641471613
schätzen; 0.1997423820048425
schlafunterlage; 0.19957219778734725
kopfkissen; 0.19902965040091658
betreten; 0.19894099130760878
oberseite; 0.1974354953654256
synthetikmix; 0.19635097321588546
gesicht; 0.1960765036455996
tritec; 0.1960734643835167
schnellverschlussventil; 0.19550512799469288
innen; 0.1951265728494036
aufstehen; 0.1949293567595305
beruhigende; 0.1932184746947314
genauso; 0.19264008306345204
widerstandsfähige; 0.18965851918528642
twin; 0.1890032162773423
einsatzbereit; 0.18881239432630537
gönnen; 0.18848195923055755
genuss; 0.18819090822216822
