Wort; Durchschnittlicher Wert
HinweisBitte; 0.7743405950022861
Boxbett; 0.6668256465345621
Weitere; 0.6029475882523911
Ihrem; 0.5941604131367058
KategorienSchlaftextilienNachtkästchenKleiderschränkeKomplette; 0.5928410922624607
bis; 0.5870823135483079
interessante; 0.5824252150196116
grauen; 0.5746974777430296
Bonellfederkernmatratze; 0.5739050280535594
SchlafzimmerDrucken; 0.5707953761448152
große; 0.565574238426052
Kunststoff; 0.5621979361167178
Topper; 0.562088695820421
aufstehen; 0.5376611207611859
beruhigende; 0.5349872598890215
Während; 0.5307465638034046
sodass; 0.5241787298582494
können; 0.5209099834464723
CAROLINA; 0.5193598757032305
Entspannung; 0.5136011589784175
UNK; 0.512631269171834
Schaumstoffkern; 0.5123801080044359
schätzen; 0.5113633964210749
Farbgebung; 0.510556688066572
verbreitet; 0.5089941853657365
Schöner; 0.5070157260634005
Unter; 0.5069247223436832
befindet; 0.5008344589732587
Schlafunterlage; 0.5001829455140978
Gönnen; 0.4991011788370088
Gesamtbild; 0.49375127255916595
Gesicht; 0.49368450115434825
inkludierten; 0.49126476305536926
alle; 0.4910501007689163
wohltuende; 0.49088113056495786
graue; 0.4893053693231195
besteht; 0.48834990221075714
Schlafzimmer; 0.48564576933858916
passen; 0.4854115762282163
vom; 0.4853334780782461
II; 0.4851438608020544
widerstandsfähige; 0.48414733284153044
Synthetikmix; 0.484019880881533
gekonnt; 0.48299566947389394
Stellen; 0.48221617587842047
Betreten; 0.4792999215424061
Raumes; 0.4789322989527136
kompakten; 0.4785033029038459
feste; 0.4773951533716172
Sitzgelegenheit; 0.4773257481137989
