Wort; Durchschnittlicher Wert
beflockte; 0.5509531676652841
Luftbett; 0.4608300944091752
BESTWAY; 0.45450748907751404
mitgelieferten; 0.4390933086106088
Minuten; 0.4122924584080465
grauen; 0.3925894635322038
ungewolltes; 0.3919987391564064
Kabel; 0.38361694396007806
Pumpe; 0.3826281965302769
Staufach; 0.3795328153355513
Boxbett; 0.37925621785689145
QUEEN; 0.3789306468970608
Schnellverschlussventil; 0.3775525964447297
OUTDOOR; 0.3759182921348838
AIRBED; 0.3753251628950238
empfehlen; 0.3739142453268869
Abrutschen; 0.3664933167601703
HinweisBitte; 0.36292722864527605
trendigen; 0.3602986452751793
aufstehen; 0.3585120674397331
Tragetasche; 0.35322900298342574
nimmt; 0.35160054572770605
Hochleistungsreparaturflicken; 0.3488394004525617
Kunststoff; 0.34872620068199467
TWIN; 0.34221755297039635
graue; 0.337148891936522
schätzen; 0.3353100238891784
verbreitet; 0.33419263969699387
Innen; 0.3336402800196083
elektrische; 0.3332964150904445
Oberfläche; 0.32792869029799476
versprüht; 0.32532218091364484
MARS; 0.3243201825534925
vom; 0.3221677700348664
wohnliches; 0.32122115603908696
aufgeblasen; 0.3187636094808113
unterwegs; 0.31823855072434526
große; 0.3181503300656914
Charme; 0.31371112090710085
Oberseite; 0.3133827929123072
Reise; 0.312785814916424
verführerische; 0.31265468605124624
zusammen; 0.30971451006189454
Einlasstiefe; 0.30928492135717534
Bonellfederkernmatratze; 0.30383387484471314
CARROL; 0.3019228863850003
Outdoor; 0.30101931211538613
stimmungsvolles; 0.2994482222056831
stand; 0.2993803816498257
CAROLINA; 0.29929070510843303
