Wort; Durchschnittlicher Wert
luftbett; 3.07791501916945
oberfläche; 2.9730706557631494
personen; 2.9565776344388723
zu; 2.9132266491651535
der; 2.9001090820878743
eine; 2.8890212774276733
l; 2.830058378726244
ob; 2.814503774791956
mit; 2.8007737044245005
bis; 2.799186074361205
aus; 2.799130357801914
als; 2.7966308068484067
cm; 2.796340963989496
für; 2.7932886838912965
b; 2.7890632625669243
ist; 2.788590405136347
und; 2.7831931222230195
das; 2.781006250157952
von; 2.780151613429189
drucken; 2.7751301545649767
x; 2.773086254671216
UNK; 2.770103009045124
bequem; 2.718503022938967
die; 2.7125754904001953
in; 2.711785316094756
wird; 2.7030499182641505
hinweisdieser; 2.7024409607052804
einfach; 2.7002363827079536
sie; 2.693403182923794
gästebett; 2.6570630341768267
integrierter; 2.487129395455122
schlafplatz; 2.4852252092212437
platz; 2.4741582784801723
auf; 2.4580428924411537
großen; 2.3287650596350433
bitte; 2.13737028837204
dort; 2.0113925959914924
ausgestellt; 1.9932976119220256
dass; 1.9788504607975483
artikel; 1.8879688739776612
bestellbar; 1.8762076899409295
filialen; 1.8754514366388322
kg; 1.8382623087614776
dieses; 1.7788307204842568
dekoration; 1.739193289540708
nicht; 1.7327199947088956
beachten; 1.710078677162528
im; 1.5985347375273704
lieferumfang; 1.581676938943565
aber; 1.580912296101451
enthalten; 1.57224675193429
unseren; 1.4849560536444186
abgebildete; 1.3508545190095902
einen; 1.3377878539264203
oder; 1.228407070413232
ideal; 1.1734636802226306
schlafkomfort; 0.9244971185922622
übernachtungsbesuch; 0.7669759806245565
beim; 0.6376421876251698
können; 0.5270680662244558
marke; 0.5032769376412034
angenehm; 0.4015237711369991
sorgt; 0.3932797584682703
ihren; 0.39148258715867995
ca; 0.3750271376222372
finden; 0.27497610114514826
komfortables; 0.26578157357871535
hause; 0.26088350750505923
bequeme; 0.12941790744662285
gemütliche; 0.1209147984161973
