Wort; Durchschnittlicher Wert
Türkis; 0.008287639229092748
Hellbraun; 0.007609253840928432
MontageanleitungHinweisEine; 0.007438051025383174
mittleren; 0.007404567173216492
Dunkelbraun; 0.007192834612214938
blaue; 0.007131476880749688
DekorGesamtlänge; 0.0070940511068329215
Eckgarnitur; 0.006820244117989205
Braun; 0.006813927489565686
C; 0.006596409608027898
Erlebnis; 0.006403716059867293
XL; 0.006372247627587058
wider; 0.0063626826915424315
Wohlfühlgaranten; 0.0063611531280912455
Unterbringung; 0.006327436177525669
Komfortabel; 0.006267162342555821
langlebig; 0.006244019587757066
Holen; 0.0062433101003989576
Kopf; 0.006205596978543326
geradlinigem; 0.006203937134705484
Raums; 0.006191662515630014
hellgrauen; 0.006190508394502104
Herausziehen; 0.0061575274739880115
Hinweis; 0.006026331591419876
fest; 0.005936477601062506
CAMINIO; 0.005852227134164422
alufarbenen; 0.005851459159748629
Dazu; 0.005781696294434369
Textil; 0.00577571309695486
DesignLiegefläche; 0.005729988304665312
Spannvlies; 0.005695049988571554
erstklassigem; 0.005691485799616203
Besonderem; 0.005677809072949458
MERCI; 0.005638345325132832
BesonderheitenLattenrost; 0.005620304902549833
ihn; 0.0055849809781648215
spiegelt; 0.0055527648248244075
Boxspringbettes; 0.005547696223948151
dadurch; 0.0055345447646686806
schlammfarbene; 0.005499974327540258
neinLattenrost; 0.0054650349135044966
einzelnen; 0.00546283285075333
lackiertem; 0.005451742705190554
vergisst; 0.00539089857484214
Machen; 0.00534415320144035
Polyetherschaumkern; 0.005344101839000359
Farbtöne; 0.005337339860852807
Basis; 0.005310865602223202
braungrauen; 0.005290324389352463
Samtbezug; 0.005279953026911244
