Wort; Durchschnittlicher Wert
Boxspringsofa; 0.006563397592981346
königliche; 0.006064577043434838
FALCO; 0.0056719974847510455
Schlafbereich; 0.005663472265587189
grauem; 0.005430128526131739
wo; 0.005389287776779383
gemütliches; 0.005094140197002162
LEONIE; 0.004801643872633576
eingearbeiteten; 0.004674911961774342
spiegelverkehrten; 0.004475498072133632
verzichtet; 0.004416476745973341
versinken; 0.0043467275754665025
unschlagbaren; 0.004308866168139502
geplankte; 0.0042831589022171105
greift; 0.004257235320983455
benötigt; 0.004123692569555715
StoffauswahlMaßeLiegefläche; 0.004116719079320319
Post; 0.0040960788675874936
Wohnraumes; 0.004046757780633925
fernsehen; 0.004014534506131895
Holzfarben; 0.003999120496155228
FULTON; 0.003965323598822579
entspannten; 0.003957474385970272
überaus; 0.003951474368659546
CLIPSO; 0.003934358216065447
LA; 0.00388911629706854
überzeugend; 0.003868883359245956
Hit; 0.0038489993632538242
Schlafens; 0.0038352824616595172
erhebt; 0.0038286576513201
aushalten; 0.0038245565272518435
Carbonstahl; 0.0038199251919650125
Lehne; 0.00381676942051854
FRISCO; 0.0038080886894022114
Rundrohr; 0.003785091847021249
glänzt; 0.0037812085880432277
Verschieben; 0.003778905509989272
hüllt; 0.003773728514352115
Vorstellungen; 0.0037595399817291764
Wohnzimmern; 0.003753135973965982
sandfarbenen; 0.003746576255070977
Bessoni; 0.0037282854771547138
Wänden; 0.0037140778185857926
schlichter; 0.0037052253901492804
großes; 0.0036981456647481536
bewahren; 0.003678681766905356
Fernsehabende; 0.0036781842121854425
BERN; 0.0036770715996681247
Möglichkeit; 0.0036472485844569746
Umzugs; 0.0036467934103711743
