Wort; Durchschnittlicher Wert
tauschen; 0.0064070240605360596
mittel; 0.0058364498996525075
liegende; 0.005731635153097159
gewaschen; 0.005607973752194084
Toppers; 0.005549051317211706
durchgehende; 0.005472432525129989
Wer; 0.005417622804816347
gereinigt; 0.005228002408330212
Synthetikfaser; 0.005044439461198635
dicken; 0.004966819618130103
schlummern; 0.004943008170448593
siebenten; 0.004829376903944649
geschlafen; 0.004535833853879012
umwerfend; 0.004514392273267731
Schlafhimmel; 0.004323141573695466
schicker; 0.004281437031659152
allen; 0.004229310358641669
Zugang; 0.004173075863582199
starke; 0.004155907574750017
verführerische; 0.0041358421352924776
naturfarbenen; 0.004113468269497389
Federn; 0.004107147958711721
Kern; 0.00410281652584672
Spannvlies; 0.004091325205808971
springt; 0.004062072900705971
Schichten; 0.004056454321562342
Maschine; 0.004033031343715266
beiträgt; 0.00401850514463149
frischen; 0.003999357757857069
Nachtlektüre; 0.0039898685368825685
Mischung; 0.003959204014063289
Morgen; 0.0039565040468005465
Flächenelastizität; 0.003918249759590253
Nachtruhe; 0.0038884440233232453
ATLANTISPassend; 0.0038843989987071836
Schlafs; 0.0038775192018874805
N; 0.003850252728443593
Programms; 0.003845790430204943
anderem; 0.00383067681977991
perfektionieren; 0.0038138994264954817
Zentimeter; 0.0038132572648464703
Holzrahmen; 0.0037955098086968064
Steppnähten; 0.0037900224849863663
verteilt; 0.003782862582738744
Kingsize; 0.00376884711204184
bemisst; 0.0037585469963232754
Luxus; 0.0037051102379336955
SchlafzimmerDrucken; 0.0036999936339270787
have; 0.003699795191641897
gleichmäßig; 0.0036847170238615947
