Wort; Durchschnittlicher Wert
HinweisBitte; 0.08190598809160292
Ombra; 0.07745245440746658
schwarze; 0.06918161164576304
platzsparend; 0.060966398671735075
Dekor; 0.05927852739114314
Gästezimmer; 0.05924694431887474
Schlafplatz; 0.058163117925505506
eignet; 0.057623391950619406
BESTWAY; 0.05697362762730336
Bonellfederkernmatratze; 0.05678180218965281
grauen; 0.05668334041256458
Luftbett; 0.05585258635692299
funktionelles; 0.055786257528234275
Rückenlehne; 0.05543081499636173
verbreitet; 0.05515351772774011
somit; 0.05513174987572711
grauem; 0.05444280643132515
Fernsehsessel; 0.05379522885195911
wo; 0.053304079233203086
Schlafbereich; 0.052278304367791864
geschickt; 0.05180026903180988
Jugendzimmer; 0.051685169083066286
wohlige; 0.05125445059384219
Zweisitzer; 0.0507979423404322
Sitzgelegenheit; 0.0507366674268269
zeitloser; 0.05026905505801551
Boxspringsofa; 0.04962490483303554
Pumpe; 0.04960695147201477
Kiefer; 0.04939480376633583
Zwei; 0.048940090910764414
Person; 0.04876073576378985
Nachtruhe; 0.04826473112916574
benötigt; 0.0482170499919448
Charme; 0.048151134369982175
Schaumstoffkern; 0.048145959840621796
Bettlade; 0.047941820812411606
empfehlen; 0.04788620101171546
Beleuchtung; 0.04788235995220021
Einzelbett; 0.047870230436092245
schlichter; 0.04754095751559362
LED; 0.047185772098600864
Mega; 0.047002126229926944
derselben; 0.04688834504922852
Nachtkästchen; 0.046870125632267445
Praktisches; 0.04686563347931951
funktional; 0.046818581198022
sehr; 0.046811220462041093
FALCO; 0.04671983739826828
MARS; 0.04663347452296875
Farbgebung; 0.04655164820724167
