Wort; Durchschnittlicher Wert
Reißverschluss; 0.05780537130194716
Buchenholz; 0.05774338531009562
Rollroste; 0.056021513426094315
Zonen; 0.05038486749472213
lackiertem; 0.05032193273800658
C; 0.048626376689935566
beträgt; 0.048296209214095144
fest; 0.04825871942157391
Maschine; 0.04798103739067301
besitzt; 0.04789296332928643
Zugabe; 0.04787691885539971
Kg; 0.04751692902063951
Nylon; 0.04694963168585673
Reich; 0.04649891229928471
Kopf; 0.04635471587207576
ausschließlich; 0.04580720848316559
Kilogramm; 0.04555768652835468
gewaschen; 0.045541267361841165
Schutz; 0.04545899043732789
versehen; 0.04533008124053595
Wand; 0.044489948166301474
Komfortschaum; 0.043758524481381754
Dieser; 0.04360961840357049
Zusätzlichen; 0.04349843520758441
hochwertigem; 0.043377141727978595
MATTO; 0.04326910080562811
maximale; 0.043168837881967195
Hellbraun; 0.043161746578698514
weiteren; 0.043040147529245586
behagliche; 0.042501157343576776
hellgrauen; 0.04205056069185957
misst; 0.04187155587351299
Linien; 0.04186809348320821
THOMAS; 0.04176776295289528
Herausziehen; 0.041703269167919645
Rosa; 0.04168184591108002
Paketspezifische; 0.04153671586245764
gepolstertem; 0.041455057778512126
selbst; 0.04118399467843119
Stütze; 0.041103120002662766
Möbels; 0.040939697399153374
zweit; 0.04055880656669615
Schlafgefühl; 0.04050192146678455
ihn; 0.04039316824491834
kombinierbar; 0.040372949461016105
verbirgt; 0.040361227898392825
diejenige; 0.040148421123740265
Falls; 0.03973564820335014
Machen; 0.03968233375198906
Federkern; 0.03941508089901617
