Wort; Durchschnittlicher Wert
HinweisBitte; 0.07369425324723125
Sitzgelegenheit; 0.06035039168782532
grauen; 0.059877129876986145
KategorienWohntextilienVorhängeStehleuchtenWohnzimmertischeDrucken; 0.059282256796723234
interessante; 0.056333777797408405
schon; 0.05449487895239145
Weitere; 0.05422566417255439
Erweitern; 0.054195692157372834
entsteht; 0.05413868700270541
hautfreundliche; 0.05334901407186408
Fernsehsessel; 0.052940182422753425
grauem; 0.05252337056444958
Boxspringsofa; 0.052475239150226116
Entspannen; 0.05211390120675787
geschickt; 0.051527349732350555
komfortables; 0.05029700935992878
Ihrem; 0.050152459476339575
Style; 0.05003938318695873
derselben; 0.0497360321925953
Senfgelb; 0.04952625331934542
Dekor; 0.04933060409093741
unterbringen; 0.0492483209585771
kleinen; 0.04918224393040873
schlichter; 0.04891596735687927
gemütliches; 0.04883112849056488
Zwei; 0.04876225314801559
elektrischen; 0.04862559628672898
Ausruhen; 0.04828520665178075
funktionelles; 0.048204461362911386
feines; 0.04801629923749715
somit; 0.04799700650910381
Runden; 0.04793987949378788
Sessel; 0.04788311272568535
GENEVE; 0.04757459319953341
flexibel; 0.047373053088085725
Grau; 0.04736401183763519
Schlafbereich; 0.046808259282261136
verbreitet; 0.04618030593264848
gewachstem; 0.04617733268532902
Situation; 0.04615705250762403
mitgelieferten; 0.046116151998285206
schlichten; 0.04547652474138886
neben; 0.04532728985650465
Elegantes; 0.04531392880016938
diesem; 0.04521435874921735
erstrahlt; 0.045203334908001123
ihre; 0.04517984976992011
Kabel; 0.0450118520995602
weicher; 0.04498909220274072
praktisches; 0.04496304298081668
