Wort; Durchschnittlicher Wert
Hellbraun; 0.005383562823408283
rechtsMontageanleitung; 0.004343506275472464
Oldstyle; 0.0037348716839915143
DekorGesamtlänge; 0.0035377538253669625
TOKIO; 0.0035228475790063385
Flachgewebe; 0.003213464760756324
geradlinigem; 0.0031437035999260844
Dunkel; 0.0031005348893813787
BesonderheitenLattenrost; 0.003080403986677993
Nackenstütze; 0.0030558644910342993
Herausziehen; 0.0030493593789287844
Kontinentalmatraze; 0.0030405606274143794
naturfarben; 0.0029752227099379526
alufarbenen; 0.0029194836868555287
linksHinweisEine; 0.0028861974278697744
Abmessung; 0.002769652246206533
Haushalt; 0.002733983893995173
kaufen; 0.0027321609450154938
Verbringen; 0.0027228725088207285
etwa; 0.0026511313049923046
zum; 0.002616963149921503
erstklassiges; 0.0025909513293299823
Mango; 0.0025842605871730486
BORA; 0.002583670266903937
Rückansicht; 0.002583585963475343
voller; 0.002580212331122311
Einzig; 0.002534070660476573
ablehnen; 0.002522671559927403
PORTLAND; 0.0025212227272277234
fehlen; 0.0025060293464775896
allerhöchsten; 0.002502143904712284
Stoffkatalog; 0.002501302351083723
Orange; 0.00239253434992861
DesignLiegefläche; 0.0023545408475911245
SKATE; 0.0023424445127602665
SEATTLE; 0.0023314860809477977
Vorteil; 0.0023164030382758936
Dreiersitzer; 0.002313793445500778
Raummitte; 0.0022735284808732105
Gesamtgröße; 0.002266281659831293
rasant; 0.0022641421576281573
Textil; 0.002253367544471985
aufwendige; 0.00223658699542284
BettfunktionDie; 0.0022315383212117013
Wer; 0.002225835664285114
gutem; 0.0022221507879294222
Schön; 0.002200767833710415
dunkelbraune; 0.0021887597009481396
HellgrauHolen; 0.0021479444403667003
Taupe; 0.0021385788732004585
