Wort; Durchschnittlicher Wert
HinweisBitte; 0.0757463510031812
Luftbett; 0.07114904985937756
Fernsehsessel; 0.06802209779561963
KategorienWohntextilienVorhängeStehleuchtenWohnzimmertischeDrucken; 0.06663565683120395
hautfreundliche; 0.06329432409256697
BESTWAY; 0.062116494206566134
Erweitern; 0.06137661387911066
Dekor; 0.06122206626287152
feines; 0.06018275259411894
Pumpe; 0.060052831964276264
grauem; 0.059616528829792514
Schlafplatz; 0.05897879670810653
GENEVE; 0.0572812634636648
neben; 0.056937733707309236
Zwei; 0.056394522472692186
platzsparend; 0.05551957783391117
zeitloser; 0.05551945908227936
Modernes; 0.05422467442112975
beflockte; 0.05311505678691901
Senfgelb; 0.05272338471841067
Bigsofa; 0.051897750310627086
Minuten; 0.05181247771834023
Camping; 0.0518019840164925
funktionelles; 0.051594266483152754
Luca; 0.051379430941597096
Style; 0.050922582147177306
Nichtgebrauch; 0.05089402055855317
SIMON; 0.05057193369430024
Annehmlichkeiten; 0.0504481036652578
zusammen; 0.04987824854324572
tollem; 0.049818270932883026
Hit; 0.04905581988277845
Praktisches; 0.04903091899104765
Schlafbereich; 0.048509161759284325
Überraschungen; 0.04833831522846595
Bessoni; 0.048246858542552215
geschickt; 0.04824245009222068
artige; 0.04822486375046538
funktional; 0.048216083936858924
geräumigen; 0.04818656383722555
Einzelbett; 0.04815789896529168
unterbringen; 0.04801413106324617
CLIPSO; 0.0475007258952246
Formschaum; 0.04713308446807787
Wohnungen; 0.04696726866532117
diwan; 0.046907976240618154
Massivholz; 0.04683057765942067
überraschenden; 0.04661935775948223
Setzen; 0.04639288869075244
gehüllt; 0.04625083268037997
