Wort; Durchschnittlicher Wert
Braun; 0.08510831646563019
Hinweis; 0.07333176647953224
Reißverschluss; 0.06796854622079991
C; 0.06720278524444438
versehen; 0.06673471708782017
wurde; 0.06468729701591655
Schlafgefühl; 0.06370959683845286
Hellbraun; 0.06323137860745191
Kg; 0.06263021398044658
fest; 0.06242432686849497
hellgrauen; 0.06197335400502198
lackiertem; 0.061601009091828016
Maschine; 0.06110601630061865
zweit; 0.06074362713843584
richtig; 0.06069121045875363
Türkis; 0.060327727277763185
gewaschen; 0.06030421715695411
Boxspringbettes; 0.05976162328661303
Rollroste; 0.05953820673748851
Buchenholz; 0.059511160862166436
Dunkelbraun; 0.05945569439354585
Zonen; 0.0591336038094596
Optisch; 0.05885417304234579
Stütze; 0.057938864280004054
worauf; 0.05782390817184933
Reich; 0.05747162194456905
Rosa; 0.05721212718635797
Zugabe; 0.056574930297210814
Komforthöhe; 0.0565223833109485
YOU; 0.056427146986243314
hochwertigem; 0.05623681152355857
besitzt; 0.055913955951109526
Wand; 0.05547553728101775
Nylon; 0.05529453898780048
Kopf; 0.05516024034004659
machen; 0.05486189742805436
Stunden; 0.054718277711072
braune; 0.05459076125989668
MID; 0.05452880306402221
Eck; 0.05434815459884703
neinLattenrost; 0.053957851510494946
verspricht; 0.053664953807310664
Schlammfarben; 0.053439734957646576
maximale; 0.05340467045316473
Wäsche; 0.05304045210941695
Basis; 0.05290506274905056
LIVETASTIC; 0.05284844367997721
Sitztiefe; 0.05247583885211497
beträgt; 0.052413955325027926
Komfortschaum; 0.05233182328520343
