Wort; Durchschnittlicher Wert
Dieser; 0.08836407188209705
Falls; 0.06945230996643659
Buchenholz; 0.06937775912228972
Hinweis; 0.06757568229513708
Kingsize; 0.0662760581166367
Luxuriöser; 0.06467567507061175
maximale; 0.06426326718647032
Kilogramm; 0.06350504540423571
C; 0.06257800651510478
Reißverschluss; 0.06182909257186111
verbirgt; 0.06015834799763979
Polyetherschaumkern; 0.05991530810133554
Kopf; 0.0598619939708442
Maschine; 0.059601622496484194
wobei; 0.05928135633148486
hellgrauen; 0.059038281126413496
wurde; 0.058842713113699575
Zugabe; 0.05827476493905124
Wand; 0.057254997873678805
Hellbraun; 0.05719009798485786
HinweisStoff; 0.05693123109522276
zweit; 0.05616201133234426
hochwertigem; 0.054586293372085495
ausladender; 0.054410678072599694
Boxspringbettes; 0.05422193942758895
denn; 0.05408680018445011
Zusätzlichen; 0.05386426428594859
Nierenkissen; 0.05373915565432981
Komfortschaum; 0.053599579474484925
Zonen; 0.05347007376840338
Tipp; 0.05303424640442245
versehen; 0.05298771105299238
Rosa; 0.05266259410327621
echte; 0.05258806064666714
Stunden; 0.052559138095239176
Komforthöhe; 0.052465613995445894
gepolstertem; 0.052098489619675094
fest; 0.05143758054327918
Passend; 0.05104068214604922
ergänzen; 0.05079924199017114
Reich; 0.05077979902271181
dadurch; 0.05066696524963845
Richten; 0.05025980804930441
Querschläfer; 0.04993171377573162
Kg; 0.049928423832170665
worauf; 0.04950675179570681
kuscheln; 0.04938154525880236
stets; 0.04919573778461199
Fußhöhe; 0.04916488308663247
echt; 0.04906450752459932
