Wort; Durchschnittlicher Wert
wobei; 0.08733151398773771
Hinweis; 0.08517901267332491
worauf; 0.0837974434834905
Zugabe; 0.07905192861508112
Querschläfer; 0.07638046032661805
Namen; 0.07594295840826817
hochwertigem; 0.0728792534180684
Rosa; 0.07280423258052907
Braun; 0.07229831519362051
dadurch; 0.07225073517620331
kgPaketgewicht; 0.07198689888318768
Eck; 0.07172845266868536
Paketgröße; 0.07127378620498348
echte; 0.07065775040682638
maximale; 0.06966546879702946
Voraussetzungen; 0.06963244064972969
Teenager; 0.06899400696565863
Garnitur; 0.06877238708548247
Belastbarkeit; 0.06778180742567201
frischen; 0.06775012898579007
wurde; 0.06733120490935107
Hellbraun; 0.06715702526562381
ergänzen; 0.06695439205359435
Finden; 0.06629453732966795
Sitzplatz; 0.06552026202261914
MATTO; 0.06473617697774899
diejenige; 0.06458033681556116
kombinierbar; 0.06442084987502313
Selbstverständlich; 0.06417847277771216
schönen; 0.06411446031706873
lustige; 0.0632327385537792
Linien; 0.06313876434433041
angenehmem; 0.06303776051208843
Filmabende; 0.06283909792546183
Gespräche; 0.06279180583514972
uns; 0.06273379541817121
rechteckige; 0.06271954191761324
ankommt; 0.06209104318986647
MontageLieferhinweisLieferung; 0.06207082337236898
breit; 0.06129566060481011
PARK; 0.06115938024886418
Mischgewebe; 0.06097527884776355
gewischt; 0.06078240350398119
Weich; 0.06070019965773099
Pyjamapartys; 0.06049169932812219
flachen; 0.06044254716252908
Türkis; 0.06033841404132545
Eckschlafsofa; 0.06022643059041002
überraschende; 0.06020346292789327
Funktion; 0.060081091069150716
