Wort; Durchschnittlicher Wert
Braun; 0.04482749424378198
Hellbraun; 0.042832036728577806
Maschine; 0.04169250671293412
Reißverschluss; 0.041562732727470575
C; 0.03973964250581048
Hinweis; 0.03950800884504133
Rollroste; 0.03855495459138183
lackiertem; 0.037872465325312986
versehen; 0.03762962616015102
beträgt; 0.03712952213254539
gewaschen; 0.036878715982675205
Sitztiefe; 0.03632624535786135
fest; 0.03610112094575015
bringt; 0.03432081807659415
Buchenholz; 0.034173290267926856
Möbels; 0.03394636190714664
Kilogramm; 0.033945509799013965
YOU; 0.03388215883119301
besitzt; 0.033841260068220434
BesonderheitenLattenrost; 0.03351564974600478
ausschließlich; 0.03345455607112626
wurde; 0.033399503217111715
Zonen; 0.032814442416201926
hellgrauen; 0.03280720577386091
Kg; 0.032627447493359794
neinLattenrost; 0.03259632196859456
MID; 0.03244922577364377
Nierenkissen; 0.03232518138056548
wobei; 0.031932064983539024
robuste; 0.03187791235577606
dieser; 0.031833363788518906
DesignLiegefläche; 0.031779802289929646
Kopf; 0.03177499601679301
Komfortschaum; 0.03153667551432591
liegt; 0.03137772448335454
Schlafgefühl; 0.031375472117360914
Stimmung; 0.0312906137045502
Falls; 0.031185996393287497
richtig; 0.03102799159132701
Nylon; 0.030948834150512992
Komfortabel; 0.030769396581578335
DekorGesamtlänge; 0.030675462325234548
selbst; 0.030526880182151217
geschlafen; 0.030402930449599807
maximale; 0.03039588725332578
Machen; 0.030232999534518967
Basis; 0.030080136477408814
LIVETASTIC; 0.029990340290441963
Stütze; 0.029856876404483045
Oldstyle; 0.02975477697000315
