Wort; Durchschnittlicher Wert
HinweisBitte; 0.046114344740271915
schwarze; 0.04540487664162356
grauen; 0.041751573501096574
Luftbett; 0.03906025712694827
somit; 0.038842913593362026
Rückenlehne; 0.038523356977748335
Webstoff; 0.038319093040263395
Runden; 0.03643034630113107
Stoffbezug; 0.03636070498614572
grauem; 0.03635759830394818
BESTWAY; 0.03622103301713651
modernen; 0.03456383120233113
große; 0.033928493342682484
Grau; 0.033886543080734556
schon; 0.033568449322359584
Schlafplatz; 0.03341977986219717
Fernsehsessel; 0.03303022680956928
verbreitet; 0.0329957123355598
gehört; 0.032885780982542204
Betthaupt; 0.032862657249825136
Person; 0.0327388728736878
Lederlook; 0.03272743543548131
Bonellfederkernmatratze; 0.03231750030863623
gewachstem; 0.03231353558385308
Zwei; 0.03227416265872307
Gästezimmer; 0.03224747278727591
neben; 0.03195315672837751
Schlafbereich; 0.031839701434182646
dezenten; 0.031838151306146756
T; 0.031767046317690985
Dafür; 0.031674762341936
MERCURA; 0.03157080147393572
vielseitig; 0.031417602869623806
Schlaffunktion; 0.03137112993881601
CARISMA; 0.03134869218965832
aufs; 0.03122117786806484
derselben; 0.031089406577621048
Farbgebung; 0.03097583926100924
Situation; 0.03097387808793428
erstrahlt; 0.030954552140383385
Erholung; 0.03087508246208017
unschlagbaren; 0.030816636590679992
Minuten; 0.030532737293651736
Ergänzung; 0.030447669278692045
Grauton; 0.0304300956597217
nimmt; 0.03039738220650179
massiver; 0.030342499226935615
eignet; 0.03021772670199425
Dekor; 0.030076039069899706
Charme; 0.029998677406911155
