Wort; Durchschnittlicher Wert
Hellbraun; 0.06158429619390517
Hinweis; 0.05766207522246987
Braun; 0.055690378369763496
versehen; 0.05512030846439302
Kg; 0.054292563395574686
hellgrauen; 0.0510428988840431
C; 0.05088267016690225
Zonen; 0.04967509206617251
Maschine; 0.04880282274680212
gewaschen; 0.048749967967160045
fest; 0.04833925561979413
bringt; 0.047397741948952896
lackiertem; 0.04739654292352498
Optisch; 0.0463049613405019
beträgt; 0.04619454737985507
toller; 0.04612878854386508
Reißverschluss; 0.045561172207817434
Boxspringbettes; 0.04480069524142891
Kilogramm; 0.044056514382828024
maximale; 0.04363217931240797
Falls; 0.0435472737532109
Schlafgefühl; 0.04255539390724152
hochwertigem; 0.042479375889524815
wobei; 0.042249721696134654
misst; 0.04221148102078587
wollen; 0.042189232027158144
worauf; 0.04214712210232392
Stütze; 0.041991212964057924
Basis; 0.0419615437509492
Polyetherschaumkern; 0.04183489805436693
Tipp; 0.04177579095121473
Buchenholz; 0.04160785302519798
besitzt; 0.04146694148657844
Komforthöhe; 0.041438545763958244
Kopf; 0.04118474293500185
Toppers; 0.041166792577132585
Komfortschaum; 0.041077783331274986
sein; 0.040976033569313584
Wand; 0.04080461992416531
geöltem; 0.04074500142596662
Rosa; 0.040703226474579426
MID; 0.04064093737106304
verspricht; 0.040424002217696396
Sitztiefe; 0.040376881920383315
Füßen; 0.040320838964544234
Reich; 0.040319308661855756
Gewicht; 0.04012006595730781
liegt; 0.03995773179922253
Wäsche; 0.03995063058100641
richtig; 0.03982892830390483
