Wort; Durchschnittlicher Wert
Hinweis; 0.06485110018402337
bringt; 0.06356264053029008
LieferungLieferhinweisLieferung; 0.06288658655830659
Buchenholz; 0.06111079079273622
fest; 0.05976599347777665
Kilogramm; 0.058866259289789016
Reißverschluss; 0.05872395897749812
Hellbraun; 0.057012330822180955
versehen; 0.0569539976931992
Zugabe; 0.05493234765017405
Zonen; 0.05327082413132302
wobei; 0.05326286001945846
beträgt; 0.05170476669154596
rund; 0.05157494729917289
Rollroste; 0.05149509873590432
gut; 0.05094445624345099
massivem; 0.05047345958555525
Maschine; 0.05007441451525665
Sitztiefe; 0.049829542583029254
Kg; 0.04971417626948096
lackiertem; 0.04956982659641653
dieser; 0.049305908555470526
maximale; 0.04910533434012905
ergänzen; 0.048775673801719675
sein; 0.04862278800137574
liegt; 0.048599237628513946
verspricht; 0.048433300555916506
C; 0.04839969057356939
zweit; 0.0478592882558587
Dieser; 0.047479798493441194
Komfortschaum; 0.04710316050623078
Optisch; 0.04702903583529405
Komforthöhe; 0.046923244907520714
Basis; 0.046714719147712455
worauf; 0.04662165236077272
Couch; 0.04655130225874018
Velours; 0.046479209818062375
wurde; 0.04639370884979144
Stunden; 0.046060529461465195
robuste; 0.04599740746780299
weiteren; 0.04599466126301195
Passend; 0.04548850402643438
MID; 0.04546187633532099
Gewicht; 0.04545826711400878
Kopf; 0.04542363335494883
Holen; 0.04534349158639088
wollen; 0.045274961992254247
Bettschubladen; 0.04523548735305667
hochwertigem; 0.04488027538172901
massiven; 0.04486080544011202
