Wort; Durchschnittlicher Wert
HinweisBitte; 0.07602241970598697
grauen; 0.06690645203343593
entsteht; 0.06456537196645513
Schlafsofa; 0.05985265240306035
schon; 0.05904116186720785
Luftbett; 0.058480925671756265
Fernsehsessel; 0.05719928944017738
BESTWAY; 0.05715978278312832
vielseitig; 0.055078338453313336
Weiß; 0.05442605661410198
eignet; 0.0544056955317501
Sitzgelegenheit; 0.053826809540805695
Gästezimmer; 0.05371401257871185
Runden; 0.052627069386653604
platzsparend; 0.052625309908762574
Schlafbereich; 0.05238918926916085
KategorienWohntextilienVorhängeStehleuchtenWohnzimmertischeDrucken; 0.05191545367124491
Schlafplatz; 0.051895618037087844
Senfgelb; 0.051884451630758124
Bonellfederkernmatratze; 0.05148123441031203
praktischen; 0.051126442132590454
Farbgebung; 0.05095895869017113
dezente; 0.05064112310064957
zieht; 0.050553960903198455
gewachstem; 0.05007767436327413
verbreitet; 0.05006740740500391
Boxspringsofa; 0.0497768247849308
Entspannen; 0.04953518321854063
Person; 0.04945592330768704
Zwei; 0.04908607244724408
Bettlade; 0.04873987494502217
Nichtgebrauch; 0.0486754527548328
Rückenkissen; 0.04838590413128259
Pumpe; 0.04828532801766414
Grau; 0.047743308684584915
neben; 0.04753067929996178
geschickt; 0.04733032189542428
zusammen; 0.047227443574229255
Erweitern; 0.04718020721920766
Dekor; 0.047170582291437314
Minuten; 0.04710356625364511
benötigt; 0.047009560349397364
Einrichtungsstile; 0.046987586851901145
somit; 0.04686733135022223
erstrahlt; 0.046810272638686
nimmt; 0.04627329168724827
komfortables; 0.046259564800129736
Charme; 0.046097149164415895
hautfreundliche; 0.04601159930055019
Schaumstoffkern; 0.045830871333600955
