Wort; Durchschnittlicher Wert
HinweisBitte; 0.08260748464381322
Gästezimmer; 0.06727424006676301
eignet; 0.06649186566355639
grauen; 0.06461814350041095
somit; 0.06456849644891918
Luftbett; 0.06379055497236549
KategorienWohntextilienVorhängeStehleuchtenWohnzimmertischeDrucken; 0.06364464154612506
schwarze; 0.06342326906742528
Bigsofa; 0.062492272455710915
Schlafplatz; 0.062267295228593866
Jugendzimmer; 0.0621232723002322
Senfgelb; 0.06004260199842974
BESTWAY; 0.05933553299400955
platzsparend; 0.058767573125169295
Echtholz; 0.05793578721350059
diesem; 0.05738164854119532
funktionelles; 0.05665193098830059
Zwei; 0.05649907284532674
Pumpe; 0.056404408452362984
Dekor; 0.056087064745952375
Minuten; 0.05586415518482681
beflockte; 0.05547650700609665
erstrahlt; 0.05546837051515467
massiver; 0.055439550493611024
Zweisitzer; 0.05536278526415117
Entspannen; 0.054912889358820396
vielseitig; 0.05473402828793041
verbreitet; 0.05347643462009728
Fernsehsessel; 0.05302667500218376
nach; 0.05302230336819776
Ausruhen; 0.05295641657430679
Boxspringsofa; 0.05277389537077397
Einzelbett; 0.05267982101067901
kleinen; 0.05261918385513127
Luca; 0.052572826817049646
Grau; 0.05149010898603592
Dieses; 0.05137436912045814
Futonbett; 0.0511138028698042
Ombra; 0.05106760542839765
Bessoni; 0.05079989361402113
gemütliches; 0.05076944401225773
schlichter; 0.05019677008531289
Lösung; 0.049825263803359124
Mega; 0.04978331095189788
dezente; 0.04978321856178809
Modernes; 0.049695500388043004
gleichermaßen; 0.04961301139264833
mitgelieferten; 0.04960839981358731
unterbringen; 0.0495701850624755
Charme; 0.04922596417600289
