Wort; Durchschnittlicher Wert
Nachtruhe; 0.005950678230510676
Viscoschaumkern; 0.005321278965857346
Sofagarnitur; 0.005308288017340601
Abgerundet; 0.005165891248282151
anderes; 0.005158630722144153
neben; 0.005051917743185186
eingearbeitet; 0.004949271317309467
mittelhart; 0.004646643244268489
spannende; 0.004642510723351733
Abendlektüre; 0.004638813876226777
gleichmäßig; 0.004571293684421107
ADRIA; 0.0045401211273201625
geselliges; 0.004454300050565507
Schlaferlebnis; 0.0044169494299694636
Eigenschaften; 0.004245482255191746
FULTON; 0.004237340856343507
gekommen; 0.004230245966391521
erholt; 0.0041312672670756004
nun; 0.004116682564381335
stellen; 0.004069703098230093
verstellbaren; 0.004044658593738859
Bis; 0.00402480856191687
höchsten; 0.004021130015098606
entspannten; 0.003989225940495089
Mustern; 0.0039766244124621155
herrliche; 0.003971309265034506
schenken; 0.003952106807628297
Um; 0.003897498902006191
ihr; 0.0038550837773072997
Garant; 0.003817594813517644
Knopfdruck; 0.0037829860633792124
starten; 0.0037757489633804655
Betthälfte; 0.003743843230950006
springt; 0.003714589559240267
nie; 0.003667266772390576
spontanen; 0.0036146453028777616
verteilt; 0.003613987020798959
liegt; 0.0035879485207260587
Wohnlandschft; 0.0035775184645899572
Luxuriöses; 0.003554440896550659
herrlich; 0.0035320577429047264
Lehne; 0.0035201191618398297
Schlafstätte; 0.003471461902518058
Kedernaht; 0.0034554034527900512
Sitzgelegenheiten; 0.00344454121113813
TACOMA; 0.0034262614644831046
dezenten; 0.0034199416601040865
munter; 0.0034191016751947247
erlangen; 0.003399168041869416
Falls; 0.003389190390589647
