Wort; Durchschnittlicher Wert
Buchenholz; 0.05498309480608441
wobei; 0.05310170276206918
bringt; 0.05187978959293105
LIVETASTIC; 0.05106755754968617
maximale; 0.05062320663655555
ergänzen; 0.05029079268570058
Rollroste; 0.048031183914281426
Hellbraun; 0.047924689039791704
Federkern; 0.047607231591246094
Paketspezifische; 0.04734340703143971
echt; 0.04716202368726954
dadurch; 0.046645482786698264
lackiertem; 0.04642325321328826
Raum; 0.04617241059313528
wurde; 0.045404560109818706
Zustellung; 0.044949022866785524
kontaktieren; 0.044069671299075706
MATTO; 0.043859018789953554
Paketgewicht; 0.04382976204506121
Vintage; 0.04382200252730399
Da; 0.043641477008350194
Bordsteinkante; 0.04281887246761471
Linien; 0.04268280405376572
hochwertigem; 0.04264990263618529
Möbeldesign; 0.042573131457902494
aufgeräumtes; 0.04247361922170967
Liefertermins; 0.04240245348773897
LAZY; 0.04220105879794574
Spediteur; 0.041906773648224774
großartige; 0.041763255913974714
Wand; 0.04146345704502892
wirkt; 0.041392439608171114
Reich; 0.041360858546977394
Kilogramm; 0.041294858700712214
JUIST; 0.04105769039597362
Braun; 0.04088464570813812
zuhause; 0.04085484230308793
InformationenPaketgröße; 0.040698917815461755
erleben; 0.04068128534127027
kgHinweisDieser; 0.04045369408559054
Armlehnen; 0.04022029823390767
Richten; 0.04018102710324456
Kind; 0.04005446929186292
stets; 0.04002263851216412
misst; 0.039939297275304854
ihn; 0.03991829995065928
Bündnis; 0.03975074128247798
Querschläfer; 0.03970634992583655
natürlicher; 0.03961818795360159
Herausziehen; 0.039593551959842446
