Wort; Durchschnittlicher Wert
Luftbett; 3.0934229739010335
!; 3.0825831718742847
203; 3.025448577851057
2; 2.9966669343411922
Personen; 2.98053677380085
zu; 2.9245245832949878
der; 2.9059848934412003
Das; 2.8537535674870016
L; 2.8383466552942993
als; 2.8202821552753448
für; 2.8187545076012612
Gästebett; 2.8063127722591164
von; 2.7956319637596607
mit; 2.791699342802167
x; 2.7896507579833267
(; 2.7888499822467567
.; 2.787070418149233
UNK; 2.7854521911591292
); 2.7812981721013785
aus; 2.7812253806740044
cm; 2.781046509742737
ist; 2.773461853712797
B; 2.7715254526585342
und; 2.76982109695673
bequem; 2.7187554661184548
bis; 2.642954880744219
Schlafplatz; 2.6423454359173775
eine; 2.5853722784668207
einfach; 2.5818727254867553
die; 2.5718900516629217
wird; 2.568162630870938
das; 2.557997774705291
Sie; 2.5572866331785917
,; 2.5531625270843508
in; 2.549054291471839
Platz; 2.4642980616539716
integrierter; 2.4276845421642066
großen; 2.339432290196419
Ob; 2.3243908248841763
Filialen; 1.864927203953266
dort; 1.7271269761025905
Artikel; 1.7240339517593384
dieses; 1.6213338021188974
Drucken; 1.603226747736335
einen; 1.4727291870862245
Lieferumfang; 1.4629135936498643
aber; 1.355159765481949
unseren; 1.3388824865221978
nicht; 1.3295049803331493
ist.Drucken; 1.2040819402784109
im; 1.1832076516002417
enthalten; 1.1760647937655448
oder; 1.076097023487091
ausgestellt; 1.06745130084455
kg; 0.92848056294024
bestellbar.Bitte; 0.9283851351588964
abgebildete; 0.9252732247114182
Die; 0.9084628831595183
Dekoration; 0.8107578668743372
dass; 0.7882257223129272
Schlafkomfort; 0.6713390443474054
beachten; 0.6672703795135021
Ihren; 0.5332925546914339
Auf; 0.5190961416810751
beim; 0.4044604890048504
Kunststoff; 0.3950466256588697
finden; 0.3940314792096615
können; 0.3933824274688959
HinweisDieser; 0.3902421653270721
–; 0.26686250753700735
Besonders; 0.2655677147209644
Marke; 0.13237541392445565
Übernachtungsbesuch; 0.12727369666099547
sorgt; 0.12453076802194118
ca; 0.1234203528612852
