Wort; Durchschnittlicher Wert
Luftbett; 3.9305070479167625
203; 3.1707316996267765
integrierter; 2.938677192344039
bequem; 2.873168352781795
einen; 2.8661239601671697
2; 2.8476260521943915
der; 2.7343301980541583
ab; 2.643358636670746
gefertigt; 2.6385446455999046
Denn; 2.6212557454064154
Personen; 2.605992673941364
Marke; 2.600469175222679
Artikel; 2.560447943899635
schnell; 2.5146485480712726
eignet; 2.5123178120002194
Übernachtungsbesuch; 2.5012463725346605
Auf; 2.4665955066127934
Die; 2.432217267177839
Schlafkomfort; 2.4161742285679795
Drucken; 2.4097886616626054
Schlafplatz; 2.390323795247241
!; 2.3789797411234757
über; 2.37469202864886
Ob; 2.3167498701397564
Bedarf; 2.3065413505915786
zu; 2.2656894754072257
Gästebett; 2.2441083509998863
188; 2.2426511562545786
ausgestellt; 2.240833811764605
aber; 2.22349964686
dort; 2.222647974699794
ob; 2.2211492145739613
unseren; 2.2135133682444574
großen; 2.2083930094740936
beim; 2.1894767066201895
bestellbar.Bitte; 2.161677943568793
Filialen; 2.121820394432871
HinweisDieser; 2.102231158068753
einfach; 2.0504764291741595
bequeme; 1.9429150182637387
bestens; 1.9216042437634315
bis; 1.7438834378437604
einmal; 1.5964082519320073
finden; 1.172312725253505
Eine; 1.1553853660281674
praktisch; 1.1523920440347866
97; 1.0746742129209452
Kunststoff; 1.0396550909470534
Bequemlichkeit; 0.9705286317985156
integrierten; 0.9607332580388175
beachten; 0.9539695903775283
seinem; 0.9300883452509879
Dann; 0.929020026762737
Besonders; 0.8433783556800336
rundet; 0.8404080541280564
schon; 0.7371769389574183
integrierte; 0.7365837188146542
lädt; 0.7193527714465745
&; 0.613883162206912
können; 0.5386364926565875
haben; 0.523937890324305
dieser; 0.21344283589860424
wenn; 0.2049774399958551
Platz; 0.10387091608718038
