Wort; Durchschnittlicher Wert
Luftbett; 3.867060528227012
203; 3.154169576097047
integrierter; 2.9466400834644446
bequem; 2.853139973818179
einen; 2.850134788118885
2; 2.8223436132990174
der; 2.723494441926596
ab; 2.626327032299014
gefertigt; 2.6118531820298814
Denn; 2.5969710385328653
Personen; 2.5842394816325394
Marke; 2.5657620996353216
Artikel; 2.5577513624331916
Übernachtungsbesuch; 2.5256461379423856
eignet; 2.5215429758740355
schnell; 2.4904083786386764
Auf; 2.479118674905476
Schlafkomfort; 2.4336568039364463
Drucken; 2.400114656590449
Die; 2.392731255648596
über; 2.373697108593478
Schlafplatz; 2.342850652008201
!; 2.338482143500369
Bedarf; 2.2606177456182195
188; 2.25691237392457
Ob; 2.2444625505580915
ob; 2.239262387508643
Gästebett; 2.2259581456711546
großen; 2.215225294029369
aber; 2.215148203528952
HinweisDieser; 2.209007421329443
Filialen; 2.2065937519204453
unseren; 2.206492946877552
zu; 2.1607797364806176
bequeme; 2.1536122441873884
dort; 2.0983737113390815
ausgestellt; 2.0970604628935687
beim; 2.063935343408957
bis; 2.045900063026056
bestellbar.Bitte; 2.042115032079164
einfach; 1.9334172927996405
97; 1.8136489524680655
Besonders; 1.4723254158452619
integrierte; 1.383179433643818
Bequemlichkeit; 1.3828807762038196
einmal; 1.3772179065083037
Kunststoff; 1.1576329331757733
praktisch; 1.1495697643887979
Eine; 1.0658687570627081
bestens; 1.0596969464710129
beachten; 1.0454088249156483
finden; 0.9588089364071493
haben; 0.8489227202284383
&; 0.7189418414665851
können; 0.6487944439286366
schon; 0.6371818267303752
integrierten; 0.5171370376250707
Dann; 0.42865041650948116
seinem; 0.4241222553944681
rundet; 0.4125105121478555
lädt; 0.411504522053292
alle; 0.39352763206698
wenn; 0.21655108146369456
Platz; 0.10624050704936963
gemütliche; 0.10088490221241955
dieser; 0.0964929499255959
