Wort; Durchschnittlicher Wert
schafft; 0.005997644995522933
wohnung; 0.004659054976309562
stilvolles; 0.0045596774294608625
angenehme; 0.004009116079396335
pur; 0.004000061478281225
bereits; 0.0038339678061788617
holen; 0.0038318867379530273
hochwertigem; 0.0038140881082654233
you; 0.003454054518624616
passenden; 0.0033758417783474213
fürs; 0.003373575000296114
ergänzen; 0.0033648254653598996
rundum; 0.003227318702630555
schaffen; 0.0031824086345295655
anthrazit; 0.00316650610693614
besitzt; 0.0031142311015628366
natürlichen; 0.003072613515996636
schicker; 0.003050002139934804
schickes; 0.003014785660798225
mid; 0.0028998776366279343
problemlos; 0.0027104164035790745
rahmen; 0.002511992026484222
großes; 0.002431475566481822
form; 0.002265849212994908
umklappen; 0.002010641380445577
robusten; 0.001865953204287507
ansprechenden; 0.0018298732817953578
nie; 0.0018028861552011222
gesamtmaßen; 0.0016988029264666693
erhält; 0.0016953009201642999
lässt; 0.0016936348823946902
begeistert; 0.001639640582249058
fernbedienung; 0.0015960320851263533
stellen; 0.001538880849227553
durchgehenden; 0.0015302072281656366
zugabe; 0.001489594544727879
topper; 0.0014853712046715372
highlight; 0.0013783743890598999
webstoff; 0.0013378387807279069
erweitern; 0.0011920412624021992
nieten; 0.0011743287923650313
weiche; 0.0011367408091473407
eichenholz; 0.0010897736878177967
stauraumwunder; 0.0010833504820766393
attraktiven; 0.001082426170182771
sofas; 0.0010506196828828252
ware; 0.001050396492234995
kombination; 0.001048457911792866
passt; 0.0010472208151895757
silber; 0.001019467837340926
