Wort; Durchschnittlicher Wert
kghinweisdieser; 0.040274131313344695
buchenholz; 0.03822664487961447
maschine; 0.03820604058273602
informationenpaketgröße; 0.03783574170602151
reich; 0.03745954366386286
kind; 0.03626561391429277
eindrucksvolles; 0.03524329703359399
massiven; 0.03487669110618299
pölstern; 0.03431041461735731
tipp; 0.034274858441858666
zustellung; 0.03412330169740017
paketspezifische; 0.03379623297660146
zonen; 0.03341683297767304
reißverschluss; 0.03325682200375013
juist; 0.03315060879795055
paketgewicht; 0.03311235808068887
liefertermins; 0.032701037812512365
bordsteinkante; 0.03268074625229929
lieferumfanges; 0.03266681138775311
sieht; 0.032607107698277106
bonellfederkern; 0.03239816802088171
matto; 0.0320350172551116
raumsparende; 0.03176193803155911
spediteur; 0.031752271539880896
c; 0.03145573194124154
einrichtungselement; 0.03086771190455693
box; 0.03082463376922533
kontaktieren; 0.03062634515563616
wandgestaltung; 0.030384609343309422
lieferunglieferhinweislieferung; 0.03015549848569208
komfortschaum; 0.029943735658889636
wirkt; 0.029769951749767643
zugabe; 0.0297542365321533
schlafgefühl; 0.02952531778573757
kopfteil; 0.029359365789787262
linien; 0.02901430197925947
süße; 0.028957055729188143
erholsamer; 0.028955746797146277
falls; 0.028751248169101018
gehalten; 0.02873168993537547
gewicht; 0.02860054225602653
liegt; 0.028428368494496682
thomas; 0.028206608633627183
rechteckige; 0.028105721733663814
diejenige; 0.02806673793857044
verloren; 0.02792563089315081
vereinbarung; 0.027885437296936287
bonellfederkernmatraze; 0.027701618779246928
geöltem; 0.02766521066223504
vintage; 0.027650809206534177
