Wort; Durchschnittlicher Wert
egal; 0.023052592755993827
macht; 0.0223961649578996
pumpe; 0.0223703569288773
integrierter; 0.02216538025677437
bestens; 0.01979860289575299
schnell; 0.019777060845080997
gemütliches; 0.019543002496357077
ideal; 0.019474504789104684
integrierte; 0.019461719009268564
liegen; 0.018198241466598118
entspannen; 0.017923598109337035
komfortabel; 0.017472776671638712
spontane; 0.01745185425388627
gibt; 0.01741326376795769
übernachtungsgäste; 0.017319866102479865
schlafplatz; 0.017289611231535672
anbieten; 0.016770493597141466
unterbringen; 0.016724708546462352
wünschen; 0.01639068281801883
bequemlichkeit; 0.016023036348633467
kunststoff; 0.015936972142662854
drei; 0.015639837097842245
ideale; 0.015229870879556984
übernachtungsbesuch; 0.01521001715445891
neben; 0.015098856444819831
luftbett; 0.014982838701689616
stabilität; 0.014865171705605463
flexibel; 0.014833125875156838
jederzeit; 0.014543841207705554
hause; 0.014173150534043088
benötigen; 0.014054116897750647
gemütliche; 0.013860637789912289
komfortables; 0.013704322354169563
übrigens; 0.013667661856743507
platzsparend; 0.013613962893577991
praktische; 0.013543658220442012
erhalten; 0.013504394656047225
daheim; 0.013210145410266706
nichtgebrauch; 0.013196821916062617
dafür; 0.013158468727488071
abmessungen; 0.013048178347526118
marke; 0.013041670320671984
material; 0.012975942785851657
besonderen; 0.012778136649285444
verleiht; 0.012673915354389465
allein; 0.012308533224859275
äußerst; 0.012267941694335604
bringen; 0.012258814187953248
ganze; 0.01224809981376893
runden; 0.012141184738720768
