Wort; Durchschnittlicher Wert
anthrazit; 0.015969363395197434
matratzen; 0.013306694550919929
moderner; 0.013224889175216959
zuhause; 0.012389517018164042
maßen; 0.01152309465687722
wohlfühlen; 0.011467701011133613
hochwertigem; 0.011176018696460233
schicker; 0.01075047550657473
stil; 0.01071828742569778
fürs; 0.010656566972465953
bringt; 0.01019710955733899
gleichnamigen; 0.009988389615318737
wohnung; 0.009743868793157162
mid; 0.009681582031043945
albero; 0.00945773852581624
einrichtung; 0.009020729598705656
füße; 0.008922610454101232
robust; 0.008697803015093087
modernen; 0.008426538040657761
look; 0.008248734869994223
erleben; 0.008160874381428585
you; 0.008157803607446112
nie; 0.008025213671498933
geeignet; 0.007965568993131455
silber; 0.007946364636882208
dekor; 0.007903515065117972
per; 0.007895089086377993
morgen; 0.007768025701807346
dekorative; 0.007696837545972812
bettes; 0.007683928457845468
design; 0.007528611465386348
fernbedienung; 0.0075102482718648386
durchgehenden; 0.007509856034585027
liefertermins; 0.0074762554027984155
gästezimmer; 0.007457981063635088
highlight; 0.0074478705515502956
kontaktieren; 0.00741944186775072
schlafgefühl; 0.0074045670757186596
praktischen; 0.007396809101192048
zeichnet; 0.007247399269908783
webstoff; 0.007236122743051965
eiche; 0.007154783256646624
kgpaketgewicht; 0.007143954561979626
holen; 0.00710205259056238
paketgewicht; 0.007024219276354415
höhe; 0.007017133069166448
element; 0.006972810830484377
schlichten; 0.00696984710302786
perfekte; 0.006962102311081253
steppung; 0.006895007168350275
