Wort; Durchschnittlicher Wert
schafft; 0.0054204234053031545
schicker; 0.005007971162558533
hochwertigem; 0.004966957629585522
fürs; 0.004465316390269436
wohnung; 0.004075437788560521
anthrazit; 0.003678399602358695
bereits; 0.0035609333777756546
robusten; 0.003360562535817735
rundum; 0.0031410551536964703
erhält; 0.003074029182243976
natürlichen; 0.0030634845246140683
you; 0.003055498320463812
mid; 0.002921555815191823
angenehme; 0.0026502247466851257
pur; 0.002631952648880542
schaffen; 0.0024687707009434234
lässt; 0.0024476326596413857
problemlos; 0.0022520734790987262
nie; 0.002117782725690631
räumen; 0.00164678686978732
rahmen; 0.0016367698529393237
zeigt; 0.0014628539760451532
nachwuchs; 0.0014342594731488133
tonnentaschenfederkern; 0.0014213931566700922
durchgehenden; 0.0013975601103368262
form; 0.0013867774254322286
konischen; 0.0013741283837589435
seitenverkehrt; 0.0012769646473316243
perfekte; 0.0012581953500557575
stellen; 0.0011893890925421147
fügt; 0.001183137223341113
polyurethanschaumkern; 0.001145447379894904
erscheinung; 0.0011280207579147828
komforthöhe; 0.0011109259418844886
trendfarbe; 0.001082753556335092
klare; 0.001081423826281025
aufstellen; 0.0010677663529804703
topper; 0.001067102185334079
lehnen; 0.0010292432791175088
silber; 0.0010254301247186958
träumen; 0.001014492220019747
entspannende; 0.0010114959011843893
massivem; 0.0010106287817734482
holen; 0.0009937401238858002
fernsehsessel; 0.000993671094511228
eleganten; 0.0009932666060194606
elias; 0.0009871665356513404
seaside; 0.0009793211295800574
akzent; 0.0009744812537292091
verspricht; 0.0009547880576064926
