Wort; Durchschnittlicher Wert
edel; 0.05230045847711153
buchenholz; 0.048675095559156036
kind; 0.04856849222560413
unvergleichlich; 0.047418140195077285
juist; 0.04727752548133139
lieferumfanges; 0.0465563087080227
dunkelbraun; 0.04406884158379398
gepolstertem; 0.043923584217918685
beträgt; 0.04379196954396321
liegt; 0.04374233420676319
komfortschaum; 0.04320909955422394
wand; 0.042903078562085285
pölstern; 0.04255180790205486
kghinweisdieser; 0.04252260234788992
circa; 0.04251771911658579
hellbraun; 0.041213972286277566
bedürfnissen; 0.040894076590484475
braunem; 0.040872437854704916
wurde; 0.040579743993589545
zonen; 0.04056467617326689
fest; 0.040556117292726415
maschine; 0.04049942366982577
wandgestaltung; 0.04044410817732569
luxuriöse; 0.040369341647601684
altrosa; 0.04027710174314052
großer; 0.04020493133866694
hand; 0.04014488268876448
informationenpaketgröße; 0.04006250379425182
hinweiseine; 0.040062040113843976
sonntagnachmittag; 0.03965410386153963
schenkelmaßen; 0.03956955714093056
luxuriöser; 0.0394638786878204
boxspringbettes; 0.03935424472147133
eindrucksvolles; 0.03928830247023143
reißverschluss; 0.03924082553076005
dadurch; 0.03916813807809376
verbirgt; 0.03899936002708273
braune; 0.038760198306408714
fußhöhe; 0.03868941296241246
problem; 0.038577174599049614
hellgrauen; 0.03849601631955011
legen; 0.03839171221479774
maximale; 0.03782031659429776
feinen; 0.03762611075944733
wobei; 0.03749697940365877
vintage; 0.03713437285041436
erfüllt; 0.037079610492219216
gehen; 0.03704149884579237
gäste; 0.036720836932181554
nieten; 0.03669835422333563
