Wort; Durchschnittlicher Wert
farbton; 0.052603373213787566
silber; 0.05226621905749198
wiederum; 0.049773971679678654
edlem; 0.04914777045996743
einrichtung; 0.048853370262077075
ordnung; 0.04872727055917494
dauerschläfer; 0.048576601716922595
misst; 0.04832273620440901
wände; 0.04813602414506022
beige; 0.046998114453163
eiche; 0.04682997502895887
samtbezug; 0.04676319432182936
schlichten; 0.04476517444600177
teilen; 0.044112138100899756
eyecatcher; 0.04409843433822971
möchte; 0.044081934544374236
boxspringsofa; 0.042939419580216055
schickem; 0.04209240754908024
platzangebot; 0.04206093115499243
pflegemontageanleitunghinweisstoff; 0.0420293952425709
wohnambiente; 0.04146463763172505
umfunktionieren; 0.04120543903845828
grau; 0.040853881707880645
matratzenhöhe; 0.04043695857253624
nosagunterfederung; 0.04013133620088638
naturfarben; 0.03996845941946958
verziert; 0.03955092562537175
augen; 0.03931653590116184
genutzt; 0.03900558528403053
all; 0.03896403115104476
füßenstilvoll; 0.038904399136663416
langjähriger; 0.03881040409905836
unterstreichen; 0.03875455102279375
wangenform; 0.03875123706820886
harmonieren; 0.038533225099672566
puren; 0.03818626554857474
kiefer; 0.037951915903249756
marino; 0.037894113463698885
greige; 0.0377125244907802
vergangenheit; 0.0372854460409144
fürs; 0.03722092410853293
wohlfühlen; 0.037196323565149216
darauf; 0.03713373986902298
komfortschaumkerns; 0.0371174287298345
ende; 0.036857249957392924
maximale; 0.036844831202324714
webstoffmax; 0.03680454025743529
gemütliches; 0.036616782074270306
schliff; 0.03644902376036043
hervorragend; 0.03613635069341399
