Wort; Durchschnittlicher Wert
stauraum; 0.013255512716750673
stilvolles; 0.013236730462267587
weiß; 0.012975540722436563
belastbarkeit; 0.011899271258153021
dunkelbraun; 0.011184023489477113
wählen; 0.010901041611214168
gepolsterte; 0.010649094689142657
polyester; 0.010479037414188496
maximalen; 0.00981701476011949
ebenso; 0.009377918287646026
sieht; 0.00919395694800187
gepolstertes; 0.009060605657577981
inkl; 0.008857058441935805
mikrofaser; 0.008787775848759338
zugabe; 0.008657190063240705
entscheiden; 0.008475286739121657
durchdachte; 0.00843220482383913
gesamtmaßen; 0.008409492482314818
ausgestattet; 0.008347229363334919
hellgrauen; 0.008307015892933122
einrichtungsstile; 0.008299317929049721
komfortablen; 0.008258735516574234
menge; 0.008190699937404133
verstellbar; 0.008178420015610754
hellgrau; 0.008109978969332587
stets; 0.007964328321304493
optisch; 0.007926987321843626
juist; 0.007844178577579441
zeitlose; 0.007814339601100073
zeitlosen; 0.00778033787937602
härtegrad; 0.00776090013623616
viele; 0.007747583534364821
trifft; 0.007711426708556246
blick; 0.0076233191299252216
gepolstertem; 0.007616303322720341
handumdrehen; 0.007606829612632282
korpus; 0.007582401422041585
erfüllt; 0.007410586198238889
gefertigt; 0.007324995589442551
wichtigsten; 0.007198534350754926
erholsamen; 0.007129419647390023
rund; 0.00705108509719139
größen; 0.007036718815652421
gesamtbreite; 0.006885944210807793
option; 0.006884145170624833
bezug; 0.0068766510987188665
verstauen; 0.006844555299358035
weiteren; 0.006700849632034078
farben; 0.006683986392454244
gäste; 0.006624819943681359
