Wort; Durchschnittlicher Wert
sieht; 0.004264168775443977
stilvolles; 0.0034842557310639675
optisch; 0.003390231444109304
zeitlose; 0.0032223284636984316
weiß; 0.002678700485103036
ebenso; 0.0025446037375104424
gleichnamigen; 0.0025214203548557636
gäste; 0.002494324861663699
großzügiges; 0.0024419798412736783
klaren; 0.002319659128522744
stil; 0.0022956994435105573
wenigen; 0.0022367184580843968
robust; 0.0022260825968146492
farbkombination; 0.002197315183059345
verspricht; 0.0021942673907915378
bringt; 0.0021799038088261115
fußhöhe; 0.0021773686238248046
schenkt; 0.0020992318405660625
klappbett; 0.0020252029131370363
ausgestattet; 0.001940656212673275
linien; 0.0019339887389094202
besonderes; 0.0018672544039418427
gefertigt; 0.0018375308475924613
wirkt; 0.001830035912485073
durchdachte; 0.001741241617628475
besticht; 0.0017397758720562706
einrichtung; 0.001733290374340868
raffinierten; 0.0017185495879857627
höchste; 0.0017039228816202012
umfangreicher; 0.0016884314539311162
u; 0.001679912585149168
verschiedenen; 0.0016690059900554388
zusagt; 0.0016561865887410932
liege; 0.0016409856463724282
beispielsweise; 0.0016397030707139492
rund; 0.0015924853902220093
beträgt; 0.0015895835482410802
passen; 0.0015851237003289497
verstauen; 0.0015771834085512638
lektüre; 0.0015739044166593885
schätzen; 0.0015674888200805982
boxspringbettes; 0.001549904797320778
möbel; 0.0015060161928886373
handgriffen; 0.0014832782943244639
durchgehenden; 0.0014751151516861683
eichenholz; 0.001468801102041084
farbauswahl; 0.0013904582121767816
nacht; 0.0013714218386894571
echten; 0.0013603161757998806
stets; 0.0013527817475960547
