Wort; Durchschnittlicher Wert
stilvolles; 0.020020276051707243
großes; 0.016357153383523837
erfüllt; 0.009759743518952747
hellgrauen; 0.00959445419430267
zeitlosen; 0.009338033804669976
menge; 0.0089652872186889
viele; 0.008833335542203714
hellgrau; 0.008694865037159615
gepolstertem; 0.008386125121614896
trifft; 0.008347206914186245
korpus; 0.007979597831763385
zugabe; 0.007974783711142663
stilvoll; 0.0077645177188060185
erholsamen; 0.007517479797979831
einrichtungsstile; 0.007300943734298926
wenigen; 0.0067933315214162345
großzügigen; 0.0067857067252816705
besten; 0.006727149207881667
gefertigte; 0.006641660346213029
überzeugt; 0.006530301956536278
komfort; 0.006436028825555695
schlafgelegenheit; 0.006207939597607038
schlaf; 0.006181176091376983
gäste; 0.006130462646393653
integrierten; 0.006020864385391178
handgriffen; 0.0060113792523225126
juist; 0.0059402851879895024
möbelstück; 0.0058758157134434445
entscheiden; 0.005792626105630916
größen; 0.005782160968919925
option; 0.005702379139006552
weiß; 0.005683011373002955
handumdrehen; 0.005681602411550557
weiteren; 0.0056337802361667855
wählen; 0.00561881238800197
maximalen; 0.005454285982386864
ausgestattet; 0.0053758519604343745
klappbett; 0.005370206067300387
übrigens; 0.005310831160386442
stets; 0.005281868491442765
preis; 0.0051996093940033464
rund; 0.0051468992004402025
zeitlose; 0.005012424260621628
auswahl; 0.0048837043028470365
modell; 0.0048276875366354945
stauraum; 0.004741668058522918
einrichtung; 0.004721438577325899
ebenso; 0.0045975468270626155
durchdachte; 0.004576814357562853
drei; 0.004576016040755348
