Wort; Durchschnittlicher Wert
stilvolles; 0.0031880382409326556
hellgrauen; 0.00313354116078699
dunkelbraun; 0.0030714011649251916
menge; 0.002939957532726112
unterbringen; 0.0028108166297897696
zugabe; 0.002793455603386974
praktischem; 0.0027814881221274847
hellgrau; 0.0027552912548799214
komfort; 0.00271969426976284
besten; 0.002669787160994019
luftbett; 0.0025978328966630216
rundet; 0.0025478294232016197
integrierter; 0.00250383378843253
stauraum; 0.002486974922430818
freuen; 0.0024816618102704523
gemütlich; 0.0024523542502720374
großzügigen; 0.0023845565905503464
plus; 0.002333032602655294
einrichtungsstile; 0.002306326020334382
hohe; 0.002296698762802407
erfüllt; 0.00227368566847872
sechs; 0.0022555714707777953
nu; 0.002184699829922465
schlafplatz; 0.002166910743835615
dafür; 0.0021331870957510546
angenehmen; 0.0021286726516336783
zeitlosen; 0.002114354767763871
belastbarkeit; 0.002086228229018161
bestens; 0.0020248634020390453
korpus; 0.0020039269562403205
verstauen; 0.001960263618047975
gerade; 0.0019430418076808564
top; 0.0019097688198598916
trifft; 0.0018954693856358062
gleichzeitig; 0.0018509026827814522
gibt; 0.001837210709345527
blau; 0.0018207812128821388
kunststoff; 0.001813679229707077
material; 0.0018086043466610136
lange; 0.001772251315333051
stehen; 0.0017529360859043664
integrierten; 0.0017324547996395267
zusätzlichen; 0.001731224283685151
weiteres; 0.0017251843932172052
weiß; 0.0017046358123479876
befindet; 0.001697928272005811
fünf; 0.001697021204745397
viele; 0.0016939604325671097
sitzgelegenheit; 0.0016522692032594933
gepolstertem; 0.001648802782437997
