Wort; Durchschnittlicher Wert
braun; 0.25795488618314266
kghinweisdieser; 0.2264363616995979
rosa; 0.22020508249261184
nierenkissen; 0.21851904716459103
hinweis; 0.21427894056614605
rund; 0.21291481517619104
livetastic; 0.20783597028275835
eindrucksvolles; 0.20755688720964827
maschine; 0.20250232470425544
robuste; 0.19896481760588358
zugabe; 0.19542126027226914
stunden; 0.1928677524192608
angenehmem; 0.19236627325881273
wand; 0.19171869131241692
toller; 0.18897135103725304
legen; 0.1878541393271007
reißverschluss; 0.18779847626865376
vintage; 0.18653678050031886
hellbraun; 0.1855598037436721
großer; 0.18488597084069625
verspricht; 0.1750437944137957
komfortschaum; 0.17328377868398093
edel; 0.17163521858674358
querschläfer; 0.1714091145840939
pölstern; 0.17041507014073431
kind; 0.17025570528494427
wurde; 0.17017290600779234
hochschläfer; 0.16943787664058618
kilogramm; 0.16761005378793925
xl; 0.16692022583447397
liegt; 0.16588656281965086
matto; 0.1650429922301555
hand; 0.16453699794328713
frische; 0.1642263811081648
bezug; 0.1632439950335538
lackiertem; 0.16295423561314237
bettschubladen; 0.1615045128564816
prakitscherweise; 0.15941945381928235
ergänzen; 0.1578063550441584
raumsparende; 0.15644664072897285
verloren; 0.15612365791457705
polster; 0.15477987199392373
harmonisches; 0.1535357430257136
arezza; 0.15351589999045245
gehen; 0.15324125962797552
plaudern; 0.15307473546090478
tonnentaschenfederkernmatratze; 0.15293322552679456
komfortabler; 0.1522744172543753
komfort; 0.15177581052648748
dunkelbraun; 0.15121425301913405
