Wort; Durchschnittlicher Wert
einrichtung; 0.2205793242173968
dauerschläfer; 0.21906304864751291
farbton; 0.216164475829828
rollroste; 0.2033156071556732
misst; 0.2011005084577846
wände; 0.19739252528597717
eiche; 0.19723078126298788
ordnung; 0.19582576736979718
gefallen; 0.19436911636466903
silber; 0.19088051036214893
unterstreichen; 0.18982451789730703
beige; 0.18835339887073133
angekündigt; 0.1860498783971707
holen; 0.18589914911353844
verräumen; 0.18385187374587986
füßen; 0.1837180379407073
edlem; 0.18364615287100605
langjähriger; 0.183088248657441
kopf; 0.18150473740206508
vier; 0.1807209869766666
liegeerlebnis; 0.17926658534088347
später; 0.1783253173889534
elegante; 0.1766697186485544
boxspringsofa; 0.17479874460332212
möchte; 0.17379311065451475
eyecatcher; 0.17323225611335147
zwei; 0.1731790151061432
kiefer; 0.17239106708802865
samtbezug; 0.17170035331582767
wiederum; 0.17041671176548334
marino; 0.16941693286025838
voraussetzungen; 0.1675334274295892
augen; 0.16680675624593277
eckschlafsofa; 0.1664526831718831
füßenstilvoll; 0.16635126122127986
matratzenhöhe; 0.1654679157982173
schön; 0.1652301600833539
formschönen; 0.16465825593695627
mitten; 0.16188283868359576
weiche; 0.15962501078320201
romantisches; 0.1583222620683955
hohem; 0.15817071822493745
darauf; 0.1581075979374873
möbelstücke; 0.15770083426468773
rückenpölstern; 0.15758632140932605
grau; 0.15693872723522873
pflegemontageanleitunghinweisstoff; 0.15686257374363777
hervorragend; 0.15647328216618916
verwandeln; 0.15634390248123964
schliff; 0.15601404561948584
