Wort; Durchschnittlicher Wert
einrichtung; 0.022742309750901767
robust; 0.02221474048201344
stil; 0.021596854232939222
gleichnamigen; 0.021270292367807996
bringt; 0.021073054412590865
zieht; 0.019213754868906106
schwarz; 0.01817447222638293
moderner; 0.018035204290748653
maßen; 0.017468898921470098
ergänzen; 0.012072951797745191
passenden; 0.010398281970992684
holen; 0.009516166437606444
schickes; 0.009507497068625526
besitzt; 0.0092233983400547
matratzen; 0.008720974514108092
highlight; 0.008424509505925926
echter; 0.007807189585014385
silber; 0.007452854913572083
mehr; 0.007057495689332427
mid; 0.007041794788528932
tonnentaschenfederkern; 0.006894244067052568
you; 0.006846599854179658
webstoff; 0.00674900812919077
integriert; 0.006538313633427606
edlen; 0.006465205732456525
bieten; 0.006355785275445669
nie; 0.0063509860356134595
topper; 0.006275718784024775
fernbedienung; 0.006268884540440922
gerne; 0.0061250078155353545
stellen; 0.006023628674165593
blicke; 0.005893876439949963
verleihen; 0.005832809608182288
schublade; 0.005730373775259067
akzente; 0.005705508413484495
wohnung; 0.0055539563087222635
setzt; 0.005550359889821266
modern; 0.005466275181242963
mittelpunkt; 0.0053769887560520145
perfekte; 0.005323452815719065
morgen; 0.005285425081092398
a; 0.00509318455842731
look; 0.004868885366522591
genügend; 0.0048686208752783955
harmonisch; 0.004722906752613198
edles; 0.004670433452088218
gestell; 0.004554545663359022
allein; 0.004545826418325305
praktisches; 0.004456368713954361
durchgehenden; 0.004399287594969792
