Wort; Durchschnittlicher Wert
gemütliche; 0.02956317201096681
daheim; 0.028322676802235946
gemütliches; 0.02728866402467247
schlafplatz; 0.026899569330271333
bequeme; 0.025414743765213643
ideal; 0.02535577548551373
verstaut; 0.024540672334842382
liegen; 0.02416137895124848
entspannen; 0.024104653462563873
ideale; 0.024016038062109148
anbieten; 0.023596316273324192
übernachtungsbesuch; 0.023222818416979863
äußerst; 0.02318808594136499
praktische; 0.021667702958075095
material; 0.02091266467323294
ganze; 0.02010346694223699
blau; 0.01954064586534514
gleichzeitig; 0.019408070464851334
pumpe; 0.019360835509723985
runden; 0.019233027874724938
besonderen; 0.01912813280359842
freuen; 0.01905825452704448
hause; 0.01893575834837975
hohe; 0.01890665799146518
verfügt; 0.01863514852884691
langen; 0.0183013131354528
bringen; 0.018276710723876023
modern; 0.01809541291440837
aufgrund; 0.017967594260699115
pflegeleicht; 0.017825853452086447
bieten; 0.017769418982788922
bequemlichkeit; 0.017575476807542144
lange; 0.017471433490572962
akzente; 0.017278967725724216
dafür; 0.017254208796657622
stabilität; 0.017174558411352337
verleihen; 0.01715548075735569
komfortables; 0.017108274136990075
breite; 0.016947995530790648
stehen; 0.016878563560021577
nu; 0.01686703152372502
doppelbett; 0.016846444580005483
gerne; 0.016785256152797957
verleiht; 0.01677230384957511
polster; 0.016688380503910593
schublade; 0.0166279103490524
integriert; 0.016499689579359256
freunden; 0.01644727385719307
echter; 0.016446440533036365
familie; 0.01641689613170456
