Wort; Durchschnittlicher Wert
weiß; 0.012024999856657814
stilvolles; 0.010610599361825734
wählen; 0.009900438538716116
sieht; 0.009839430016018013
stauraum; 0.009343937280209502
belastbarkeit; 0.00870883886093452
zeitlosen; 0.008695251264362014
gepolsterte; 0.008477858727565036
dunkelbraun; 0.008339355303178309
verstauen; 0.008337223073107225
menge; 0.008320925662701484
zugabe; 0.008252306085159944
gepolstertem; 0.008141408161827712
gäste; 0.008013425098761217
hellgrau; 0.007879353646421805
maximalen; 0.00784944419792737
möbelstück; 0.007769603590713814
viele; 0.00769736931015359
korpus; 0.007633458438067464
erfüllt; 0.007591097004478797
zeitlose; 0.007583944142243127
klappbett; 0.007539050652144397
ebenso; 0.007404353431411437
großzügigen; 0.007296086640599242
hellgrauen; 0.007285086627052806
trifft; 0.007117232336486268
optisch; 0.007049435115186497
einrichtungsstile; 0.007043792368222057
komfortablen; 0.006829591324458306
inkl; 0.0067457651668519246
preis; 0.0064791965276526755
verstellbar; 0.006460071153014724
kg; 0.00636245641799178
ausgestattet; 0.006255251122638583
besten; 0.006235244128038176
handumdrehen; 0.006164188989896502
option; 0.005944161626393907
blick; 0.005833418220572639
rund; 0.005796591726539191
wichtigsten; 0.005762462159327697
juist; 0.005744516545382794
sowie; 0.005679936565866228
entscheiden; 0.005674754453502828
überzeugt; 0.005601031702781256
gesamtbreite; 0.00550215898656461
erholsamen; 0.005456630646222038
bezug; 0.005454140967776766
polyester; 0.005446574643792701
handgriffen; 0.005419127275672508
schlafgelegenheit; 0.005367052418750973
