Wort; Durchschnittlicher Wert
maßen; 0.01564247018250171
matratzen; 0.015208575034284877
moderner; 0.014745959420179134
anthrazit; 0.014296203303365474
bringt; 0.013962681213888573
gleichnamigen; 0.01351798368486925
einrichtung; 0.013495057402178646
robust; 0.012845649986411444
wohnung; 0.012234924992662854
look; 0.011811941828636919
per; 0.011764125648414846
stil; 0.011750524108356331
wohlfühlen; 0.01147491962001368
besitzt; 0.010784029407659546
modernen; 0.010578430674650008
zuhause; 0.010554691734432709
gästezimmer; 0.010246158886002377
hochwertigem; 0.010043722475529648
webstoff; 0.009951431486115325
schicker; 0.009860415688308422
eignet; 0.009827625029720366
schwarz; 0.009296885901130736
stellen; 0.009027935256017371
ergänzen; 0.008950007930980063
zieht; 0.008865270997807784
perfekt; 0.008852807710354682
topper; 0.008816112484782933
somit; 0.008790194198809331
schickes; 0.008713860157877206
höhe; 0.008684588678806903
bettes; 0.00868379722815007
holen; 0.008660216469797888
durchgehenden; 0.008584803860867397
silber; 0.008506434212904423
passenden; 0.008479289018032432
perfekte; 0.008466681701247581
fürs; 0.008365398638125044
highlight; 0.008349111385905416
graue; 0.008217412416706793
morgen; 0.008153509451040009
sorgen; 0.00809869215809158
you; 0.008093973319409998
grau; 0.008049590555106078
albero; 0.008005330129526556
dekorative; 0.007984013636450982
nie; 0.007977743812080006
passende; 0.007958195695755422
fernbedienung; 0.007917659907252527
tonnentaschenfederkern; 0.00790152064000722
praktisch; 0.007777574975261814
