Wort; Durchschnittlicher Wert
schickes; 0.0029562421099399217
ergänzen; 0.0018815308372722938
zusagt; 0.0018378185508481693
funktionales; 0.0017559259094014124
härtegrad; 0.0017319505423074588
problemlos; 0.001713978718908038
schaffen; 0.0017057376287993975
eleganz; 0.0017050744902007864
rundum; 0.0016879212809726596
holen; 0.0016136576174176297
schrankbett; 0.001558965595177142
pur; 0.0014884075819281862
zeitloses; 0.001473571218048164
kleine; 0.0014087161021961946
natürlichen; 0.0013918981799179164
entdecken; 0.0013798891566693782
stauraumwunder; 0.0013641095918501378
harmonisch; 0.0013415358231668507
bereits; 0.0013220303968410007
hohen; 0.0013074670398054878
vollenden; 0.0012897435936793044
adria; 0.0012739194457026316
jugendzimmer; 0.0012591491742568906
look; 0.0012552417363622225
passenden; 0.0012522928402177059
durchgehende; 0.0012376512811897555
stauraumbett; 0.001170055644797685
wohnzimmer; 0.00115426331217634
sofa; 0.0011528681363415672
schlichte; 0.001143601129297167
vielen; 0.001131557947519468
höchstem; 0.0011250511619437021
verstellt; 0.001076025954034776
ebenfalls; 0.001069996915612137
hoher; 0.0010653007766450173
jeweils; 0.0010563559996171535
erhält; 0.0010532238629821222
form; 0.0010435363510623574
tipp; 0.0010290553337654273
behagliche; 0.0010230628702515786
unterstreichen; 0.001008157816613675
filiale; 0.0009991073953642625
zimmer; 0.000993043601829413
edlem; 0.000990745893022904
klaren; 0.0009590704385118443
dabei; 0.0009543973901600111
wohnung; 0.0009543404818714407
mikrofaser; 0.0009500934254447202
blick; 0.0009457379454829607
gästezimmer; 0.0009442415027933748
