Wort; Durchschnittlicher Wert
holen; 0.046917088408372366
elegante; 0.04684713103924878
misst; 0.04659395228081849
beige; 0.04543199461477343
dauerschläfer; 0.04502331753974431
couch; 0.04360236720240209
eyecatcher; 0.04210866293578874
edlem; 0.041616940214589705
samtbezug; 0.04094108754288754
zweit; 0.04056402923088172
ordnung; 0.039439222617511406
eiche; 0.039057803362811686
genutzt; 0.03886264380416833
schlafen; 0.03875286146421786
unterstreichen; 0.03860919778817333
polyurethanschaumkern; 0.037715710606426
rahmen; 0.0376040729432134
später; 0.037275016601779495
bereichert; 0.03720021708359127
greige; 0.0370583294716198
silberfarbenen; 0.03697453800705262
einrichtung; 0.03674848981318064
versehen; 0.036633956243167634
weiche; 0.036521161661221414
konischen; 0.03609839609416667
innenleben; 0.03591523039212916
wände; 0.03543151355770533
kopf; 0.03530976036672655
lattenroste; 0.035074344276654304
gefertigte; 0.03473374996247003
kuscheln; 0.03434890135686146
platzangebot; 0.03432994553877507
textil; 0.034125369112734914
fürs; 0.03398077174642822
wohnen; 0.03386462913476862
letzten; 0.03370482676709798
linien; 0.03370114321005531
unterschiedlichen; 0.03355475932839909
silber; 0.03329404932264879
erhält; 0.03325469775300007
ende; 0.03319878721085843
besucher; 0.03315865387376107
wangenform; 0.03313621879642596
farblich; 0.03312874379917048
schliff; 0.033068797213491055
fünf; 0.03293560390884522
gutem; 0.03285115371909342
möchte; 0.032846824383886995
angefertigt; 0.03281861826981185
robust; 0.0326362661737221
