Wort; Durchschnittlicher Wert
zustand; 0.002632637255737791
optimale; 0.0024459571213810705
zuhause; 0.002442943109781481
element; 0.002349355320734503
paketspezifische; 0.0022766372945625334
kgpaketgewicht; 0.0022311860062472987
wohnung; 0.0021959559871902457
passenden; 0.0021119912762515014
durchgehenden; 0.0021034206336480567
frei; 0.002098335219125147
fürs; 0.0020971726240532006
kommt; 0.0020133531230385414
optik; 0.0019999331620056183
kissen; 0.001989892162964679
zustellung; 0.0019817079766653476
passende; 0.0019731614855118098
tolles; 0.001894279518012354
schlichten; 0.001889528366154991
erleben; 0.0018769687332678587
träume; 0.001856802521069767
nächte; 0.0018315622772206552
weiteren; 0.0018239489501866047
gesamtmaßen; 0.0018226750456960873
je; 0.0018149469316995237
maximale; 0.0018137129678507335
lattenrost; 0.0017999165473156608
webstoff; 0.0017994874273426832
nie; 0.0017993168577959296
schlafgefühl; 0.0017850728414487093
polsterbett; 0.001765103237994481
ebenso; 0.0017153526074253022
ergänzen; 0.0017121401317126584
silber; 0.001709118527287501
stilvoll; 0.0016903057558010914
rund; 0.0016852740474860184
dekorative; 0.001684626172936987
montageanleitunghinweisdieser; 0.0016800583223812282
linien; 0.0016720811596314888
perfekte; 0.001664354297099635
gesteppte; 0.0016540653219635714
besonders; 0.0016497845237609
wohnzimmer; 0.0016373145106626907
highlight; 0.0016334024759999011
lösung; 0.001623888722861011
you; 0.0016165656212251633
jugendzimmer; 0.0016164920709485387
steht; 0.001611601958211395
bereichert; 0.0015818576015590225
schicker; 0.001560477488237666
mid; 0.0015588071968522855
