Wort; Durchschnittlicher Wert
integriert; 0.02278359935662593
edles; 0.022761933273432077
setzt; 0.02224863163428381
akzente; 0.022056422891182592
edlen; 0.021571815230709036
a; 0.02133055966696702
echter; 0.021144335174903973
allein; 0.02101705789536936
bieten; 0.020875805892865175
verleihen; 0.02060396527958801
schublade; 0.020347422886698042
gerne; 0.020189048222528073
modern; 0.019386979776027147
blicke; 0.01938616706029279
genügend; 0.019291947286001233
schon; 0.011268551165630924
gestaltung; 0.011225842127169016
lederlook; 0.011172211268058164
zieht; 0.01094293753267266
integrierte; 0.009549312354647555
gestell; 0.00905230011412641
stimmungsvolles; 0.00845980989470263
schöne; 0.007233540038578212
ganze; 0.0071151611133245755
t; 0.0070808466680318816
look; 0.0070592417188890975
verstaut; 0.006518907791905804
oberfläche; 0.006463388612610288
dank; 0.006368984122673282
b; 0.0062559638019592965
einfach; 0.006132082033781216
gemütliche; 0.00592324239842128
zudem; 0.005869765677198302
natürlich; 0.0058620373732992444
bequeme; 0.005835437380301301
matratze; 0.005823267894970741
komfortables; 0.005814215703867376
äußerst; 0.005674436722620158
platzsparend; 0.005636380117357476
modernen; 0.005564245621189912
finden; 0.005537597052170895
sorgt; 0.005461663639289327
platz; 0.00536794558101974
gepolsterte; 0.005331156463216758
bedarf; 0.0052953168036765415
schnell; 0.005029338831081987
hinweisdieser; 0.004862411374597286
ab; 0.004853612627721304
x; 0.004823132096862537
ambiente; 0.004799811231350759
