Wort; Durchschnittlicher Wert
holen; 0.0035711076900042825
rundum; 0.003462436770496424
besitzt; 0.0033210006837180116
bereits; 0.002792518164642388
ergänzen; 0.0026580193984045764
schickes; 0.0025892360688885676
passenden; 0.002403689751008642
robusten; 0.0023546814652945615
schaffen; 0.002308945663025952
natürlichen; 0.001773995250732696
gerade; 0.0017402836973815284
problemlos; 0.0017224452407390346
pur; 0.0016034420164942275
rot; 0.0015358938571637282
funktion; 0.0015343218944963155
wohnzimmers; 0.0014462587868820265
erhält; 0.0014428721385684184
co; 0.0014125678230925587
sorgen; 0.0014052102514142462
möbel; 0.0013689420411310492
polyetherschaumkern; 0.0013358628648347803
bettfunktion; 0.001332670805913949
inkl; 0.0013310853165421576
james; 0.0012931837780087107
linken; 0.0012170729257832136
äußerst; 0.0012150186164944898
praktischem; 0.001199203879787092
diejenige; 0.0011892022543179338
nachtkästchen; 0.00117711914560914
schicke; 0.0011246349469729467
schenkt; 0.0010995790274137107
preisneben; 0.0010785597083668107
geht; 0.0010407726225821535
aufstehen; 0.0010297655939211837
rahmen; 0.0009993735046009533
somit; 0.0009911060497870493
elegante; 0.000989710175386449
hochwertige; 0.0009773128346751037
zusammenstellung; 0.0009557458243762085
liegegefühl; 0.000950778148308018
weichen; 0.0009420782529559801
sanft; 0.0009374056781780382
förmige; 0.0009373847522965662
umfangreicher; 0.0009328999059562193
sechs; 0.000923069802615828
ab; 0.0009176366335850617
ansprechende; 0.0009114637736274744
höheren; 0.0009027462808262499
pueblo; 0.000899275645861053
hoch; 0.0008988035012862383
