Wort; Durchschnittlicher Wert
anthrazit; 0.021497885874123313
blau; 0.010696396995626856
breite; 0.01063246991543565
edlen; 0.009602138581612962
pflegeleicht; 0.009560039898497052
blicke; 0.009518700421904214
fünf; 0.009334141813451425
hause; 0.009112071898562136
gemütlich; 0.009061612002551556
lassen; 0.008450653907493689
nu; 0.008256192514090798
look; 0.007886163257353473
plus; 0.007428346194014068
bequemlichkeit; 0.007420114758133423
allein; 0.007398326875409112
echter; 0.007124785568157677
sieben; 0.007086433019139804
gerne; 0.007086182512284722
material; 0.007066300338192377
weiteres; 0.006960101789445616
bieten; 0.006823180717765354
modern; 0.006757794589793776
wobei; 0.006694829335901886
edles; 0.00659736834350042
verleihen; 0.006531332005397417
schublade; 0.006519917739205993
bereit; 0.006406235512986314
übernachtungsbesuch; 0.006336674162594136
größe; 0.006317279428185429
zieht; 0.006268504560011934
a; 0.006180093178409151
praktische; 0.0060307317646220325
integriert; 0.0059284803224727515
verfügt; 0.005744407017482444
setzt; 0.005700979178072885
integrierte; 0.005630833846225869
nutzen; 0.005548396879021311
genügend; 0.005491194850765169
moderner; 0.005323992639023345
einrichtung; 0.005282011217059335
robust; 0.005219892331660958
doppelbett; 0.005091364964027889
akzente; 0.0049529207384694015
stehen; 0.004893846120103263
dank; 0.00487570395853254
preis; 0.004861895591602661
kilogramm; 0.00460217997641621
drei; 0.004580313983024098
polster; 0.004570575361140072
verstaut; 0.004511555665158084
