Wort; Durchschnittlicher Wert
ausruhen; 0.0015897926803518203
stil; 0.0015749813450383955
schicker; 0.0015298731566872447
schlafgefühl; 0.0014998723618191434
elegante; 0.0014905038697179407
bringt; 0.0014846190417301842
wohnung; 0.0014749768619367388
links; 0.0014651311786110454
matratzen; 0.0014623274852056055
hochwertigem; 0.0014400771920918486
wohlfühloase; 0.0013979880524857436
armlehne; 0.0013661358832905534
fußteil; 0.0013600110803963616
wolken; 0.001348259411406616
geformten; 0.001342200583894737
perfekten; 0.001337477899460282
pflegeleicht; 0.0013309974946196235
attraktive; 0.0013133623120211268
bettzeug; 0.0012996474186365958
gästen; 0.0012638088835956296
einrichtung; 0.0012424740270944312
vereint; 0.001236958373192465
zaubert; 0.001235673405972193
platzieren; 0.001195347954853787
entspannen; 0.0011841567407827823
obermaterial; 0.001181601467396831
robust; 0.0011640759883448481
zuhause; 0.0011633677000645547
darauf; 0.0011620164757914608
formgebung; 0.0011589591613528683
fürs; 0.0011509693949847133
level; 0.0011489210010040551
gleichnamigen; 0.0011474448911030777
schwarzem; 0.0011416846005886327
tagsüber; 0.0011370381081405867
maßen; 0.0011147646569952484
mikrofaser; 0.0011047388034057803
verbringen; 0.0010882707036216743
verzierten; 0.0010684555822081166
anthrazit; 0.0010619314736686647
wohlfühlen; 0.0010609476003082818
attraktiver; 0.0010605539344396675
elegantes; 0.0010544831657171017
akzent; 0.0010480999997525941
plaudern; 0.0010438279864047218
bettladen; 0.0010382209431554657
schicke; 0.001035803880313324
konischen; 0.0010347114761316335
sehen; 0.000999679693541111
eindruck; 0.000986041756823397
