Wort; Durchschnittlicher Wert
luftbett; 0.049893830885412174
grauem; 0.047366098340717144
bestway; 0.043977612716844305
pumpe; 0.04072466347424779
hinweisbitte; 0.040450086396594996
große; 0.03874778411970965
charme; 0.03867577981145587
queen; 0.03864616000209935
bonellfederkernmatratze; 0.03811045055408613
einzelbett; 0.03696139750245493
minuten; 0.036846698001318144
schwarze; 0.036810722174777766
senfgelb; 0.03452098655689042
montageanleitungdrucken; 0.034176092350389806
empfehlen; 0.03364822777657537
person; 0.03354395534770447
verbreitet; 0.0334854905915563
eignet; 0.03341424480531714
camping; 0.0331071922351839
beflockte; 0.03273630759504158
zusammen; 0.03269370490315282
mitgeliefert; 0.03243334356957348
grauen; 0.03226005952310516
geneve; 0.032133036097593506
elektrischen; 0.03195478550769622
versprüht; 0.03165057491933112
mars; 0.031495401592110284
widerstandsfähige; 0.03140269977957359
farbiger; 0.031398397413431665
lässt; 0.031181681691850826
erstrahlt; 0.031148523488081992
carrol; 0.031115571552072653
carolina; 0.030949926539324223
feines; 0.030925122000917328
weiß; 0.030678675065428252
unterwegs; 0.03054636743327137
bettlade; 0.030531601708207744
geschickt; 0.030464489325822797
verführerische; 0.03027887884309166
bequeme; 0.029971171435317957
formschaum; 0.029961015285516625
besteht; 0.02986047085141763
echtholz; 0.02940556322573684
einlasstiefe; 0.02936287552001886
zeitloser; 0.029239927217713558
fernsehsessel; 0.029214847170442225
airbed; 0.02919783942052163
rollrost; 0.0290153672802262
havanna; 0.028769819956505672
boxbett; 0.02869911913148826
