Wort; Durchschnittlicher Wert
beige; 0.03551381917750405
farbton; 0.03510685852706956
ordnung; 0.03242198718362488
holen; 0.03217547049425775
einrichtung; 0.03170705718548561
wände; 0.031547304689593145
eiche; 0.030778280414551773
geradliniges; 0.030576030575321055
misst; 0.030074176258494845
wangenform; 0.028988774726167323
silber; 0.02825799964120961
rollroste; 0.02769143421173794
platzangebot; 0.02765106216465938
angekündigt; 0.027444298018235714
samtbezug; 0.027357040375710538
formschönen; 0.027221387775352924
unterstreichen; 0.026933630489293137
gegenstände; 0.026918906000355493
ablagefächern; 0.026812324540696864
unterschiedlichen; 0.02668364437922719
matratzenhöhe; 0.026423082366454763
später; 0.026138298139267137
edlem; 0.025642424024408684
dauerschläfer; 0.025527066928043497
seitenteil; 0.025452126523305196
puren; 0.025444044610685522
schickem; 0.025392451390143834
komplettieren; 0.02534303342254134
größen; 0.025336995332327205
matratzenfixierung; 0.025319203903200103
wiederum; 0.02522112719598226
füßen; 0.025168923434830504
rahmen; 0.025123333181545603
möbelstücke; 0.02507025193062873
lattenroste; 0.02504375337557576
pflegemontageanleitunghinweisstoff; 0.02501453697041143
schliff; 0.0249716593476478
harmonieren; 0.02495288269346929
rücken; 0.02489899619249627
beisammensitzen; 0.024835058213102456
umfangreichen; 0.024751544231457957
hochwertigen; 0.02472540564422161
sitzfläche; 0.024684087787136377
schön; 0.024345080960847552
elegante; 0.024322727015805866
letzten; 0.02429778986988822
vier; 0.024161093450675252
einfügt; 0.02404338478918362
nosagunterfederung; 0.024033031772705726
harmonische; 0.023852260433432092
