Wort; Durchschnittlicher Wert
luftbett; 0.01885615975043038
oberfläche; 0.01857626996934414
gemütliche; 0.01847824737415067
komfortables; 0.018285774508876786
pumpe; 0.017894804758543614
ab; 0.01711553286004346
marke; 0.016780340445984622
liegen; 0.015705894657367027
integrierter; 0.015570108583779075
bequeme; 0.015563476085662841
macht; 0.015265737762092613
übernachtungsgäste; 0.015234044261160307
nichtgebrauch; 0.015219477815480786
bestens; 0.014986917760688811
egal; 0.014761187537806109
verstaut; 0.014608725027210312
platzsparend; 0.01452662657138717
ideal; 0.014504658185251174
äußerst; 0.014491710870788665
dank; 0.014387529561645351
ganze; 0.014152981263760012
gerade; 0.013946268540166784
gemütliches; 0.01389968309085816
praktischem; 0.01365314434224274
besten; 0.01364688682879205
spontane; 0.013625376754862372
lädt; 0.013582573263556696
integrierten; 0.013387796393362805
schlafplatz; 0.013361646753037349
übernachtungsbesuch; 0.013355226197745651
entspannen; 0.013192204557708465
drei; 0.013088213610171807
rundet; 0.013061803043092369
gibt; 0.012499694964208174
schnell; 0.012444306070301536
blau; 0.012339759185852017
eignet; 0.012324218050343916
top; 0.012286764421878616
verleiht; 0.012104689315310679
bequemlichkeit; 0.011895965426083422
anbieten; 0.011801423310680547
jederzeit; 0.01172316131851403
erhalten; 0.011685928558654269
ideale; 0.011404092633165419
material; 0.01129454238616745
freunden; 0.011288404025253839
benötigen; 0.011164807211025618
kunststoff; 0.011139171701506712
schlafkomfort; 0.010937568508234108
neben; 0.010835319862417236
