Wort; Durchschnittlicher Wert
braun; 0.037739327125018464
maschine; 0.03333213985024486
robuste; 0.03325521164879319
hellbraun; 0.0316332361609966
reißverschluss; 0.031334622828580905
pölstern; 0.03067318358371267
kghinweisdieser; 0.030420237881480718
informationenpaketgröße; 0.030295053152440233
reich; 0.030272748806601156
zugabe; 0.030183863481897787
rosa; 0.029797700626659207
großer; 0.028760727415647124
verloren; 0.028731704055098818
besitzt; 0.028599335993567364
echt; 0.028326401573940528
buchenholz; 0.028173352666090067
liegt; 0.028117364475838257
hand; 0.02803758189402288
harmonisches; 0.02796304796138429
fernbedienung; 0.02789529080328066
matto; 0.027684871458768613
sieht; 0.027652266725363008
wand; 0.02759749467641086
paketgewicht; 0.027423351934521632
komfortschaum; 0.02719854648166802
bezug; 0.027195963688063783
bringt; 0.026982414058511494
prakitscherweise; 0.02677683254587464
braune; 0.026653440852533093
querschläfer; 0.0265132064014324
etwa; 0.026504983799895854
juist; 0.02640219490858726
körper; 0.026393257445488417
polster; 0.026294118501209596
eindrucksvolles; 0.02626294373658311
gewicht; 0.026237027447018592
zustellung; 0.026211109886935445
wobei; 0.026145188681039145
massiven; 0.02614068881357525
nierenkissen; 0.02595783072588347
wirkt; 0.0259002677477838
you; 0.02589912258607683
kind; 0.025706343447382096
angenehmem; 0.025647686024603898
toller; 0.025616302402340807
lieferunglieferhinweislieferung; 0.02547976865171222
lieferumfanges; 0.02543778354920505
richtig; 0.025402478183787026
größen; 0.025316070264670996
liegefunktion; 0.02527250070415903
