Wort; Durchschnittlicher Wert
weiß; 0.001998209294742992
bringt; 0.001972092122105096
stylisch; 0.0015099043431746396
stil; 0.001306943913732539
eichenholz; 0.0013066604199821086
wichtigsten; 0.0012164398877757775
sieht; 0.0011321347607008646
stilvolles; 0.0011219229785638164
verstellbar; 0.0011136696848552674
wählen; 0.0011074556590756402
gesteppte; 0.001070636559779814
extrem; 0.0010701329483708832
einrichtung; 0.0010642044546329999
zusätzliches; 0.0010374707668233895
platzieren; 0.001032654055961757
metall; 0.0010263067885716737
dunkelbraun; 0.000987193360197125
abgestimmt; 0.0009871007839763024
kopfstützen; 0.000983181406991207
pueblo; 0.0009781922593106174
hinweisstoff; 0.000923247368518787
setzen; 0.0009116181302943005
gleichnamigen; 0.0009075951613340294
hoch; 0.0009027505082485731
polyester; 0.0009020506033266429
geschmack; 0.0009017185246193548
silberfarbenen; 0.0008984606398826145
kingsize; 0.0008843235909353098
luca; 0.0008803545305340777
zeitlos; 0.0008751679231863818
kontrast; 0.000874507634728161
besucher; 0.0008584405024521403
eindruck; 0.0008520974872226362
fußform; 0.0008395012644541566
voraussetzungen; 0.0008385201956116362
pluspunkt; 0.0008296017647921872
steht; 0.0008227570244343952
seite; 0.0008202490575058618
wohlfühloase; 0.0008114862300317327
maße; 0.0007994135045009898
handgriff; 0.0007953141184771084
mitten; 0.0007779559811297076
schlaferlebnis; 0.0007734364279883721
grauen; 0.0007728665932518197
schubladen; 0.0007722149626715691
zusätzliche; 0.0007635425537841911
gehalten; 0.000761929703730857
level; 0.0007580013343613246
handgriffen; 0.0007546626818111691
sitzbereich; 0.0007545128723450035
