Wort; Durchschnittlicher Wert
queen; 0.011807804630370811
grauem; 0.011481060978258028
bestway; 0.011179419510881416
empfehlen; 0.010484803700819612
zeitloser; 0.01031106077862205
pumpe; 0.01030637407748145
senfgelb; 0.010121183501178166
montageanleitungdrucken; 0.009335727611323818
minuten; 0.00928030110662803
formschaum; 0.009247036995657255
mitgeliefert; 0.009236667715595104
atlantispassend; 0.009179028001381085
charme; 0.009075347008183599
nächtegenießen; 0.009033518386422657
erstrahlt; 0.008965170208830387
havanna; 0.008962391109889722
einlasstiefe; 0.008924238965846598
geneve; 0.008862711746866125
airbed; 0.008861003654601518
luftbett; 0.00875383914099075
wenden; 0.008674272074131295
alicante; 0.008674061857163906
tragetasche; 0.008669552399078384
flexibles; 0.008539771081632352
alpinlook; 0.008451832694845507
mars; 0.008433944578428054
carrol; 0.008292436646297575
camping; 0.008225742750801146
mittelgroße; 0.008218993086484262
hinweisbitte; 0.008123953985705156
gradlinigen; 0.008121783805836457
auszuruhen; 0.008104064402641598
klasse; 0.008070021375897341
einzigartig; 0.008025159729004371
unterwegs; 0.00796268553713162
sitzeigenschaften; 0.007923727115849034
bonellfederkernmatratze; 0.0078691236092709
santa; 0.007847954999033391
dreifach; 0.00782942301229923
abgesetzten; 0.007824448525207117
glänzendem; 0.007817960189402128
erstrahlen; 0.007800439852871932
zugang; 0.00779574058833532
versprüht; 0.007783982041291893
aufgefrischt; 0.007741853428888135
pvc; 0.007665285910479725
lieblingsposition; 0.007660867225422407
gestaltbares; 0.007659147566300817
hautfreundliche; 0.0076581545174121855
abgebaut; 0.007631691261485685
