Wort; Durchschnittlicher Wert
schicker; 0.003050997868558625
hochwertigem; 0.0027876967626070835
wohnung; 0.0022865439554152545
zuhause; 0.001968048132403055
anlehnen; 0.001822287003415113
eignet; 0.0014448228135734097
besonderes; 0.00143008044015005
grau; 0.0013939146023403738
personen; 0.001341695962673839
schenkelmaß; 0.0012146299345573651
kiefernholz; 0.0012083360489111073
rundum; 0.0011534670393302804
abmessungen; 0.0011334322138282006
behagliche; 0.0011332134237818537
bezüglich; 0.0011102692969870986
besteht; 0.0011085783671660465
direkt; 0.001104211240362929
somit; 0.0010775001139336382
pur; 0.0010622294788845466
jeweils; 0.001060835701537144
zeichnet; 0.0010552379072578332
kategorienwohntextilienvorhängestehleuchtenwohnzimmertischedrucken; 0.0010284329159730987
schaffen; 0.0010277824869262986
eckigen; 0.0010189843887928873
wohnraum; 0.0009703799790258926
bereits; 0.0009372826929620714
eleganz; 0.000920965915247507
liefertermins; 0.000893321798866964
stunden; 0.0008906539481358777
verona; 0.0008728791891826404
immer; 0.00086502240073969
tacoma; 0.0008578651459629327
lässt; 0.0008541478777942757
robuste; 0.0008397466688620625
synthetik; 0.000837158996364451
polyurethanschaumkerns; 0.0008315416172308687
zusätzlichen; 0.0008291689340239828
kunststoff; 0.0008190599868157733
gefällt; 0.0008131365379995259
lesen; 0.0007948536524054362
geeignet; 0.0007904316183612537
verfügt; 0.0007793279193720082
grundlage; 0.0007576693264354617
sitzplätze; 0.0007569313631393016
großen; 0.0007516952523360487
hinweisbitte; 0.0007468376370979967
dennoch; 0.000744333765896954
ph; 0.0007335960043747036
wellenunterfederung; 0.0007321575544665393
eleganten; 0.0007293796472367831
