Wort; Durchschnittlicher Wert
anthrazit; 0.016384488699259236
wohnung; 0.01509037610303494
fürs; 0.01480814867572917
maßen; 0.01369928685198829
matratzen; 0.012586718138118158
moderner; 0.012338716968588414
hochwertigem; 0.012237202878168318
zuhause; 0.012176033604191616
schickes; 0.011975256778168842
schicker; 0.011793708845652872
gästezimmer; 0.011703279078938067
albero; 0.01169934573554201
ergänzen; 0.011296863960160409
you; 0.010986074639322396
stellen; 0.01084209659602493
modernen; 0.010840310010826215
besitzt; 0.010793874834780582
holen; 0.01076094360469142
look; 0.010739539087444428
passenden; 0.010688984440639615
morgen; 0.01055120419623563
mid; 0.01042143619270064
eiche; 0.01038331930321874
tonnentaschenfederkern; 0.010357136161201198
onlineshop; 0.010352774444618263
webstoff; 0.010297756486397702
füße; 0.010213129999465309
dekorative; 0.01015626966182026
durchgehenden; 0.010129604785470292
silber; 0.009946757896977942
bringt; 0.009940889822610188
zustand; 0.009871487476630136
schlichten; 0.009756293803093286
wohlfühlen; 0.009652490551525261
kinderzimmer; 0.009597059662337416
topper; 0.009343665148116997
robust; 0.009268438197250362
fernbedienung; 0.009244059825141449
highlight; 0.009090482733154204
optimale; 0.009025382045365404
je; 0.008995521741053381
stil; 0.008955519425944658
perfekte; 0.008858240418339847
maximale; 0.008827333952649497
dekor; 0.008750036160927266
bettes; 0.008727297183941118
einrichtung; 0.008626877437563962
nie; 0.008538360231614205
paketgewicht; 0.008439505050773732
schlafgefühl; 0.008108774771608296
