Wort; Durchschnittlicher Wert
buchenholz; 0.028203428861434076
kilogramm; 0.02483708026629756
maschine; 0.024661172686137434
kghinweisdieser; 0.02411336628938443
reich; 0.024005546930857234
braun; 0.023967326607453286
toller; 0.023794355989411996
angenehmem; 0.023750633100280538
etwa; 0.02369992205130984
sitztiefe; 0.02364004712580936
reißverschluss; 0.023412438573359395
livetastic; 0.023344456433915185
querschläfer; 0.022741219766248832
juist; 0.022559792893298437
richtig; 0.02235603359531524
matto; 0.02234131256227556
lieferumfanges; 0.022143922116811154
komforthöhe; 0.022069978268700653
hinweis; 0.022062816100174132
ausschließlich; 0.021856698418605446
zustellung; 0.021841358906021922
füßen; 0.021639506672363494
kind; 0.021628852494541207
artikel; 0.021538975553812633
sitzhöhe; 0.02150752412562724
kopf; 0.021424592947005293
verspricht; 0.021172145702831813
echt; 0.021091275392245735
informationenpaketgröße; 0.021081436708664116
c; 0.020907874626300327
eindrucksvolles; 0.02083440362184774
erleben; 0.02082833227723313
ausgestellt; 0.020826895381105714
dunklem; 0.020558684595653177
zugehörigen; 0.02055394602252818
pölstern; 0.02054980313332635
mid; 0.020498445138218812
falls; 0.020444383302492496
zugabe; 0.020379079921985975
rosa; 0.02035690769662324
nierenkissen; 0.020335685113241197
vintage; 0.02032194272032939
wand; 0.020278735203464748
you; 0.020170244114342494
bringt; 0.020037255636520968
liegefunktion; 0.01995210442073585
paketspezifische; 0.01990020565499435
polyetherschaumkern; 0.019854988136648898
regi; 0.01985281229517568
paketgewicht; 0.01981990851527371
