Wort; Durchschnittlicher Wert
farbton; 0.04947489374317229
misst; 0.04862577635794878
eiche; 0.047117705919663425
wände; 0.046586056658998135
möchte; 0.04608112336136401
anstrengenden; 0.04509636170696467
augen; 0.04482766932342201
füßenstilvoll; 0.04395174506935291
stress; 0.04342446481459774
rückenpölstern; 0.04331649100640789
geradliniges; 0.04324495808104985
jeglichen; 0.0425271455955226
pflegemontageanleitunghinweisstoff; 0.04186647244496271
einrichtung; 0.04043408971920144
boxspringsofa; 0.04001758020604029
dauerschläfer; 0.03939244442153722
verräumen; 0.039189996157074344
eyecatcher; 0.039109187258873135
ordnung; 0.038729207450523974
alaska; 0.03825425963732414
samtbezug; 0.03731902441068087
ablageflächen; 0.037073631671955806
wohnambiente; 0.036981741216732186
elegante; 0.036873818634194325
puren; 0.036797159857815134
später; 0.03676114898407832
silber; 0.03668634349596687
wachen; 0.036522905860329045
greige; 0.03646361176506616
formschönen; 0.03640713069471531
unterstreichen; 0.036176845349837096
klappe; 0.036116524855606257
fliegen; 0.03522335109882988
wiederum; 0.03509364108322188
möbelstücke; 0.03493827583151869
edlem; 0.03492634294743766
holen; 0.03490215756683028
austrecken; 0.034861888369778174
angekündigt; 0.034761592984432356
verziert; 0.034380665188655256
flachgewbe; 0.034352661907905715
romantisches; 0.03403674734872766
ausziehbett; 0.03371643876307644
platzangebot; 0.033554802066646516
matratzenfixierung; 0.03349570666323416
vieles; 0.03335647074272856
hervorragend; 0.03302970433142036
teilen; 0.03301947569125332
erzeigt; 0.03293118058645632
unterschiedlichen; 0.03292801287898328
