Wort; Durchschnittlicher Wert
ebenso; 0.0023206214820675084
zeitlose; 0.0023013877478661017
problemlos; 0.0022054414046579042
robusten; 0.0021005051323299993
natürlichen; 0.0019958235297963256
form; 0.0019718057385034625
durchgehenden; 0.0019359302812517853
erhält; 0.0018062142033159034
belastbarkeit; 0.0018020113998318266
geltung; 0.0017645080457441508
breite; 0.001658264407342358
highlight; 0.001618756816833411
blau; 0.0016122832081236992
rahmen; 0.0015383755457150984
maximalen; 0.0015077533083967865
rund; 0.0014629810179030756
fünf; 0.0013747785913437837
garantiert; 0.0013698634516913443
größe; 0.0013579913633293473
komfortablen; 0.001335173414190649
passen; 0.0012921087204631476
räumen; 0.0012868245427398507
großzügiges; 0.0012850925548264058
gesamthöhe; 0.0012840282030992967
funktion; 0.0012769273055255326
gemütlich; 0.0012687342567005544
darüber; 0.0012640838695006096
farbauswahl; 0.001243464609115108
gesunden; 0.001226965598903007
verleiht; 0.0012246102409335436
schlichte; 0.0012211207344989816
wahl; 0.0012098398810849176
richtige; 0.0012082164080311486
kissen; 0.0012032577724312432
dunkelbraun; 0.0011838262293167646
hellgrau; 0.001178733066083737
mischgewebe; 0.001169835963173682
sitzkomfort; 0.0011647684013041727
vielseitig; 0.0011461238592801238
kombinierbaren; 0.001137968141881629
azurro; 0.0011205182702724414
kghinweisdieser; 0.0010993307852459112
pillingbildung; 0.001096348328496788
ergänzung; 0.0010918764713096607
schlafgefühl; 0.00108865583001716
ausstrecken; 0.0010558974392097299
zugleich; 0.001019205036755011
mehr; 0.0010088371542224194
schlicht; 0.0010019705026024894
sitzbank; 0.0009716995944245354
