Wort; Durchschnittlicher Wert
stilvolles; 0.031665493463515305
ebenso; 0.025570822847657836
maximalen; 0.023494043933897046
wählen; 0.022822671974427066
komfortablen; 0.02274773826211458
zeitlose; 0.02264725843560882
gäste; 0.021671912123565562
möbelstück; 0.021371116983209502
verstauen; 0.019334014309060878
handumdrehen; 0.01917562645539874
großzügiges; 0.015058345883517177
gepolstertem; 0.01504246240510838
korpus; 0.014687448432960081
hellgrauen; 0.014172224888170604
viele; 0.013902401664199714
hellgrau; 0.013801338787743589
zeitlosen; 0.013565685416688211
zugabe; 0.013483361514408898
einrichtungsstile; 0.013152685797103913
erfüllt; 0.012815073208912509
trifft; 0.01280248069233494
menge; 0.012485717380332061
gepolsterte; 0.012117246663547122
großes; 0.011422364204190672
sieht; 0.010403159700217657
lederlook; 0.009590734545781743
preis; 0.009138235052159872
großzügigen; 0.008722380125618656
qualität; 0.0075269079898134805
wahl; 0.007452917103364598
optisch; 0.007373753291903995
komfort; 0.007100303161132615
klappbett; 0.004867895249617504
verspricht; 0.0047312993001469295
raum; 0.004572849471151131
gefertigt; 0.0044480216657120765
besten; 0.0039488604321377355
schlafkomfort; 0.0037535602794378066
nacht; 0.0036044700748789184
futonbett; 0.0033837257276900347
raffinierten; 0.0033171082479384493
sowie; 0.0031386291677335974
schenkt; 0.0031116515059238735
weiß; 0.0030510387215144873
erholsame; 0.003023033535282593
angenehmes; 0.0029964654653667822
große; 0.0029175497045798695
besticht; 0.002895296436133776
stets; 0.002869163086415938
höchste; 0.0028022591868648306
