Wort; Durchschnittlicher Wert
schicker; 0.002105339620811719
nie; 0.0019046237724069214
polsterbett; 0.0019028723700103
besitzt; 0.0017387107371405364
hochwertigem; 0.0016234849850661703
perfekte; 0.0015317561981646576
echt; 0.0012894510489729783
tonnentaschenfederkern; 0.0012859103230766777
wohnung; 0.0012787729068804766
extra; 0.0012434208504146227
thomas; 0.0012196203196708666
feuchten; 0.0012159935003978716
anthrazit; 0.0012035916059176088
topper; 0.0011963602722062205
durchgehenden; 0.0011645758050008227
webstoff; 0.00116002152457213
zusagt; 0.0011487313890029328
kopf; 0.001142795974510591
zuhause; 0.0011360078946381692
zugehörigen; 0.0011192538712521127
highlight; 0.0010874674381511796
schickes; 0.0010625928941408347
ergänzen; 0.0010474808841991034
kategorienwohntextilienvorhängestehleuchtenwohnzimmertischedrucken; 0.0010394228220576452
passenden; 0.0010383361853200767
serie; 0.0010341387486732857
knopfdruck; 0.0010279156306694404
wayne; 0.0010254181285517916
erscheinung; 0.0010225216190747233
stabile; 0.0010060283303999994
rollrost; 0.0009624599225091402
ottomane; 0.0009575473596555639
saubermachen; 0.0009533240894370465
hält; 0.0009477112617105376
sitzplätze; 0.000944192624592688
morgen; 0.0009436441175466826
darüber; 0.0009409948602979057
zeichnet; 0.0009391199349693125
besucher; 0.000937899090740757
elegant; 0.0009284415995352901
h; 0.0009229528006017062
milla; 0.000911965640557355
attraktiven; 0.0009080738394686705
schaumstoffkern; 0.0009013790096105368
albero; 0.0008998619087833504
metall; 0.0008910043019795921
geeignet; 0.0008907492195703526
co; 0.000890469352702894
filialen; 0.0008824731525692187
raum; 0.0008752704061407712
