Wort; Durchschnittlicher Wert
beflockte; 0.05808723277841636
geschickt; 0.05779991968302056
minuten; 0.055974403712025375
hinweisbitte; 0.05478650215009111
geneve; 0.05201217046269448
fernsehsessel; 0.051935450432938526
dekor; 0.05137309347846895
einzelbett; 0.05099893081787741
charme; 0.0499237616386381
empfehlen; 0.04952013822621666
eignet; 0.048805985677608986
entgehen; 0.04859207148692803
lese; 0.04751970246143174
mars; 0.04741819717601174
übernachtungsmöglichkeit; 0.04713991297758184
feines; 0.04710754035477294
zeitloser; 0.04684092140814755
räumen; 0.046801764439442194
gästezimmer; 0.04656599599984475
grauen; 0.046198357771208974
mitgeliefert; 0.046010703063802796
einlasstiefe; 0.04534528064104961
kleinen; 0.045001013579809526
gradlinigen; 0.04497629896068247
ergeben; 0.04479102314908232
bettlade; 0.04431843465354177
rollrost; 0.043947995670168896
exklusiv; 0.043590454100922216
person; 0.04330393930358696
airbed; 0.043218190572224556
edelstahl; 0.04304139961168403
teilige; 0.04283973326055275
hautfreundliche; 0.04280273591648438
kippfunktion; 0.0426855625337339
doppelbett; 0.04220586101932895
wotan; 0.042000968222419034
verbreitet; 0.04172264072367397
bonellfederkernmatratze; 0.0414557966942084
zusammen; 0.041359573105000894
outdoor; 0.04055426001250453
glänzendem; 0.04008346649425221
funktional; 0.04002306212933036
geräumige; 0.039741802000207826
kabel; 0.039261663925208266
ausruhen; 0.039187483838031764
dezente; 0.03913695671949426
reparaturflicken; 0.03902132968287333
funktionelles; 0.03872614560277725
ausgezeichnet; 0.038688995731354224
puristen; 0.03867950248313719
