Wort; Durchschnittlicher Wert
stilvolles; 0.004521874125202885
weiß; 0.0034023244297713973
sieht; 0.0023426489660778316
beträgt; 0.0018659291975836822
optisch; 0.0017971936882531735
bereit; 0.0016378658444409667
handumdrehen; 0.0015366008741693805
zustand; 0.0014898695993906586
tollen; 0.0014653687796453597
zeitlose; 0.0013311617551153177
wählen; 0.0013026773267483804
einladende; 0.0012825997728214134
kombiniert; 0.0012774218923368608
passende; 0.0012697418416792062
ganzen; 0.0012613465026788616
pro; 0.0012610649114776606
bedarf; 0.0012545463026981452
onlineshop; 0.0012427475208824034
ansprechende; 0.0012340143112851364
maximale; 0.001227505698807363
linien; 0.0012156123757449677
einrichtung; 0.0012098450984922237
nierenkissen; 0.00117616495481343
doppelbett; 0.001175562199750857
erholt; 0.0011693015932905837
äußerst; 0.0011157241926412099
höchsten; 0.0011154292739320227
angenehmes; 0.0011137889981910122
ideal; 0.0011127139967356924
sitzbereich; 0.0011050899443034723
möglich; 0.001103113595763716
kg; 0.0010914936288827447
hinweisdieser; 0.0010909985430771485
zeigt; 0.0010862876254577713
trend; 0.0010802134923324047
zusammen; 0.0010789179892981338
bücher; 0.0010700143764552194
übernachtungsgäste; 0.0010668846131920873
darauf; 0.0010634715111791592
praktische; 0.001062862005073839
ausreichend; 0.0010624743521930214
maximalen; 0.0010501276155991945
bequeme; 0.0010435009141474439
abgestimmt; 0.001033395112699509
möbelix; 0.0010098731282369045
seaside; 0.000999948816465235
geht; 0.0009959902964965296
bringen; 0.0009934842062648385
bigsofa; 0.0009903765256979113
echtholz; 0.00098485971448099
