Wort; Durchschnittlicher Wert
anthrazit; 0.022382100306276697
fürs; 0.016859695662060404
moderner; 0.015521179122515605
ergänzen; 0.01496991930907825
maßen; 0.014451135120993542
schickes; 0.014083069663684
besitzt; 0.014007237846817589
passenden; 0.013753308216109872
look; 0.013742760503373575
holen; 0.013406877516308669
tonnentaschenfederkern; 0.013162327047029975
silber; 0.012946100528643001
perfekte; 0.012830535068860626
erhält; 0.012403313335380518
matratzen; 0.012285232720387285
topper; 0.012269611647934654
geltung; 0.012216366194206785
natürlichen; 0.01219885671744123
robusten; 0.011990650140796788
rahmen; 0.011970736811053938
stil; 0.011870563738466445
stellen; 0.011593778441601898
morgen; 0.011509354965528473
fernbedienung; 0.011492463992908597
form; 0.011438695547712995
webstoff; 0.011343563781338162
nie; 0.011320720483490731
bezogen; 0.011111931478808401
durchgehenden; 0.01093718907359289
robust; 0.010807828827091725
highlight; 0.010783248247207666
polsterbett; 0.010686682078812737
steppung; 0.010676148221318727
problemlos; 0.01061263638548553
einrichtung; 0.010275439709948842
mehr; 0.01027089388226159
graue; 0.010125741262709199
gleichnamigen; 0.009856827964540571
zimmer; 0.009590336057954119
kopf; 0.009502160104784708
konisch; 0.009388682470489584
mittelpunkt; 0.009306847528932849
schlafmöbel; 0.009191744125564583
bringt; 0.009135030758261563
kommt; 0.00911410147236893
fußteil; 0.009106986952974693
erfolgt; 0.009101513619316392
praktisches; 0.00904248560009364
weise; 0.008911209936195518
gutes; 0.008790922849948401
