Wort; Durchschnittlicher Wert
nötigen; 0.00582738473531208
besitzt; 0.005131498871196527
umwerfend; 0.004945878314174479
bonellfederkernmatraze; 0.004725881550484701
per; 0.004680624262255151
abnehmbar; 0.004627896361125749
visocschaum; 0.004204162656242261
hübscher; 0.004192513487669203
romantischen; 0.0041157983730954585
welt; 0.0040611999518660015
benötigen; 0.003960830009600613
spannvlies; 0.00393056889752188
braune; 0.003829979568217823
befindet; 0.0037691316996642855
fest; 0.0037686042949644618
cremefarbenem; 0.003746018507081317
würfelform; 0.0037344093287174475
schließt; 0.0037319043593015523
familien; 0.0036999102001573194
designt; 0.0035579286006395703
großartigen; 0.0035379186301724985
gemeinsam; 0.003436952112679137
komplett; 0.0034090406599716514
sondergröße; 0.0033752673945855348
hölzernen; 0.003375194190084585
üppig; 0.0033435048178944273
mara; 0.0033282067179243313
grauso; 0.0033130309354419294
kingsize; 0.003309690629612305
alma; 0.0032805422806632123
doppelt; 0.0032629122222715525
maine; 0.0031846128760662394
reich; 0.003151965153301717
acht; 0.00314628045664449
manuelle; 0.003114609856675088
körpergewicht; 0.003114334782867445
flächenelastizität; 0.0030720522905539837
bonellfedermatratze; 0.003071497338169138
mittelweich; 0.003066108035272919
kontinentalmatrazedas; 0.003051791984398733
aufbewahrungs; 0.003040099390818796
suite; 0.002979285672336118
wohlfühlprogramm; 0.002977101955366379
strapazierfähiger; 0.002965026605306775
zubettgehen; 0.002951215847861022
stütze; 0.002933937054467606
feinabstimmung; 0.0029188691481977004
sonntagnachmittag; 0.002917240134684107
esposa; 0.0028866579044915853
ganzen; 0.0028779247564671095
