Wort; Durchschnittlicher Wert
marke; 0.026406595000298693
schnell; 0.026114151571800904
bestens; 0.025523777288617565
ab; 0.025087457097833978
komfortables; 0.024946754681877792
egal; 0.02487116795964539
macht; 0.02456039369571954
nichtgebrauch; 0.02380249646957964
gemütliche; 0.0236486356909154
platzsparend; 0.02321562047000043
verstaut; 0.02314344765036367
dank; 0.022866202094883194
bequeme; 0.022257833371986634
ideale; 0.022000296390615404
anbieten; 0.021699680446181445
ganze; 0.021506336628226562
drei; 0.021416645839053672
gerade; 0.02113691861159168
hinweisdieser; 0.020950077228189912
integrierten; 0.020837985334219412
schlafkomfort; 0.02069340399466455
schon; 0.020651138784887734
spontane; 0.02043238432670478
äußerst; 0.02013750922633335
gemütliches; 0.019911494084226433
besten; 0.0194439017213881
liegen; 0.019266963233530988
gibt; 0.018649248115252703
praktischem; 0.018559686247681385
entspannen; 0.018542902173066977
schlafen; 0.01838046213086386
rundet; 0.01827285661129281
kunststoff; 0.01804328021244146
übernachtungsgäste; 0.017380214280274232
lädt; 0.017329780754516834
perfekt; 0.01698203379783081
jederzeit; 0.016947274329140782
top; 0.016821605892619117
flexibel; 0.016676144968369045
übernachtungsbesuch; 0.016555042372783647
verfügung; 0.01638523241272196
handumdrehen; 0.016342412016820164
unterbringen; 0.016284523482318035
benötigen; 0.016275537581532263
bringen; 0.016218313222634607
erhalten; 0.016132293693954126
praktische; 0.016130417468775703
angenehmen; 0.01608539031003602
bedarf; 0.01606894909928087
aufgrund; 0.016042331617791207
