Wort; Durchschnittlicher Wert
buchenholz; 0.05834961768850917
sitztiefe; 0.05461263104516547
pölstern; 0.04943569505121559
livetastic; 0.04717038236994995
fußhöhe; 0.04688228282248019
bringt; 0.04654320576955797
lieferumfanges; 0.04643180704442784
verloren; 0.046401009103283285
zugabe; 0.04575990810699295
hochwertigem; 0.045504562999121846
robuste; 0.04550306050805375
juist; 0.04545560956757981
linien; 0.04482150365947746
mikrofaser; 0.04446110012067948
kontrastfarbene; 0.04419109062291682
nieten; 0.04307351663010195
feinen; 0.042977159610018134
matto; 0.04297060432727449
geschmückten; 0.04283217432675883
nylon; 0.0423014989013609
prakitscherweise; 0.0419808738399297
thomas; 0.04170403081807308
kopf; 0.04121746897289995
paketspezifische; 0.040829037236608204
belastbarkeit; 0.04011720696435077
kuschelecke; 0.040051286853849885
zustellung; 0.04002625650027767
diejenige; 0.039973290552734395
erholsamer; 0.03973905645689228
living; 0.03946708205039613
bedürfnissen; 0.039324649176160166
verspricht; 0.03882796394245815
ausführung; 0.038761141392751594
hellbraun; 0.03875444910081569
paketgewicht; 0.03856209266814403
ausladenden; 0.038283998210681604
selbstverständlich; 0.03799569523835089
liefertermins; 0.03788813467836007
park; 0.037565425084903833
bordsteinkante; 0.03731866483576596
kontaktieren; 0.03723420609021559
kghinweisdieser; 0.037046890656347385
spediteur; 0.03700413625701913
garnitur; 0.03698847252817359
verbringen; 0.03675494236231316
eindrucksvolles; 0.036657542618922886
harmonisches; 0.03665641028601385
informationenpaketgröße; 0.03652281850227155
edel; 0.0364910226810025
option; 0.03619112261803821
