Wort; Durchschnittlicher Wert
farbton; 0.25255823430779856
misst; 0.24371502376743592
ordnung; 0.24280411607469432
silber; 0.22059235716005787
rollroste; 0.22055254915903788
geradliniges; 0.21738508419366553
holen; 0.2157739108952228
dauerschläfer; 0.2057113298214972
wände; 0.20267913012503413
nosagunterfederung; 0.2017172647319967
einrichtung; 0.19712284011620795
schlafen; 0.1964475193308317
rahmen; 0.19264789602311794
naturfarben; 0.19187884297571145
eiche; 0.189961253257934
eyecatcher; 0.18992172528089668
voraussetzungen; 0.18989942007465288
matratzenhöhe; 0.18910637999942992
augen; 0.18867661972763017
möbelstücke; 0.1871754568128381
verräumen; 0.1859486451430712
edlem; 0.18588134183664806
komplettieren; 0.18566865145112388
puren; 0.18545962974894792
wangenform; 0.18467743971268646
samtbezug; 0.18456332596906577
greige; 0.18187182454857975
platzangebot; 0.18117052338493522
hochwertige; 0.18116096055018716
unterschiedlichen; 0.17912211965449387
darauf; 0.17824273751466535
stärke; 0.17804198745579924
boxspringsofa; 0.17716299259336665
später; 0.17675374009922962
wohnambiente; 0.17665447131730616
füßenstilvoll; 0.17559263808652759
beides; 0.17449599303654395
kiefer; 0.174155601329403
fürs; 0.17359531637339387
kiefernholz; 0.17359203362138942
gefallen; 0.1730943889306218
formschönen; 0.1730539736454375
wiederum; 0.17295809625647962
angekündigt; 0.17274795642879326
rückenpölstern; 0.17233472788939252
jeglichen; 0.17188895493745804
schickem; 0.17057246844160545
pflegemontageanleitunghinweisstoff; 0.17021749223931693
haushalt; 0.16984217628260012
abnehmen; 0.16940700999111868
