Wort; Durchschnittlicher Wert
schicker; 0.03644155834626872
hochwertigem; 0.03601822690034169
fürs; 0.035092130758494024
wohnung; 0.03433646837802371
mehr; 0.021770531553192994
schafft; 0.018528824669192544
angenehme; 0.01811023863228911
schickes; 0.017895749541639815
durchgehenden; 0.017620115463796538
fernbedienung; 0.017397975083440542
erhält; 0.0173481127472769
stellen; 0.017212291251053103
form; 0.016862060761195608
besitzt; 0.016837697208393364
passenden; 0.01673428904323373
natürlichen; 0.016506770668638638
highlight; 0.016389947358402424
rahmen; 0.016271297304774633
webstoff; 0.016252173628890886
holen; 0.01621999999770196
robusten; 0.01609967829135712
ergänzen; 0.015774247905937955
per; 0.015564105107046089
nie; 0.015522730179509382
tonnentaschenfederkern; 0.015422355971531942
topper; 0.015290090083726681
morgen; 0.014868855167151196
perfekte; 0.014851789342355915
silber; 0.014759588931337931
problemlos; 0.014678589082905091
schaffen; 0.012952929177117767
rundum; 0.012499108971678653
pur; 0.012021319163250156
bereits; 0.011444515389302978
lässt; 0.010993619647342712
höhe; 0.010735791847400833
wahl; 0.010488941520452499
verbringen; 0.010115871862319636
schlafen; 0.009153421316295863
graue; 0.008412676212901714
größe; 0.008384785418456886
preis; 0.008150280748668592
platz; 0.0081150274592801
harmonisch; 0.007717547737229324
maßen; 0.007689253973512678
look; 0.00759627242687202
moderner; 0.007219666385935852
gestell; 0.007211441223262227
gästezimmer; 0.007198237481861725
kontaktieren; 0.007047237081133062
