Wort; Durchschnittlicher Wert
weiß; 0.02945283469016431
stilvolles; 0.025224393160169712
sieht; 0.017462061074911616
wählen; 0.01614151288813446
optisch; 0.01599248609600181
belastbarkeit; 0.015619965854421025
dunkelbraun; 0.014063351818549563
ebenso; 0.013343280967092142
zeitlose; 0.013015649246881367
gepolstertem; 0.01258673523007019
hellgrauen; 0.012451807847537567
einrichtungsstile; 0.012297609333472792
zeitlosen; 0.01214575157573563
hellgrau; 0.012074042162566911
maximalen; 0.011770899545808788
zugabe; 0.011732686547475168
viele; 0.011732063321687747
entscheiden; 0.011674625332670985
korpus; 0.011594028161198366
durchdachte; 0.011565634284852421
stauraum; 0.011538854509126395
rund; 0.011383139362806105
möbelstück; 0.011130194616271183
erfüllt; 0.010925735257842462
trifft; 0.010907585406312138
gäste; 0.010784654796589166
menge; 0.010727792107627466
klappbett; 0.010049562389031052
verstellbar; 0.00993167398719379
gesamtbreite; 0.009593342368316372
auswahl; 0.009298160586240556
inkl; 0.009296864978387021
wichtigsten; 0.009223713098617737
juist; 0.009188477619318292
mikrofaser; 0.009110276581850485
farben; 0.009064662411401515
ausgestattet; 0.008979671163251624
option; 0.008961152287702135
steht; 0.00868227436003508
wenigen; 0.008635996044904459
weiteren; 0.00859709072028636
härtegrad; 0.008476113600681855
blick; 0.00839160484574677
großzügiges; 0.00829983527364675
bezug; 0.008246889858855865
polyester; 0.008176536537939682
handgriffen; 0.008012294547006605
gepolstertes; 0.007912276193746948
erholsamen; 0.00767959981567401
stilvoll; 0.007509799959370867
