Wort; Durchschnittlicher Wert
macht; 0.02274246397719253
bestens; 0.022164310509106146
egal; 0.020278772193364603
anbieten; 0.018974115069431717
ab; 0.018083197272289908
ideale; 0.017443688980711157
gibt; 0.017387933224381414
schnell; 0.01659358638789854
perfekt; 0.016299891348171513
flexibel; 0.015959068546362688
angenehmen; 0.015903760977380443
unterbringen; 0.01587769292309531
luftbett; 0.015509718910470838
jederzeit; 0.015383096195819235
verstaut; 0.015349150208930951
wünschen; 0.015303908754867734
platzsparend; 0.015133170588524082
nichtgebrauch; 0.015110068088688422
erhalten; 0.014949785928911297
benötigen; 0.014665654793498106
blau; 0.014603704123874194
material; 0.014462904435276869
nu; 0.014386571400154934
neben; 0.01431082826675265
aufgrund; 0.014206599179306067
schwarze; 0.01414444715337595
runden; 0.014016669761622325
polster; 0.013741760624179733
bringen; 0.013603985463487334
dafür; 0.013513268993938255
nutzen; 0.013413312893226248
drei; 0.013311780998628819
verfügung; 0.013253424644062761
komfort; 0.0131150683812848
lange; 0.012944447057088837
übernachtungsbesuch; 0.012823347823268706
pumpe; 0.01280827477821731
langen; 0.012661426274371479
besonderen; 0.012616570944373962
freuen; 0.012528235923673492
gleichzeitig; 0.012510121527157025
stabilität; 0.012361893990009776
breite; 0.012314039803459308
ganz; 0.012262825561629142
übrigens; 0.012257158287684432
grau; 0.012204192960052752
gemütlich; 0.012172130527272174
marke; 0.012141248076295597
lädt; 0.01214015099194512
kunststoff; 0.012074679866054793
