Wort; Durchschnittlicher Wert
anthrazit; 0.023948707577801542
wohnung; 0.019428728126513306
schicker; 0.018933247971654056
matratzen; 0.018352409160434034
zuhause; 0.018188611606819904
schafft; 0.01760982734431309
hochwertigem; 0.017605922593793365
bringt; 0.016834580247450503
moderner; 0.01654928796524473
wohlfühlen; 0.016037487617722945
fürs; 0.016018883215565438
maßen; 0.01600464743496559
gleichnamigen; 0.01557516184125234
angenehme; 0.015297759491841135
stil; 0.014813715171203511
robust; 0.014529328067874303
einrichtung; 0.014269285192858661
raum; 0.014123063236183953
tonnentaschenfederkern; 0.013780618082364526
morgen; 0.013628773817254114
silber; 0.013555877921135107
durchgehenden; 0.01349803962657461
stellen; 0.013460306436900282
perfekte; 0.013458052622081596
webstoff; 0.013429594040144367
holen; 0.013288379604910005
highlight; 0.013117256708210335
topper; 0.01299930831810343
albero; 0.012792390733375214
dekorative; 0.012520971805497539
robusten; 0.012410029220700381
erhält; 0.012242531249376043
form; 0.011926283856064401
passenden; 0.01176904138824284
fernbedienung; 0.0116098175974912
problemlos; 0.011538680114608724
ergänzen; 0.011398788843962393
rahmen; 0.011387697330337686
natürlichen; 0.011323600987179817
schickes; 0.011291268473587478
gästezimmer; 0.011285573989880504
erleben; 0.011074103149258007
serie; 0.010967889742460102
mid; 0.010944726365414681
maximale; 0.010879295866106985
modernes; 0.010784643921942916
nie; 0.010587916617805605
schaffen; 0.01056475242221495
kinderzimmer; 0.010543415215215646
optik; 0.010471429163590073
