Wort; Durchschnittlicher Wert
bessoni; 0.1930505219497718
luca; 0.18101954022131395
möbel; 0.17522342933807522
perfekte; 0.17506385582964867
komfortables; 0.1614024662412703
schlaffunktion; 0.1602243420202285
lösung; 0.15669388440437615
bequemen; 0.152310709701851
stabil; 0.15108103171223775
große; 0.14857890791608952
nosagunterfederung; 0.14709108998067677
passt; 0.14673924825910944
oberfläche; 0.14636436876025982
hellgrau; 0.14565611991565675
höchsten; 0.14487813343293965
sitzen; 0.14470502379390382
platzsparend; 0.1436503641307354
gemütliches; 0.14362879886175506
garantiert; 0.14298373134806752
schlafplatz; 0.1429429067648016
bestway; 0.14263604150619358
sitzgelegenheit; 0.14095500868279487
look; 0.14060418862663937
pumpe; 0.14047094527631998
setzen; 0.14023016043938696
gleich; 0.13914916562498547
übernachtungsgäste; 0.1389185986481607
massiver; 0.13810126611497253
kleinen; 0.1380068768048659
gemütlichkeit; 0.13793547225941438
viele; 0.13625850854441524
bieten; 0.13514444322208874
per; 0.13418836881464813
sitzmöbel; 0.13415065209846944
luftbett; 0.13410664582625031
großzügigen; 0.13245851162355393
freude; 0.1324274018406868
kombination; 0.1321636794623373
lassen; 0.13208313623908907
wünsche; 0.1320533386315219
schlafsofa; 0.13177431544318097
gefertigte; 0.12943955534137785
kategorienwohntextilienvorhängestehleuchtenwohnzimmertischedrucken; 0.12922259280458093
komfortable; 0.12893798050936311
wohlfühlen; 0.1284312731877435
zusätzliche; 0.12825892012551776
armlehnen; 0.12762453968753107
entspannen; 0.1269251430639997
bestens; 0.12671237508766353
edle; 0.12666181660279108
