Wort; Durchschnittlicher Wert
große; 0.19389174925163388
polyurethanschaumkern; 0.18000481696799397
großzügige; 0.16281095730664674
extra; 0.1591135086491704
lattenrost; 0.15672164713032544
liegen; 0.1527483551762998
außerdem; 0.15117380628362298
nachtkästchen; 0.1510151526890695
komfortable; 0.14972312794998288
vielen; 0.14850426133489236
flair; 0.1435118056833744
zuhause; 0.14180342014878988
schwarzem; 0.1415800480172038
bezogen; 0.14026931184343994
integrierten; 0.1398637150414288
attraktiven; 0.13977744872681797
familie; 0.13957917410880327
kategorienwohntextilienvorhängestehleuchtenwohnzimmertischedrucken; 0.13924254453741014
hält; 0.13896579679567367
klaren; 0.1383714466355741
zeitlose; 0.13813958619721234
pillingbildung; 0.1372950772056356
wohnlandschaft; 0.1370808823266998
handumdrehen; 0.1357004982419312
tag; 0.13552897702902555
abgerundet; 0.13446976244449615
rückenkissen; 0.13398642026004381
träumen; 0.1337256021797657
praktischen; 0.1336534337606281
lederoptik; 0.1336328114848584
farblich; 0.13348142383620143
massiver; 0.13313875603489578
eignet; 0.13287084677722305
übrigens; 0.13059380848426372
bereit; 0.1302299381350167
kleinen; 0.13002397934906185
entspannte; 0.1297878068871796
besonderheiten; 0.12957396358251572
gepolstertes; 0.12922309711575508
breite; 0.12878492660820484
schwarz; 0.12862959899939597
modernen; 0.12809949787333608
jeweils; 0.12777658854611218
sitzkomfort; 0.1276152313221246
echtholz; 0.1275433818809688
zubehör; 0.12753493431955576
polstermöbel; 0.1272913955617696
ausstrecken; 0.1270584212616086
natürlichen; 0.12691749865189195
form; 0.12688930952572264
