Wort; Durchschnittlicher Wert
perfekte; 0.09438815386965871
sechs; 0.08977587055414915
angenehm; 0.08241924224421382
zusätzlicher; 0.07906277081929147
kiefernholz; 0.07700312417000532
breite; 0.07673213281668723
verhindert; 0.07600496814120561
standfestigkeit; 0.07505167066119611
schlichten; 0.07480685645714402
schaumstoff; 0.07365383021533489
verschiedenen; 0.07320362376049161
rollen; 0.0725950226187706
hingucker; 0.07236965373158455
sitzer; 0.07209157769102603
zusätzliches; 0.07162891421467066
entspanntes; 0.07143699331209064
sowohl; 0.07138062012381852
gemütlichen; 0.07110547926276922
fernsehen; 0.0708811180666089
je; 0.07063317019492388
insgesamt; 0.07050306489691138
verstauen; 0.07022121036425233
mehr; 0.07014902029186487
großzügigen; 0.06948760291561484
bieten; 0.06919392384588718
außerdem; 0.0691706296056509
infos; 0.06901704357005656
allein; 0.06887380869011395
lattenrost; 0.06851284578442574
hält; 0.06826913822442293
filiale; 0.06822705190279521
schlafsofa; 0.06796455290168524
praktischen; 0.06789622781798244
ausführungen; 0.06771087781817187
weichen; 0.06719462107867002
oberstoff; 0.06629051687195897
beträgt; 0.06586007261648774
blick; 0.06553124962374568
allerhand; 0.06519585783826187
gestalten; 0.06501341192051768
skandinavisches; 0.06494537441176362
ordentlich; 0.06485017528757453
geschmack; 0.0648339013569057
materialfarbe; 0.06373879336751997
entscheiden; 0.06370368506759405
komfortzone; 0.06367462244816124
kieferfarbenem; 0.06366816913941875
holzdekor; 0.06325968960300088
breiten; 0.06325023528188467
energiereserven; 0.06300205201841891
