Wort; Durchschnittlicher Wert
dezentem; 0.01966187290599919
gepaart; 0.018540979697718285
kojenbett; 0.018182688325396157
schräg; 0.01700406733289128
wohnraums; 0.016535336399101652
helfen; 0.01643862442142563
begegnungszone; 0.01642807060670748
verräumen; 0.01628960817015468
auffüllen; 0.01516591966355918
malaga; 0.015024007176180021
raumbedarf; 0.014713498040237027
farbkombination; 0.014644655524534755
kombipolsterung; 0.014477056509349495
pyjamapartys; 0.014412000349693699
obendrein; 0.014370788750966312
raffinierten; 0.014329632969747763
v; 0.014069104434383917
jugendzimmern; 0.01372512385387381
egal; 0.013599314723251155
einfügt; 0.013565341523644747
modernen; 0.013393824519880582
variieren; 0.01321163394186442
gleichmäßig; 0.01310731026751455
seitlichen; 0.013101518552502966
jugendzimmers; 0.012955735357536469
angestellte; 0.0128526987737132
arezza; 0.01277895341081603
kgzustellungdie; 0.012714633156065247
cmsitzhöhe; 0.012646569035496213
hautfreundliche; 0.012589018633661908
wohnraum; 0.012421175533745554
imposanten; 0.01239226596953813
gasdruckdämpfer; 0.012334085862676147
unterzustellen; 0.012242059428899665
nightline; 0.012238558101671515
herzenslust; 0.012198077052289591
durchgehender; 0.012153793120887713
bonellfederkernhärtegrad; 0.012111310289128596
alaska; 0.012103158220270416
ausgedehnte; 0.012027355951431673
schlafens; 0.012008449849417957
holzfüße; 0.011991993080300745
linken; 0.011964044933847617
mittel; 0.01189081425832228
ja; 0.011876868602939794
reißverschluss; 0.011833593907795148
zusammensein; 0.011767510830395622
fächern; 0.011759995948523283
facher; 0.011758731277950574
gesellige; 0.011758363121771254
