Wort; Durchschnittlicher Wert
duos; 0.07448852341622114
scalea; 0.06772426422685385
vintage; 0.06473899399861693
aufkommen; 0.05624009110033512
format; 0.05374164994282182
genießerpassend; 0.05361993587575853
lenkt; 0.05280006490647793
ausladender; 0.05078732722904533
kieferfarben; 0.04799631517380476
futonbetten; 0.047721663024276495
bietende; 0.047361649572849274
steht; 0.046659525542054325
samtoberstoff; 0.04651164368260652
zustellung; 0.04616263536445331
japanische; 0.04599515936570242
unterzustellen; 0.045968279242515564
geschmackvolles; 0.04564950615167618
himmel; 0.04426367278210819
plauschabend; 0.04403544240631163
kindes; 0.043991250451654196
dachschrägenzimmer; 0.04371820337837562
bevorzugt; 0.04359354441839969
entsprechen; 0.042754377238452435
wohlverdienten; 0.042328849482146325
fliegen; 0.04224641672044527
hr; 0.041727255604200764
schlanken; 0.04089006735011935
charlietown; 0.04014586971607059
stoffkatalog; 0.03952459609718062
klima; 0.03950331825762987
einrichtungsergänzung; 0.03931731963530183
frischem; 0.03921054509555688
effekt; 0.039064597454853356
spürbares; 0.03905715886503458
bettenbreite; 0.039021124597638845
ursprünglichen; 0.03860841051209718
liegefunktion; 0.0382986047770828
farbtöne; 0.03826023731380701
konisch; 0.03822974720969796
enthalten; 0.038038563914597034
passgenaue; 0.03792631858959794
märchen; 0.037609245628118515
knappen; 0.03727630122739356
beachten; 0.03722617248422466
extras; 0.03702844692452345
üppig; 0.0369538675295189
stockholm; 0.03677176081816924
punktelastisch; 0.036004330147989094
echtholzbett; 0.03599825219498598
lieferumfanges; 0.035591805550211575
