Wort; Durchschnittlicher Wert
t; 0.34502762582269497
finden; 0.26963426591828465
sorgen; 0.25927363475057064
nosagunterfederung; 0.25403259589802474
werden; 0.244033396942541
bequeme; 0.24394205189310014
viel; 0.23839513189159334
ombra; 0.2349614545237273
oberfläche; 0.23371098889037967
luca; 0.23222030710894614
ambiente; 0.2306364239193499
zweisitzer; 0.22955661523155868
massivem; 0.2244897523196414
hinweisbitte; 0.22408988571260124
möbel; 0.22347869630903006
guten; 0.21923464885912836
marke; 0.21918465942144394
verschiedenen; 0.2184042008011602
schlafsofa; 0.2174460805254057
sehr; 0.2168148193450179
kombination; 0.21599066417547874
form; 0.215703901136294
perfekte; 0.21369292633607984
bessoni; 0.21301931305788457
verwandeln; 0.21257716795662418
nacht; 0.21237166809441987
sitzhöhe; 0.21181272366084158
neben; 0.2115995567291975
liegekomfort; 0.2108664931729436
sitzmöbel; 0.21081462944857776
serie; 0.21042748653962917
übernachtungsgäste; 0.209564640535973
alles; 0.2082189111970365
taschenfederkern; 0.20258307579206303
gemütlichkeit; 0.20154939754866064
kategorienwohntextilienvorhängestehleuchtenwohnzimmertischedrucken; 0.20113121045869775
wählen; 0.20107547083171085
komfortabel; 0.2010424187174067
sitzfläche; 0.20055073162075132
eleganz; 0.19864069466711953
schon; 0.19737256053485908
echtholz; 0.1962378304451704
füßen; 0.1948133589758072
möbelix; 0.194496093201451
bestway; 0.19417038606479764
korpus; 0.19282826618291438
kleinen; 0.19027607096359134
freude; 0.18999847304075956
schlaffunktion; 0.18898468199768104
zeitlose; 0.18873219448141754
