Wort; Durchschnittlicher Wert
boxhöhe; 0.14679545714170672
verzierten; 0.12792564144183416
komfortschaumkerns; 0.12365829263580963
reich; 0.11802584491670132
c; 0.11761528899660334
gleichmäßig; 0.10918055102229118
versetzt; 0.10767348518129438
zusagt; 0.10538205837656278
verteilt; 0.10370892728678882
springt; 0.10364704765379429
gekommen; 0.1032988055376336
missen; 0.10327080945717171
spannende; 0.10260558396112174
himmelbett; 0.10210757559980266
hervorragenden; 0.10197455270099454
unvergleichlich; 0.10188216005917639
abendlektüre; 0.10133681236766279
schenken; 0.10118895896812319
zonen; 0.10075374972075224
domino; 0.10062304323218996
schlafhimmel; 0.0999500802718103
hölzernen; 0.09962815442122519
will; 0.09613028774037957
tacoma; 0.09592123489710502
ersatzdecken; 0.09557702438905835
tagesgeschehen; 0.0950465394416824
bettet; 0.09497628120880108
maschine; 0.09285497409291565
vielfalt; 0.0923342438909458
tonnentaschenfederkernmatratze; 0.09219291672343388
boxspringbetts; 0.09203584148781374
granada; 0.09184730960987508
kontinentalmatratze; 0.09173520591502893
vorprogrammiert; 0.09132480795960873
anderes; 0.09107318450696766
einmaliges; 0.09015461674425751
punktgenau; 0.08880402974318713
munter; 0.08854219992645085
starke; 0.08829122653696686
unterkonstruktion; 0.0873497988213785
liegeerlebnis; 0.08708804886555299
visocschaum; 0.08681970462203026
siebenten; 0.08653179963221191
komfortschaum; 0.08587922248989344
erholen; 0.08518948457640363
vz; 0.08481805223709671
parole; 0.08468235319014639
zimmern; 0.08426369741937378
schlafs; 0.08419199765194207
wohlig; 0.08399678540445166
