Wort; Durchschnittlicher Wert
vergangener; 0.018438505139783956
krönt; 0.01809729103661084
ebene; 0.017510194697024417
echt; 0.01693553599216102
kojenbett; 0.016670927786890388
karlo; 0.016499501293765206
feuchten; 0.016099801790460333
nächtegenießen; 0.01535580272320658
farbkombinationen; 0.015210685155125248
dazu; 0.015069699671585113
ausgewählt; 0.014613140479468711
diejenige; 0.014468952886090847
polyurethanschaukern; 0.014252030639909208
welche; 0.014001591167470906
sitzpolster; 0.013868585266322953
sich; 0.013843481730873464
taschenfederkernmatraze; 0.013825467583956197
können; 0.01363137718226426
übriges; 0.0135270739419866
caminodas; 0.01336350746350945
strahlt; 0.013165681256282369
verwandeln; 0.013077718245767755
viersitzers; 0.013050069155724486
profitieren; 0.012927202842547558
grauen; 0.012896818951958267
behagliche; 0.012862855118164873
fernsehen; 0.012852701995143434
groß; 0.012624842296645511
enthaltenen; 0.012504334295954322
einsatzmöglichkeiten; 0.012487102532759309
anzubieten; 0.012425164117303211
folgt; 0.01232677216103184
übernachtungsgästen; 0.012197997264593141
klappbett; 0.01209743647268624
organische; 0.012042442708434464
velours; 0.012035201302751375
flexibles; 0.01197523136579548
tag; 0.011965150197283947
kleine; 0.011835860176688584
ersatzdecken; 0.011825895091533312
stone; 0.01179113464081638
aber; 0.01178432929009432
kieferfarbenen; 0.011739966495952103
fliegen; 0.011642037949059159
merano; 0.011625113627815153
bietet; 0.011562051264263573
wohnräume; 0.011535441495652776
einzigartiges; 0.011504399752993777
hinweisneben; 0.01148604015293131
gemacht; 0.011481665875180624
