Wort; Durchschnittlicher Wert
überzeugende; 0.1105119684652891
variieren; 0.08798295847373083
spielzeug; 0.0790485822071787
arezza; 0.07713121682172641
lenkt; 0.07670755794970319
lücke; 0.07600931633714936
steigen; 0.07446487434208393
dicken; 0.07412654171639588
spontaner; 0.0734700036700815
platzbedarfgenießen; 0.07267541863257065
akazienholz; 0.07062229586881585
regi; 0.06904261966701597
sicheren; 0.06819410214666277
komfortabler; 0.06803366734675365
märchen; 0.06794780376367271
taschenfederkernmatratzegönnen; 0.0666765937639866
genießerpassend; 0.06656986830057576
ausgezeichnetem; 0.06617081601871178
silberfarbenden; 0.06501696814666502
tüll; 0.06501102994661778
entführen; 0.06425491674417572
umrahmt; 0.06293803749940707
antoni; 0.06270956608932465
einkuscheln; 0.06156764322076924
verhilft; 0.06083594817027915
aubergine; 0.0606493570303428
chices; 0.05926077801268548
stöbern; 0.05857590649975464
zuunterst; 0.058552466303808615
mitbringt; 0.05823277810122818
komfortschaum; 0.05584393854951486
fehlende; 0.05496329645393416
verwöhnt; 0.05493105281766475
taschenfederkernmatraze; 0.05475402844604105
vorlieben; 0.054532061311419966
schlanken; 0.053705085068941116
lagos; 0.05324195860885084
imposanten; 0.052929117882740684
auszubreiten; 0.052432945638429374
zierliche; 0.052386348601430655
sternen; 0.05232554191024974
abziegen; 0.05127695668488741
komfortvorzüge; 0.05105402902700007
anthrazitfarbenes; 0.05091572689707391
liegefunktion; 0.05070557474391535
beiträgt; 0.05066766295931302
beeren; 0.050388268537062686
graues; 0.05024458339903504
beinregion; 0.05021301409578882
abmessung; 0.049659329699352384
