Wort; Durchschnittlicher Wert
braun; 0.3445144701836398
erholsamer; 0.3347338138046325
worauf; 0.3268043016141746
rollroste; 0.3206152263446711
trendsetter; 0.3029126292640285
reißverschluss; 0.2981167108664522
maschine; 0.2926946342558949
ausklappen; 0.29196356763713993
fest; 0.29160721280049984
livetastic; 0.2799988019760349
boxspringbettes; 0.2742097186492174
c; 0.27260692963318434
hellbraun; 0.27065451959788334
lackiertem; 0.2692936798264327
zonen; 0.2684881368331844
bringt; 0.26715163608787407
zweit; 0.2627884008416004
erleben; 0.2620068338019337
kindes; 0.2597062518761959
gewaschen; 0.25625701933313394
da; 0.2533897886823979
hochwertigem; 0.25287196646377197
viscoschaumkern; 0.252849014419553
verbirgt; 0.25154461392230587
schlafgefühl; 0.25010562955139903
besitzt; 0.24902443225073512
holen; 0.24753442005021498
gewicht; 0.24627104151295498
geöltem; 0.24559397738266853
hellgrauen; 0.24429704632348148
holzdekoren; 0.24355456451303326
komfortschaum; 0.24327769705996616
vergessen; 0.24246667401257582
großer; 0.24193815053581602
verspricht; 0.24102772119840665
kilogramm; 0.2407539221821935
nierenkissen; 0.2406088947027456
boxhöhe; 0.24023909971947432
komforthöhe; 0.24014078394975513
zugabe; 0.23891616594482912
wahres; 0.23816620161233004
reich; 0.23696179658873007
tipp; 0.23603504244238138
neinlattenrost; 0.23571434560290072
besonderheitenlattenrost; 0.2351828858954832
bedürfnissen; 0.23302204977881047
robuste; 0.23256295870851318
basis; 0.23108284477802954
kern; 0.22973433366860263
nylon; 0.22886806727183284
