Wort; Durchschnittlicher Wert
ja; 0.02866316950530745
zaubern; 0.027792258544650394
relaxen; 0.027209135327211698
zuhause; 0.026843212981475517
schlafbereich; 0.025968935893615708
blick; 0.02522290374054137
integration; 0.024788838822132675
havanna; 0.02437565691070631
sitzflächen; 0.023903811466880143
fühlt; 0.023651043011341244
flexibles; 0.02363229767070152
reden; 0.023525560027337633
wohlfühlinsel; 0.023375094402581453
kopfstützen; 0.023128282664401922
carisma; 0.023095829063095152
marlene; 0.022938636073376983
falco; 0.022931833169423044
wohlfühlen; 0.0227109290426597
arm; 0.022103515510025318
himmelblau; 0.022087376244599
zweckmäßige; 0.022080421913415194
ombra; 0.0215053733681998
erstrahlt; 0.021492763829883188
pflegeleichten; 0.021180886164756885
m; 0.021088809036882594
k; 0.020952970617145183
sitzen; 0.020900741936202394
grauem; 0.02077509689843282
spielbett; 0.020481103434576653
fulton; 0.02040084620239213
ottomane; 0.02021609031362459
format; 0.020197449881379725
spontane; 0.020178745369776152
nachtkasterl; 0.02003231053822674
armkissen; 0.01968824351206422
gewachsten; 0.01953945166314952
glänzt; 0.019344858766999096
charme; 0.01929029301390983
lattenrahmen; 0.019208777113817632
metallgestell; 0.019170529732946306
jakarta; 0.019134561822284013
schlichter; 0.01912622293457389
geschickt; 0.019079192250501364
unschlagbaren; 0.01895006000995636
wunsch; 0.018870323940063827
täglich; 0.018832109688446508
ausgiebig; 0.018778276982629905
diesen; 0.01872288461891003
anzubieten; 0.018500207879696973
ausstrecken; 0.018349066389419022
