Wort; Durchschnittlicher Wert
elektrischen; 0.023487522008508677
fernsehsessel; 0.022679412162688095
größen; 0.020523587056231918
bari; 0.020521668719993613
sprössling; 0.020176719042865443
plaids; 0.01972654476594471
fühlt; 0.01969141650442907
hautfreundliche; 0.01957201560071553
zahlreiche; 0.019300160916827735
verbunden; 0.01886240218163948
dezente; 0.01805204519041581
clipso; 0.018012094533332856
raumes; 0.0178181771771051
gehüllt; 0.017779491879991838
kieferfarbenen; 0.017597482965356903
modernem; 0.017594055703739286
nachtkasterl; 0.01758569601952331
nichtgebrauch; 0.01751447877541068
verschwinden; 0.017404179143341025
fach; 0.01737058507205802
mega; 0.017188028252348886
juist; 0.017130350061052013
schiebetür; 0.01706605296590169
lese; 0.016907022882151068
vorzügen; 0.01688551656479831
montageanleitungdrucken; 0.016832410679853638
mitgelieferten; 0.01682019890722586
bedürfnissen; 0.016632532384392107
geneve; 0.016545799260711647
stoffbezug; 0.016362030502932612
holzdekoren; 0.01631742210702214
rosa; 0.016274172558041755
bewahren; 0.01614461339158879
einfachen; 0.016076262863862212
tasche; 0.016052849265179248
robuste; 0.01601871839920932
kopfteilen; 0.016017148500395706
flexibler; 0.015987735787348356
till; 0.015713967802184925
dichtet; 0.01545846389944927
wo; 0.015422397937072674
abgebaut; 0.01541057594204176
hogan; 0.015349224075180246
maximale; 0.015335825610236498
hochlegen; 0.015310200455132872
eingebautem; 0.01527199217252928
gästebereich; 0.015131908920011483
liegesofa; 0.014857842032142798
genutzt; 0.01475809018666041
komforthöhe; 0.014752466999198077
