Wort; Durchschnittlicher Wert
braun; 0.3947877213504398
lieferunglieferhinweislieferung; 0.38257902432087576
zonen; 0.33518183795240475
zugabe; 0.33277338285552105
uns; 0.3259403748452314
maximale; 0.32433853785914835
bringt; 0.32090337182671647
rollroste; 0.3205145953252213
reißverschluss; 0.3204821604886092
kilogramm; 0.3192550358653534
fest; 0.3183076497662114
liegt; 0.3156433032345376
hellgrauen; 0.3129102995444555
mid; 0.30905652437650133
c; 0.3065241578151472
hinweis; 0.3064538663638814
zweit; 0.3061896173894638
echt; 0.30086030314851087
dadurch; 0.300506546653196
stunden; 0.2995540853753482
you; 0.2948352815074031
hochwertigem; 0.29407787045056466
boxspringbettes; 0.29086422179534566
details; 0.29022019807234756
massivem; 0.2898541680369817
komforthöhe; 0.28920663057942875
lackiertem; 0.28590837955562165
tipp; 0.2836846395039174
großer; 0.2834024826770474
falls; 0.2832820951989561
schönen; 0.2827727283256536
gewicht; 0.28148244319527294
matto; 0.28100488921336364
maschine; 0.2806120584027667
vergessen; 0.2804347962519387
ergänzen; 0.2793895980466914
verbirgt; 0.27677111246885033
schlafgefühl; 0.2738520467719354
federkern; 0.2728155805125425
eck; 0.27153131143859355
problem; 0.2705023548405734
legen; 0.26957034597580787
wollen; 0.2648094205214875
xl; 0.2643063995637931
velours; 0.26393896979425335
rosa; 0.2635089528739627
gewaschen; 0.26314819270555745
beige; 0.2629365360699012
hochwertige; 0.26143462256732164
antara; 0.26086667410709197
