Wort; Durchschnittlicher Wert
braune; 0.02651573728871881
landhaus; 0.02472060956642963
streichelweicher; 0.023120746128142855
höhenverstellbare; 0.022562560145161115
innenlebens; 0.02175196751045405
mischgewebe; 0.021383505631092703
verdankt; 0.02137246103779944
kuschelecke; 0.021116809848535922
vorzüge; 0.02100676504232979
feinen; 0.02095035248203203
gästen; 0.02069573517940171
funktionale; 0.02061863589233326
lieblingsplatz; 0.02052043440721718
hübsche; 0.020072101803179976
einrichtungsstile; 0.01980048384029942
schlafcouch; 0.019716106865303118
luxuriöse; 0.01965543850838003
filmabende; 0.01958805048116119
schlafsofa; 0.01922701182866149
trend; 0.019222547108682875
falls; 0.01886646317143459
mordernen; 0.01876876602187849
denen; 0.018763348289667192
zurückzulehnen; 0.018619104644130857
wohnungen; 0.01810064469827921
mal; 0.01801256996805023
zuletzt; 0.01770807857684531
nylon; 0.01756226308089026
hochwertigem; 0.017473446179792518
features; 0.017399005006154766
kontrastfarbene; 0.01732571217144141
style; 0.01720478118477331
gefunden; 0.016826059407321736
voll; 0.01677270971777034
außergewöhnlichen; 0.016745764994993806
kunststofffüßen; 0.01666873139583913
mikrofaser; 0.016342613591405097
benötigt; 0.016281961727145244
wohnideen; 0.016028735117288306
parole; 0.015951554458297323
ersten; 0.015922006351502205
simon; 0.01587615206153714
montageanleitunghinweiseine; 0.015693725103119505
variieren; 0.015510165726482228
verloren; 0.015374188285932178
kopfteile; 0.01532894429146836
bettbezüge; 0.015326737399391277
pflegeleichtem; 0.015285136445527314
polyurethanschaukern; 0.015280903548500646
guter; 0.015132906055498552
