Wort; Durchschnittlicher Wert
formschaum; 0.04146858746025828
senfgelb; 0.038505586650899204
ausgestatteten; 0.037589555784506956
titaniumbezug; 0.03673611960402923
reise; 0.035486342956573935
fernsehsessel; 0.034229826467708335
carisma; 0.03414557714114608
erstrahlt; 0.03408617447712459
eleganter; 0.033874632743390976
mustern; 0.033816818104241975
hinweisbitte; 0.033545368431077804
unschlagbaren; 0.03353933522521402
sitzflächen; 0.032703694603924305
faktor; 0.03268193401163444
situation; 0.03204729793037586
pulverbeschichtetem; 0.03198165722187696
erweitern; 0.0318117284168693
erholung; 0.031489637402046355
nieder; 0.03140379242540803
turino; 0.031354323491541436
geschickt; 0.030909116288967198
eukalyptusholz; 0.030907139266673767
fünffach; 0.030708616930496646
alexandrfa; 0.030704456273269898
betthaupt; 0.030112912601907738
weicher; 0.02970088591973763
sekundenschnelle; 0.029680698107767967
schieben; 0.02957153451825434
gehört; 0.029493635185644962
dekor; 0.02924274815904937
kuscheligen; 0.028957373702724
schlafbereich; 0.028906340328830993
hautfreundliche; 0.02877676492971659
paneelen; 0.02875482571835164
platzsparend; 0.028728203171340283
pluspunkte; 0.028614068550268712
bari; 0.02853796684212284
schwarze; 0.028478355453444237
übernachtungsmöglichkeit; 0.02846890296859783
entsteht; 0.028381089234244428
lese; 0.02833717747580522
carbonstahl; 0.028259527767659165
schmerzt; 0.028207263292472362
jalattenrost; 0.028182555393868824
grauem; 0.028017122740038758
erlaubt; 0.027983454148852616
beleuchtung; 0.027902227546292124
kippbett; 0.027849441468788427
grauen; 0.027778027422755258
liegeplatz; 0.027553575733691105
