Wort; Durchschnittlicher Wert
mustern; 0.04030046008119825
bonellfederkernmatratze; 0.037153067874896806
schwarze; 0.03401348455372499
kiefer; 0.03216833250189666
grauem; 0.030236607643018942
aufs; 0.029238631281259586
abnehmbarem; 0.02922590157322702
reizarme; 0.027564786993025336
fühlt; 0.026816027948370902
frisco; 0.02408733185438905
dezenten; 0.023818445319193415
mercura; 0.023570070723508252
enthaltenen; 0.02350645302431076
unschlagbaren; 0.023486987225624034
aufklappen; 0.023049299081321806
titaniumbezug; 0.022883975205331808
diverse; 0.022850138135254383
handpump; 0.02246094581784064
maren; 0.02227377536109998
reduziert; 0.02221862926671747
ausziehbett; 0.02212347636304912
pluspunkte; 0.02162255456278217
schlafengehen; 0.021489079130333266
sekundenschnelle; 0.02140768171102536
wohlfühlambiente; 0.021170059273572406
gebracht; 0.020708646610728465
geruhsamen; 0.02068729227539734
organischem; 0.020569591488310834
schlafbereich; 0.020458110600884538
stylischer; 0.020439405230717966
aufgeräumten; 0.02043727166528697
weicher; 0.02039865958795417
carisma; 0.020276440583984368
kedernaht; 0.020264973914891016
wo; 0.020127809773839545
nieder; 0.02012089718846255
einfarbigen; 0.01996998237882508
dürfte; 0.019930935057345778
fernsehabende; 0.019846982359013055
mitgeliefert; 0.019821216221316718
schieben; 0.01981130630520056
eingebautem; 0.019627905210654717
missouri; 0.01961532734640059
ausbreiten; 0.019601323661845527
zusammenklappen; 0.019289936033601407
geschickt; 0.01927415766112972
verzierte; 0.01918472506440594
betthaupt; 0.019166901754942955
erholung; 0.018976711282448377
leonie; 0.01896057042904431
