Wort; Durchschnittlicher Wert
große; 1.2836269345134497
b; 1.2043339144438505
x; 1.1996845789253712
t; 1.1938548292964697
cm; 1.1861558258533478
ca; 1.1723758541047573
h; 1.1291427090764046
lieferumfang; 1.1158962827175856
abgebildete; 1.0967769231647253
enthalten; 1.0947737358510494
beachten; 1.0921908430755138
weiß; 1.0787391290068626
dekoration; 1.0719035007059574
liegefläche; 1.0608392674475908
hinweisbitte; 1.0434527695178986
UNK; 1.0021708328276873
bett; 0.9926756098866463
l; 0.9742973111569881
einfach; 0.9326814897358418
drucken; 0.9274406209588051
weitere; 0.9076866433024406
drei; 0.9015942607074976
bequem; 0.8993295598775148
schlafsofa; 0.8864162657409906
interessante; 0.8806605972349644
bestellbar; 0.8792440900579095
hinweisdieser; 0.8704268410801888
ombra; 0.8621341278776526
schlafzimmer; 0.8607058823108673
höhe; 0.859285494312644
sowie; 0.8581454195082188
kategorienschlaftextiliennachtkästchenkleiderschränkekomplette; 0.8455652017146349
schlafzimmerdrucken; 0.8402703311294317
funktional; 0.8219336103647947
hält; 0.8186072465032339
zwei; 0.8094818536192179
topper; 0.8065209975466132
runden; 0.8054627738893032
lassen; 0.8008210398256779
einzelbett; 0.8003513664007187
sitzgelegenheit; 0.7972518410533667
schaffen; 0.7914101406931877
rollrost; 0.7785594128072262
matratze; 0.7784231062978506
ausgestellt; 0.7749084178358316
größe; 0.7694956250488758
moderne; 0.7670901231467724
geräumige; 0.7669833339750767
liege; 0.7585419304668903
grauen; 0.7558035887777805
