Wort; Durchschnittlicher Wert
ravello; 0.027146259235450998
pluspunkte; 0.02673456024058396
geselliges; 0.025765725411474705
schwarze; 0.0257439956858434
stoffbezug; 0.02543304477148922
montageanleitungdrucken; 0.025153990794933634
fernsehsessel; 0.02480556363298092
kiefer; 0.024360424300539307
platzsparendes; 0.024149969287947215
hinweisbitte; 0.023974131498107454
hüpfen; 0.023553606625682733
erstrahlt; 0.02327336132293567
praktisches; 0.02320704394878703
sekundenschnelle; 0.02307542133712559
alexandrfa; 0.022949919994971424
wohlfühlinsel; 0.02251271561090107
grauem; 0.02249135541933356
erwartet; 0.02212654595496133
einzelbetten; 0.022068629101340775
einladenden; 0.021961143192129384
exquisites; 0.02165664763379027
n; 0.021549587363551836
ausgestatteten; 0.021302756777004106
abgibt; 0.02128991357517407
verbreitet; 0.021253084709314862
seitlichen; 0.02088262481993297
befinden; 0.02085282166444813
möglichkeit; 0.02073919137546909
aufgeblasen; 0.02044845176533272
geschickt; 0.020434356898476835
herzen; 0.020421727869688766
schöner; 0.02019698268850334
integriertem; 0.020118203461606754
liest; 0.020074775913599296
fulton; 0.020046699792146683
mustern; 0.019886269547896518
entgehen; 0.019815393003227655
synthetikmix; 0.01981061513288296
raumes; 0.01968901077634655
bonellfederkernmatratze; 0.01957207754458068
dezente; 0.019482134004647378
vollbringt; 0.01942449507987476
geschnittenen; 0.01926459956848703
platzsparend; 0.01911696461320389
gewachstem; 0.019028390244784532
dekor; 0.019009615149116144
wotan; 0.01876292949600611
flexible; 0.018733584536676062
kategorienwohntextilienvorhängestehleuchtenwohnzimmertischedrucken; 0.018629423590027727
gehört; 0.01858308610098902
