Wort; Durchschnittlicher Wert
mustern; 0.06510254401655402
marlene; 0.0515045540232677
lodge; 0.04406277183443308
feines; 0.04170623951358721
schlafunterlage; 0.041467887136604986
schaumstoffpolstern; 0.03975595234078355
armlehnendesign; 0.03931542718783021
umlegen; 0.03930777558707632
ergibt; 0.038923509913729504
fernsehsessel; 0.03845347694004886
geneve; 0.037995405320543796
verführerische; 0.03782698814757168
grauem; 0.03765042651502881
überaus; 0.037144028683542274
szene; 0.03711060856585391
verhindern; 0.03600227093556896
verstellbarer; 0.03535091077355901
verbreitet; 0.035304661258123815
bernau; 0.03499999725318048
zufluchtsort; 0.03461350574798416
schoß; 0.034540436725365
bedienung; 0.03442222881130874
leistenlagerung; 0.03439549304312095
untergebracht; 0.03430172000662424
integriert; 0.03422197364852764
sorgfältig; 0.0340306944490294
ausstattungsplus; 0.03357298498303862
aufbauanleitunghinweisdieser; 0.033355983439832926
campen; 0.033178753779793624
graphitfarbene; 0.03314914500515442
hellerem; 0.032324384519597515
faszinierenden; 0.03230703671579249
sitzeigenschaften; 0.032166446471819654
abrutschen; 0.03207995550474152
bestway; 0.03199773113010451
buche; 0.03196300044510281
softmatt; 0.03153467978700064
fungieren; 0.0315252480795607
zweiter; 0.030995161359896883
kojenbett; 0.030646510160295293
erholung; 0.030542856111424044
wohlfühloase; 0.030497792053211015
entspricht; 0.03033921861788258
nun; 0.03021588684168819
erweiterbar; 0.030133293286780827
überzeugend; 0.030027884589799214
gleichnamige; 0.03002662600192707
aufgeräumtes; 0.029865462343650506
minuten; 0.029798269271850586
hit; 0.029773578891763464
