Wort; Durchschnittlicher Wert
maximale; 0.1074819975765422
robuste; 0.0860296570463106
zonen; 0.08451400609919801
pro; 0.0829599944408983
langlebig; 0.08069911255734041
buchefarben; 0.08035695867147297
rollroste; 0.07913086051121354
ausladenden; 0.0787581920158118
nachhause; 0.07786253112135455
schlafgefühl; 0.07656134787248448
nierenkissen; 0.07557838934008032
lazy; 0.07542944833403453
zugabe; 0.07495309805381112
viscoschaumkern; 0.07482384100876516
uns; 0.0736475073499605
breites; 0.07362359075341374
frische; 0.07352892745984718
geschmackvolles; 0.07351057824416785
bezogenem; 0.0722824796102941
umfang; 0.0720467030769214
zurückzulehnen; 0.07167928654234856
überzeugenden; 0.07157828929484822
velours; 0.07155146775767207
vergessen; 0.07149730721721426
braune; 0.07105963677167892
kontrastfarbene; 0.07056451590324286
noblen; 0.07032649335451424
braunem; 0.0696213374612853
verwahren; 0.06934128550346941
hinweis; 0.06918542401399463
falls; 0.06889586037141271
statement; 0.06840586848556995
abrundet; 0.06832859595306218
dies; 0.06824161013355479
vielseitigkeit; 0.06823886650090571
aufgeräumtes; 0.06819098911364563
polyetherschaumkern; 0.06806750851683319
verbirgt; 0.06792608910473064
unterschiedlichen; 0.06775624450528994
echte; 0.06775344163179398
frischen; 0.06722472934052348
hochwertigem; 0.06712853070348501
vollenden; 0.06685273443872575
bella; 0.06649604241829365
zumal; 0.06610135146183893
grande; 0.06527329265372828
kind; 0.06513347745931242
luxuriösen; 0.0649352268083021
künftig; 0.06484489608556032
park; 0.06482231893460266
