Wort; Durchschnittlicher Wert
lösung; 0.053533046622760594
gute; 0.052975435042753816
co; 0.05255075922468677
zusätzlicher; 0.051028521615080535
dekor; 0.05043707205913961
platzsparend; 0.04711521661374718
räumen; 0.04674999543931335
rollen; 0.04603430689894594
vielen; 0.045479996828362346
extra; 0.04522910190280527
geräumigen; 0.04374237888259813
wotan; 0.04224569461075589
hinaus; 0.04209136182907969
ordentlich; 0.04126903763972223
darüber; 0.040789235674310476
liebesroman; 0.040726169710978866
seitlichen; 0.040652383118867874
beliebt; 0.03981361899059266
ausziehbaren; 0.03940394625533372
nutzen; 0.039241180289536715
bettlade; 0.03865458449581638
großzügigem; 0.03798542660661042
einschlafgeschichte; 0.03716184862423688
krimi; 0.03624958056025207
schlafzimmermöbel; 0.03588072722777724
bezüge; 0.035666592651978135
regalfächern; 0.03393222508020699
traumbett; 0.03309882746543735
azurro; 0.032063501072116196
aufbauanleitunghinweisbitte; 0.03174523031339049
leichtgängigen; 0.031588692334480584
oxid; 0.028909823624417186
grauen; 0.023810053447959945
farbgebung; 0.023716043811873533
komfortabel; 0.023576123254315462
funktional; 0.0233143160075997
flexibles; 0.022729103999154177
sanften; 0.02077438282140065
bettladen; 0.02072007107835816
dennoch; 0.020495452762588684
kombination; 0.01942496503761504
schaffen; 0.019358975931936584
betten; 0.019286485272459686
runden; 0.018944975121485186
stimmungsvolles; 0.01864307177311275
fußende; 0.018440111958625494
erhöhten; 0.01831554620002862
vollendet; 0.018314992184969014
exakt; 0.01824748005310539
aktuelle; 0.01822961159996339
