Wort; Durchschnittlicher Wert
einrichtungselement; 0.08254600438522175
juist; 0.0801941571990028
raumsparende; 0.07687353024812182
klappbett; 0.07554558069386985
ausklappen; 0.06968357006917358
aufgeräumt; 0.064242196502164
alexandra; 0.06349261035211384
praktischem; 0.06347701302729547
schön; 0.06233041174709797
gerade; 0.05951314396224916
will; 0.05873710722289616
lieferumfanges; 0.05848299874924123
verstellbarer; 0.05812222900567576
spannende; 0.05807969813758973
munter; 0.05751504481304437
kg; 0.05723586500971578
gestützt; 0.05719491319905501
reißverschluss; 0.05680427444167435
wandgestaltung; 0.056596992231789045
abnehmbar; 0.05564930965192616
wohlfühlinsel; 0.05559976981021464
glänzt; 0.055403611571819056
erholsamer; 0.05458701377028774
eichefarbenem; 0.0528571246750289
da; 0.052264018726418726
zugehörigen; 0.0520650539547205
gewachstem; 0.051851204625563696
personen; 0.05149203121254686
größen; 0.05060517948004417
thea; 0.050604220799868926
unschlagbaren; 0.05018030549399555
fest; 0.050003292970359325
zurückhaltende; 0.049784139584517106
dunkelblau; 0.049411346029955894
you; 0.048649851931259036
anderem; 0.04858458391390741
dezentes; 0.04791735121398233
ob; 0.04789628979051486
verteilt; 0.047353440342703834
ausgestattet; 0.04659280984196812
bewahren; 0.046135563530697254
carisma; 0.04566828376846388
farbtöne; 0.045417691529110016
wand; 0.04513852341915481
einmal; 0.04512757528209477
gewicht; 0.04504871560493484
damit; 0.04486064403317869
einfarbigen; 0.044789482266423875
zonen; 0.044320733766653575
bringen; 0.044188729327288456
