Wort; Durchschnittlicher Wert
jedem; 0.04951527385856025
schlafsofa; 0.045000524129136465
praktisches; 0.04436332982186286
gemütliches; 0.044118486635852605
gesteppte; 0.04209779964912741
style; 0.04169212549777512
herzen; 0.04168731593017583
optimalen; 0.04081458618384204
prüfzeichen; 0.04043167646887014
zustand; 0.03975670268846443
schlagen; 0.03948656082502566
ausgeklappt; 0.03847168554057134
stylische; 0.03837174555519596
maximalen; 0.03723002649348928
statten; 0.03708447446115315
extra; 0.03701575814920943
spezielle; 0.03693738426954951
b; 0.03693543290864909
schlafzimmerdrucken; 0.03673995561985066
weichen; 0.036693816909973975
ergeben; 0.036104234866797924
trägt; 0.036073736380785704
topper; 0.03598944179248065
lieferumfang; 0.03558236164099071
breiten; 0.0354897741926834
geformten; 0.03535076605294307
stilsicher; 0.03531382980509079
anlehnen; 0.03523679083446041
stattlichen; 0.03487289022450568
gut; 0.03484951757127419
zuletzt; 0.03471395526139531
stand; 0.03470839050714858
liegefläche; 0.03456549596739933
hit; 0.03453750847984338
erleben; 0.03432227508164942
grauen; 0.03405905193358194
höher; 0.03374598393565975
anpasst; 0.03374004962097388
einen; 0.0337384027952794
liegen; 0.033513881789986044
co; 0.03348820921200968
liegt; 0.033310200396954315
hübsche; 0.032954281429823595
abrunden; 0.03281433411757462
voraussetzungen; 0.03280441361494013
ins; 0.03280035892385058
dass; 0.032428631209768355
elias; 0.03240078243834432
einzelbett; 0.032292260075337254
eine; 0.03224151546601206
