Wort; Durchschnittlicher Wert
liegefläche; 0.07615414244355634
aber; 0.07309261005138978
sie; 0.07296495835180394
lieferumfang; 0.07288549217628315
aus; 0.07063431037386181
ein; 0.07020964310504496
und; 0.07014812639681622
dekoration; 0.06820891518873395
besonders; 0.06713611670420505
beachten; 0.0666329559753649
b; 0.06634372618282214
die; 0.06613062987162266
lattenrost; 0.06577331779408269
ausgestattet; 0.06548086041584611
h; 0.06449401547433808
bestellbar; 0.06405958830146119
ab; 0.06390138774440857
artikel; 0.06386640149867162
x; 0.06306011031847447
nicht; 0.06229572271035977
größen; 0.062211952259531245
dort; 0.06207967491354793
im; 0.06203762482618913
des; 0.06191632809350267
jugendzimmer; 0.06189301727863494
drucken; 0.06165735953254625
bett; 0.06164242821978405
etwas; 0.06146803823503433
l; 0.061310308636166155
sich; 0.06118212145520374
über; 0.06108747981488705
kopfteil; 0.06100515747675672
ist; 0.06096677348250523
hohe; 0.06092417595209554
schlaf; 0.060682134579110425
den; 0.06066661994555034
großen; 0.060659266862785444
es; 0.060414848161599366
das; 0.06018691183999181
filialen; 0.06010972452349961
unseren; 0.060014614020474255
matratze; 0.05995206191437319
überzeugt; 0.05993656569626182
abgebildete; 0.05986503866733983
grau; 0.05976747229578905
eine; 0.0595413624541834
allem; 0.05952441731642466
in; 0.05947941949125379
optik; 0.05904489585373085
bequem; 0.058978212327929214
