Wort; Durchschnittlicher Wert
u; 0.03991509700426832
ihrer; 0.03226755354262423
stellfläche; 0.030403639655560255
madera; 0.030025272513739765
liegegefühl; 0.029860330832889304
couchtisch; 0.0295360651507508
getrost; 0.02935602431989537
wünsche; 0.02914330462226644
katz; 0.029046150157228112
leisten; 0.029026995551248547
sie; 0.02900319864420453
boxspringbett; 0.02872547674633097
komfort; 0.028326317973778714
gute; 0.028295876138145104
überzeugenden; 0.028116701534599997
vergessen; 0.027822515652587754
liegefläche; 0.027759367192629725
onlineshop; 0.027749901011702605
höchste; 0.027525873119884636
reinigung; 0.027372741929866606
lieblingsmöbel; 0.027316374791553244
hochwertige; 0.027238722825131845
an; 0.027233040451847046
filialen; 0.027232142514549196
schicker; 0.027195985647267662
zonen; 0.027142816368723288
können; 0.026977645786246285
gesamte; 0.026858265471673803
tee; 0.026855534400965553
farbmodellen; 0.026815328405064065
bequem; 0.02681076090084389
größen; 0.026711966725997627
besonders; 0.026665174271329306
diese; 0.026602103665936738
bedürfnissen; 0.02654234241708764
sogar; 0.02647759401224903
wohnlandschaft; 0.02646488346726983
schenkelmaß; 0.026397232548333704
extra; 0.026376447785878554
es; 0.02637246450467501
ankündigen; 0.026322000695472525
luxus; 0.026282306222128682
körper; 0.026159735600231215
ausreichend; 0.025985776796005666
langlebigkeit; 0.025979280144383665
nützliche; 0.02588073349033948
dank; 0.02584268621285446
integrierten; 0.02573377371300012
hellbraune; 0.025720978667777672
farbtöne; 0.025658616639702814
