Wort; Durchschnittlicher Wert
hat; 0.02621577983518364
anthrazitfarbene; 0.023028434872685466
dekor; 0.02276232760050334
extras; 0.021970617315673735
wohnung; 0.0214474170061294
neo; 0.02139809859363595
weicher; 0.021150188855244778
situation; 0.021090448353788815
webstoff; 0.020749054892803542
schlafplatz; 0.020621503063011914
nächte; 0.020257215306628495
stoffbezug; 0.02007929423416499
abrollen; 0.020005253973977233
elegantem; 0.019557354727567144
schwarze; 0.01948580979660619
praktisches; 0.019455195892078336
überraschungen; 0.01927340606926009
verbreitet; 0.01919307759817457
schlafsofa; 0.019127051593386568
trägt; 0.01910599235270638
integrierter; 0.019095193507382646
bettwäsche; 0.01907535156351514
airbed; 0.019063788720814046
erholsame; 0.019010495891052415
rückenlehne; 0.018941532965982333
grauem; 0.018701760447584093
trendiges; 0.018679467430047225
beflockte; 0.018564227859314997
schlichten; 0.018509054025344085
jugendzimmers; 0.01833580608217744
boxspringsofa; 0.018233351336675696
grün; 0.018218850555058452
bestway; 0.018216440308606252
fulton; 0.018058697736705653
weitere; 0.01792040275176987
modischen; 0.017842132077930728
möglichkeit; 0.01778361304604914
kompakten; 0.01776287073880667
ganz; 0.017614790325751528
uvm; 0.01750310332135996
entsteht; 0.017468065685534384
möglichkeiten; 0.01742870062298607
unterbringen; 0.01737601992499549
rückenkissen; 0.017278606217587367
bessoni; 0.017274002522754017
sehr; 0.017163685704872478
drehen; 0.017149722400063183
warmes; 0.017047994424501667
dynamischem; 0.017037335638633522
wohltuendes; 0.017000748819327782
