Wort; Durchschnittlicher Wert
braun; 0.10609427897725254
rollroste; 0.10102278916747309
maschine; 0.0985403066733852
you; 0.09631525372969918
eck; 0.09526988829020411
kopf; 0.0951694394898368
mara; 0.09503535060503054
beträgt; 0.09480222032289021
stütze; 0.09253972757142037
buchenholz; 0.0923345962582971
hellgrauen; 0.09183793113334104
viscoschaumkern; 0.09057113411836326
versehen; 0.09049096216040198
fest; 0.08975594665389508
uns; 0.08814294420881197
schlafgefühl; 0.0847054440237116
robuste; 0.08465238244389184
bordsteinkante; 0.08459554110595491
vorzüge; 0.08440579134548898
lieferumfanges; 0.08433308073290391
worauf; 0.08401003607286839
nylon; 0.08399351154730539
polyetherschaumkern; 0.08374222700280143
zonen; 0.08204454154474661
richtig; 0.08160112027690047
c; 0.08156385875190608
zweit; 0.08125509738238179
juist; 0.08038969604240265
lackiertem; 0.0801909685251303
dieser; 0.07985956512857229
vielseitigkeit; 0.07922494526428636
basis; 0.07905613380717114
großer; 0.07905587403365644
dadurch; 0.0789987859170651
wurde; 0.07878487205016427
hinweis; 0.07850921562931035
zugabe; 0.07801075468887575
toppers; 0.07788168318802491
legen; 0.0777205004796997
matto; 0.07769498962443322
innenleben; 0.07761743577884772
falls; 0.07719204871591501
xl; 0.07692263288481627
angenehmem; 0.07660427800146863
ergänzen; 0.07619008363690227
standfüßen; 0.07595428065178567
boxhöhe; 0.07589752323838184
komfortschaum; 0.07515234861057252
reißverschluss; 0.07475538243306801
liegende; 0.07453091184288496
