Wort; Durchschnittlicher Wert
beweist; 0.04526646388694644
her; 0.042708439053967595
geschmackvolles; 0.04213585238903761
hellbraun; 0.041973085375502706
xl; 0.04033149057067931
gepaart; 0.03878209984395653
erweiterung; 0.03695516847074032
zusammensein; 0.0363236913781293
seaside; 0.035443014930933714
multi; 0.03468955005519092
danach; 0.03453234762127977
unterteilung; 0.033960642758756876
kern; 0.0332492517773062
schlammfarbene; 0.03267699247226119
unterteil; 0.03266663685644744
matto; 0.03258310770615935
kontrastreich; 0.03255702844762709
wohlfühlwunder; 0.03241906879702583
stützen; 0.03214122985082213
aufwendige; 0.03186907456256449
rosafarbene; 0.031482274032896385
floby; 0.031347980082500726
gewünschten; 0.030821398773696274
eichefarbenes; 0.030317176700918935
hineinpumpen; 0.03007612186775077
luisa; 0.03007080165843945
pflegeleicht; 0.03002087160712108
lieblingsmodell; 0.02977152226958424
schlafzimmerambiente; 0.029745173105766298
rasant; 0.029716623394051567
seitenlehne; 0.02968195074936375
einzurichten; 0.02944804707658477
rechtsmontageanleitung; 0.02937049191677943
schlicht; 0.029365280101046665
wollen; 0.028872309252619743
aufpumpen; 0.028698721260298043
bettlaken; 0.028573960764333606
wand; 0.028368650237098336
stellfläche; 0.028338637115666643
klassiker; 0.02829675393877551
cappuccino; 0.02829602076963056
schafft; 0.028072660690668272
beginnen; 0.028057799074304057
regi; 0.028032954374793917
ornamenten; 0.027910511358641088
wundervoll; 0.027872866834513843
hinblicker; 0.027660422027111053
geradlinigem; 0.02762717567384243
zuweilen; 0.02753944043070078
mittelweich; 0.027501355740241706
