Wort; Durchschnittlicher Wert
lese; 0.020520990427939978
ausgewählt; 0.019895781843842997
kombi; 0.019829904833386536
luftbett; 0.01906175027215795
farbiger; 0.017436551985156257
bigsofa; 0.017027378423335904
platziert; 0.01689685535393437
pakkaholz; 0.01688119122434273
vorzügen; 0.016601043622358702
spiegelverkehrten; 0.016090508425804728
buches; 0.01607968895950762
mix; 0.016028755551815266
bettanlage; 0.015566656471492024
r; 0.01529873272011173
umfangreiche; 0.015224799211864593
versinken; 0.015066183677845402
wohlfühlinsel; 0.014657830928626936
boxspringsofa; 0.014646083525803988
stauraumwunder; 0.014561778385541402
vorstellungen; 0.014482400809356477
kippen; 0.014149436799016257
missouri; 0.014070035333134001
schlafplatz; 0.014030285833541711
überzogen; 0.013838649464560149
spielend; 0.013771324529443518
matratze; 0.013719544922423665
ausgiebig; 0.013694520151148026
multifunktionale; 0.013671836382854963
kieferfarbenem; 0.013562309497501701
verhüllt; 0.013491997724486282
stellfläche; 0.013088461684649388
unglaublich; 0.012965621896000812
verspannungen; 0.01293078382514068
armstützen; 0.01286782413990295
geeignet; 0.012768798358138156
etwas; 0.012716830122371903
viersitzers; 0.012640327629014791
wohlfühlambiente; 0.012471717807329696
umfassenden; 0.012402772338191426
sitzige; 0.012284474712487281
lava; 0.012272880559976329
aushalten; 0.012265649299479264
eröffnet; 0.01224597674627148
kontrastreich; 0.012206168323245947
reicher; 0.012154429943620926
gestalterischen; 0.012111673162507941
exklusivität; 0.012089265037502628
wohnraumes; 0.011948733571443881
abend; 0.01184982769882481
wein; 0.011799995950923403
