Wort; Durchschnittlicher Wert
c; 0.11027088429545984
maschine; 0.10882168406169512
schlafgefühl; 0.10841017635539174
knopfnaht; 0.10169139130448457
boxspringbettes; 0.09992345378850587
verzierten; 0.09558997368526434
gewaschen; 0.09371318755438551
wäsche; 0.09275544351839926
durchgehende; 0.08717029314721003
basis; 0.08639140857121674
komfortschaumkern; 0.08374197263037786
hoher; 0.08206879974750336
selbst; 0.08138475645682774
krönenden; 0.08006660418323008
sein; 0.07976401662563148
zonen; 0.07887058930828061
steppnähten; 0.07883347570896149
zusagt; 0.07849946373607963
körper; 0.07841901944993879
gewicht; 0.07765770517289639
falls; 0.07729202732753038
dies; 0.0771515300439205
liegt; 0.0769923535262933
lektüre; 0.07625553505204152
kingsize; 0.07615747964882758
tonnentaschenfederkernmatratze; 0.07612921881082002
eichenholz; 0.07541027454328741
tacoma; 0.07519606204004958
wollen; 0.0748922062703059
komfortschaum; 0.07485421260935254
überzeugenden; 0.07481751844170503
erholt; 0.07464937557961093
geformten; 0.07456745432500611
boxhöhe; 0.07441529184870888
besitzt; 0.07438651861957624
visocschaum; 0.07379323529676185
unterteilung; 0.0733595094861812
reich; 0.07256257893459406
velours; 0.07184803229756653
liegende; 0.07088714634301141
vermittelt; 0.07029381398751866
toppers; 0.06933652628504205
taschenfederkernmatraze; 0.06921519383649866
kern; 0.06907132436754182
zylindrisch; 0.06895273775808164
geölter; 0.06867428215821292
kombinierbar; 0.06862702478883875
hervorragenden; 0.06854687699888018
richtig; 0.06841772866755491
armlehnkissen; 0.06787686169263907
