Wort; Durchschnittlicher Wert
hellgrauen; 0.07579005981096998
xl; 0.07435066767357057
linkshinweiseine; 0.07026189450152742
mango; 0.07018484074978915
vielseitigkeit; 0.06619308984591044
hellbraun; 0.06361773542084848
kingsize; 0.05859413481448428
dekorgesamtlänge; 0.05847950566749205
geschwungenen; 0.05788721174121747
braun; 0.05734081630362198
dunkelgraue; 0.05701246928765613
micki; 0.055939011456757726
honigfarben; 0.0536366666383401
wohlfühlenergänzen; 0.052317348283395404
hellbraunen; 0.05216559812834021
glücksgriff; 0.05199546492895024
wohnlandschaftdie; 0.051602760187961394
linienführung; 0.051075740995656815
nähte; 0.05006189167670527
lasse; 0.050039508430927526
sitzplätzen; 0.04900360149986227
grande; 0.04884043774291058
herausziehen; 0.047720464121994155
natürlicher; 0.047466195370361675
lattenroste; 0.04665906527588959
ankommt; 0.04639698037135531
kontinentalmatratzedas; 0.04636253149874392
raumgröße; 0.04617102622160019
stilbewusst; 0.04584490500519678
teilweise; 0.045744039862256614
trefflich; 0.045613665803102776
textil; 0.04523670054913964
orange; 0.04511309857480228
eindrucksvollen; 0.044485740101663396
bezugs; 0.04444355599116534
steingraues; 0.04427829211454082
tokio; 0.0439929813001072
breites; 0.04367640706550446
plaudern; 0.04344104758820322
eschenholz; 0.04286128775856923
möbels; 0.04256924234505277
reicht; 0.04247536385355488
germany; 0.04246311523820623
wohlfühlstimmung; 0.04245625877047132
jonna; 0.04212151805222675
rosa; 0.042086610603291774
erhöhten; 0.04184198041912168
bandbreite; 0.04131082257572416
geschmackvolles; 0.041235271464756806
davon; 0.04119300915317581
