Wort; Durchschnittlicher Wert
stilvolles; 0.005718783886550227
dunkelbraun; 0.005138861942214135
mehr; 0.0033835710330095024
anbieten; 0.0025952863637940028
you; 0.002160685064518475
freunden; 0.002146701542005758
mid; 0.002052225809893571
familie; 0.0018496952521672937
härtegrad; 0.0016840804963067057
eckschlafsofa; 0.0016485309077324927
praktisches; 0.0015277655453246552
wohnlandschaft; 0.0015256058465695332
sowohl; 0.0014771941427568435
gemütliches; 0.0014340596811962315
sitz; 0.0014107137038081418
verbirgt; 0.0014058235791708285
ideale; 0.0013814000123602455
milla; 0.0012924163595926074
jederzeit; 0.001276566373235255
konischen; 0.0012062723896633543
nieten; 0.0011973706712979037
inkludierte; 0.001182727423747565
robuste; 0.0011631965769993257
ideal; 0.00112505205834168
vereinbarung; 0.0011241268747653522
separat; 0.0011030474311155558
wohnen; 0.0010741278003479238
optimale; 0.0010695588821363344
daher; 0.001066832139804319
außerdem; 0.0010660569088031479
erhalten; 0.0010628828480776064
etwa; 0.001027139255165821
stauraumbett; 0.0010139640221495938
kundenberater; 0.0009937386969340878
ausziehen; 0.0009908944776725547
stylish; 0.0009791352953925526
zusätzlich; 0.0009779788538253342
positionieren; 0.0009743776431150764
futonbett; 0.0009680475373670561
hochwertige; 0.0009544142332742922
korpus; 0.0009335389965599461
komfortschaumkern; 0.0009266771550755948
zugehörigen; 0.0009144624865257356
querschläfer; 0.000911301017004007
farbe; 0.0009032309007352523
traum; 0.0009022315202173558
webstoffbezug; 0.0009018643081162736
liegen; 0.0008981997056253021
polstergarnitur; 0.0008919544979221428
anthrazit; 0.000885644331401636
