Wort; Durchschnittlicher Wert
stilvolles; 0.007526991896156687
dunkelbraun; 0.0035781846665486226
ideal; 0.0029993785807164385
anbieten; 0.0024376081208174584
gemütliches; 0.0019561948814953213
doppelbett; 0.0019259267573943362
bereit; 0.00168083003936772
ideale; 0.0016759438076405786
abmessungen; 0.0016347445580322528
wirbelsäule; 0.0015089060001628241
hohe; 0.001408911142789293
entspannen; 0.0014007347788719926
you; 0.0013718510686885565
mid; 0.0013336714007891714
trendfarbe; 0.0012467359309084713
bequemlichkeit; 0.0011564418691705214
breiten; 0.0011459338347776793
aufstehen; 0.0011422683202908957
liege; 0.0011402417973840784
gesamtbreite; 0.001118580383626977
links; 0.0011057400308345678
lange; 0.0011005692342223484
pölstern; 0.0010922026394837303
kombinierbaren; 0.0010821774292708141
kiefer; 0.0010756985466287006
qualität; 0.0010724138211003265
neuen; 0.0010628340595104646
viscoschaumkern; 0.0010316126914403866
wichtigsten; 0.0010207715223259583
jahre; 0.0010098864575411425
freunden; 0.0009789243471459486
liegen; 0.0009734487413879834
freuen; 0.0009663650031143334
stabile; 0.0009362364743083163
ungefähr; 0.0009124532240093686
gegenüber; 0.0008973917377261386
knopfdruck; 0.0008933870380133157
pro; 0.0008878234323674405
stets; 0.0008818160684313625
schlafplatz; 0.0008729365957151458
vielseitig; 0.0008693809603755653
sodass; 0.0008608286019807565
sechs; 0.000852582662992063
abend; 0.0008490891771089082
federn; 0.0008431448717601597
sitzen; 0.0008218440823839046
darunter; 0.0008118825724295675
fußhöhe; 0.0008114274363833829
persönliche; 0.0007934533772640861
touch; 0.0007931321916657908
