Wort; Durchschnittlicher Wert
edlen; 0.01960359813965624
setzt; 0.019031831905158468
akzente; 0.01876479890960354
edles; 0.01852057233118103
komfortables; 0.018059792104031656
allein; 0.0180261410336243
modern; 0.01793615976712317
schublade; 0.01780562274652766
a; 0.01773282419962925
blicke; 0.017485015629063128
integriert; 0.017481307273556013
genügend; 0.017257953972148243
gerne; 0.017120423104279324
nichtgebrauch; 0.01703243466172353
bieten; 0.01672739590794663
echter; 0.01670424226287537
platzsparend; 0.016615556925899
verstaut; 0.016432067316600296
ganze; 0.01639578494559828
verleihen; 0.016324788086785703
äußerst; 0.01585393477980688
bequeme; 0.01497004753400688
gemütliche; 0.013709107255272102
luftbett; 0.010832270480932493
anbieten; 0.010723916845017811
ideale; 0.010687313503512996
sechs; 0.010091185732744635
ideal; 0.009454883658327163
pumpe; 0.009394378452270757
egal; 0.009194102381661651
schon; 0.009132574721297715
dank; 0.009108751517123892
zieht; 0.008527100325591164
schlafplatz; 0.008125979154101515
höhe; 0.008064045073660963
schlafen; 0.008043737054777012
integrierte; 0.007849382958465868
bestens; 0.007620652543300821
lädt; 0.007385242164809824
gerade; 0.0071755117065549715
kunststoff; 0.007127799155205139
top; 0.0071255716751693395
macht; 0.007045037512762064
spontane; 0.006884476931736572
benötigen; 0.006841594888101099
personen; 0.00672805881313252
per; 0.00668714780404116
material; 0.006617944839308621
praktische; 0.006613448138887179
integrierter; 0.006391654523213219
