Wort; Durchschnittlicher Wert
maßen; 0.022748857011902147
matratzen; 0.022200955129301293
bringt; 0.02190011072962079
stil; 0.021672351962479297
moderner; 0.021610429754036885
gleichnamigen; 0.021348314060014674
robust; 0.02045357629394857
einrichtung; 0.02002507531142328
wohlfühlen; 0.01756211484880623
schwarz; 0.013537540615652688
per; 0.01293766996350314
bettes; 0.012343809234153014
perfekt; 0.012181054393295199
füße; 0.011734664562209219
element; 0.011052467920308118
tonnentaschenfederkern; 0.010201312072604196
somit; 0.01014987969538197
highlight; 0.0100418986970908
passt; 0.009905584644002374
durchgehenden; 0.009072805587857146
fernbedienung; 0.008964826765441103
webstoff; 0.008852248029870679
direkt; 0.008848737993685064
paketspezifische; 0.008833959751427756
kontaktieren; 0.00874275109908922
spediteur; 0.008685410169846364
bezüglich; 0.008478410888346843
paketgewicht; 0.008426863404747565
höhe; 0.00841772485000547
morgen; 0.008390699029041571
erfolgt; 0.008364891462770174
stellen; 0.008346431386598852
kgpaketgewicht; 0.008335492481273831
zustellung; 0.00829492453194689
silber; 0.008240362004289636
perfekte; 0.008210688726103399
vereinbarung; 0.00819673927180702
bordsteinkante; 0.008100149977690308
liefertermins; 0.007978064130293205
grau; 0.007958709535159869
paketgröße; 0.007893575733396574
lesen; 0.007882432587211951
schwarze; 0.007881701606675052
schlafmöbel; 0.007874634265317582
topper; 0.007700457235296198
übrigens; 0.007583008841174887
gästezimmer; 0.007577140198554844
sorgen; 0.007550877096946351
schnell; 0.007505441804823931
individuellen; 0.007490212936681928
