Wort; Durchschnittlicher Wert
wohnung; 0.022353258202201687
anthrazit; 0.020719508214097005
zuhause; 0.018814179509354288
schicker; 0.017919105071632656
hochwertigem; 0.01761652867644443
gästezimmer; 0.017604535565806146
dekorative; 0.01682180939387763
albero; 0.016021235056541627
maximale; 0.015642350647976856
eiche; 0.014104597049299627
maßen; 0.014049576008983423
zustand; 0.013978872261122887
besitzt; 0.013859327143291012
optimale; 0.01381451928318711
je; 0.013743062899447978
perfekte; 0.013515733295935205
kinderzimmer; 0.013461666919010896
passende; 0.013360057720365148
moderner; 0.013344312956905923
fernbedienung; 0.013204455852974206
erleben; 0.013149250910646514
onlineshop; 0.013013573165153502
tonnentaschenfederkern; 0.012976412726857234
topper; 0.012932094326606603
silber; 0.012926632848393637
stellen; 0.012923060811590403
schickes; 0.012896471812564415
schlichten; 0.012832313995022559
ergänzen; 0.012809577668667771
highlight; 0.012744971164556773
webstoff; 0.012737173435016302
morgen; 0.01270764290529769
dekor; 0.012523882347886683
fürs; 0.012367546878533631
passenden; 0.012311573616898386
holen; 0.012248796177891564
kommt; 0.012131388857778803
durchgehenden; 0.012074670057336334
matratzen; 0.012044842236718978
passt; 0.011287234407791401
nie; 0.011254098621429875
jugendzimmer; 0.011125797702470663
modernes; 0.011057652502313432
form; 0.010814241332263918
kontaktieren; 0.010718923446620465
you; 0.010522788694652263
bordsteinkante; 0.0102711368825112
serie; 0.010244808447896502
element; 0.010169811427476815
rahmen; 0.010108920267884968
