Wort; Durchschnittlicher Wert
gepolstertem; 0.002996616397103935
weiß; 0.002719145679293433
trifft; 0.00266682069068338
menge; 0.002587101092467492
dunkelbraun; 0.002570329458831111
hellgrau; 0.0025485576818027765
stilvolles; 0.002284711683569185
wahl; 0.002133804850927845
einrichtungsstile; 0.0020803943332794008
viele; 0.0020609220984624697
erfüllt; 0.002039264137056307
zugabe; 0.0019205120333936065
option; 0.0018730758458332275
hellgrauen; 0.0018315219590476772
stauraum; 0.0018116715327778365
optisch; 0.0017816408204453182
juist; 0.001670894034396042
highlight; 0.0016412682001828217
zeitlosen; 0.0016378052961954382
verspricht; 0.0016095889070129488
u; 0.001586052022526019
taschenfederkern; 0.001565694061173417
inkl; 0.0015622536278897315
passenden; 0.0015267630598827964
ebenso; 0.0014810765896982048
style; 0.0014547738343480888
zeitlosem; 0.0014428871394557064
möglichkeit; 0.0014216384967539852
gästezimmer; 0.001406224370111886
polyester; 0.0013985765630422976
touch; 0.0013833862774390582
mikrofaser; 0.0013642388918015057
punktet; 0.00136074072233896
gute; 0.0013483827773598024
linien; 0.0013417435671726707
groß; 0.0012959043282087634
klappbett; 0.0012949862670211588
breiten; 0.0012685284913459328
möbelstück; 0.0012609857543793624
webstoff; 0.001258646218548165
lichtechtheit; 0.0012580818315655051
passende; 0.001257901075996415
verstellbar; 0.0012538398370452342
zurücklehnen; 0.0012526561444360595
eckigen; 0.0012526534925655143
natürliche; 0.0012422180981047858
gepolstertes; 0.0012395384514093167
lektüre; 0.0012382595434246469
obermaterial; 0.001238206288553556
kissen; 0.0011910679246284416
