Wort; Durchschnittlicher Wert
luftbett; 0.027140144677832722
marke; 0.026161052339011802
oberfläche; 0.02607158345053904
ab; 0.025897745457768906
pumpe; 0.02510988773428835
integrierten; 0.022523099498357624
komfortables; 0.022084132744930686
egal; 0.02107607600046322
lädt; 0.020874821866163983
platzsparend; 0.020664713403675705
ideal; 0.020479501925001385
macht; 0.020429604646051303
schlafplatz; 0.020411626990426156
nichtgebrauch; 0.020378384619834832
bestens; 0.020067670790012926
schnell; 0.019597233121749012
integrierter; 0.01924872664385475
gemütliche; 0.019204061827622354
besten; 0.019089308701222763
verstaut; 0.019051881428822526
rundet; 0.018879394881514598
übernachtungsbesuch; 0.018704032275127246
doppelbett; 0.018377999565564095
bequeme; 0.01835353047281387
anbieten; 0.01831605355546344
hause; 0.018040042894426733
abmessungen; 0.017906249158841092
freunden; 0.017797502837493085
ideale; 0.017639045388204978
top; 0.017577931459527463
bringen; 0.017531570577557432
praktischem; 0.017172148256213403
gerade; 0.017156620463356375
dafür; 0.017025755779468455
spontane; 0.016828404426632915
blau; 0.016747516735631508
übernachtungsgäste; 0.01665614512749016
gibt; 0.01655540121719241
kunststoff; 0.016535530623514205
familie; 0.0163783950949437
entspannen; 0.01635354851023294
bequemlichkeit; 0.016075736421043985
besonderen; 0.016073267883621158
benötigen; 0.01605400533835564
praktische; 0.01605179831967689
gästebett; 0.015974022285081445
bedarf; 0.015898920607287436
nu; 0.015386164776282385
runden; 0.01534101475335774
liegen; 0.015132343940786086
