Wort; Durchschnittlicher Wert
weiß; 0.018423210412538537
stilvolles; 0.015460549209819874
dunkelbraun; 0.011888335322510102
belastbarkeit; 0.011430361059319693
wählen; 0.01091334312222898
stauraum; 0.010725674212699233
inkl; 0.010246564896897325
sieht; 0.010130928890794167
gäste; 0.010036242043679523
zeitlose; 0.009609135142454761
ebenso; 0.009549680680720485
maximalen; 0.009457614324855968
möbelstück; 0.009301529025833588
polyester; 0.009272465451249445
hellgrau; 0.009240458979365939
korpus; 0.009051085517586443
gepolsterte; 0.00905100712479907
härtegrad; 0.009042302893931264
hellgrauen; 0.009038761797364714
gepolstertes; 0.008888692216532944
komfortablen; 0.00883246240155131
viele; 0.008779467599106283
verstellbar; 0.008745354598613631
verstauen; 0.008729052486705769
durchdachte; 0.008631609611637715
blick; 0.008566910156150697
menge; 0.008566787760719308
einrichtungsstile; 0.008548495204377105
mikrofaser; 0.008479929121381246
gefertigt; 0.008333084148762281
entscheiden; 0.008313551236278726
optisch; 0.00823528417149646
zeitlosen; 0.00821238113403524
erfüllt; 0.008204121455128189
gepolstertem; 0.008201477082548082
gesamtbreite; 0.008033033249057553
wichtigsten; 0.007996942965746712
klappbett; 0.007714356119686272
trifft; 0.007651806584908627
holzdekor; 0.007558200476546517
rund; 0.0073756453977694035
zugabe; 0.007352639323562471
option; 0.007116949101691717
schlafgelegenheit; 0.007109756423596991
wenigen; 0.006930903510874486
juist; 0.0068640437340945935
stets; 0.006831155662075617
erholsamen; 0.006808010720737912
ausgestattet; 0.006726841017371044
handumdrehen; 0.006619538290988203
