Wort; Durchschnittlicher Wert
schon; 0.015278295646589867
marke; 0.014500040284497117
oberfläche; 0.013710413895250895
verleihen; 0.013685293340677163
genügend; 0.013654788820872454
schublade; 0.013599763441379763
komfortables; 0.013592646191148106
luftbett; 0.013481728159581508
gemütliche; 0.01335879937671507
pumpe; 0.013305923390544195
integrierter; 0.013305040923148681
integrierte; 0.013188429804836232
edles; 0.012872685015736351
setzt; 0.012832742691534805
blicke; 0.012818693317649376
ab; 0.01281726993614427
akzente; 0.012701160162077941
edlen; 0.01265630175332717
echter; 0.012582353996822348
gerne; 0.012534343357947364
allein; 0.01244749841528119
bestens; 0.01241868394565131
modern; 0.012377133986001354
integriert; 0.0123768056406675
platzsparend; 0.012362675136540702
a; 0.012262088389752535
nichtgebrauch; 0.011608144185800029
dank; 0.011549588271964239
bieten; 0.011527186996681848
drei; 0.01136361443387841
eignet; 0.011077518682651544
verstaut; 0.010932412365536947
spontane; 0.010896438185455538
kunststoff; 0.010816357392596388
entspannen; 0.010815923394898164
bequeme; 0.010767882609570734
schlafplatz; 0.010659072717373874
schnell; 0.010553158456875166
äußerst; 0.010540919660707004
gibt; 0.01051385506788165
lädt; 0.01040179453591179
gemütliches; 0.010372809018485895
gerade; 0.010353811707693695
praktischem; 0.01029058874264166
platz; 0.01027599412589666
dafür; 0.01002809087407286
ganze; 0.010027976174546894
ideal; 0.010023637247103423
sorgt; 0.009929324451240973
übernachtungsbesuch; 0.009899768462400971
