Wort; Durchschnittlicher Wert
anthrazit; 0.017597956575627904
maßen; 0.015740352286593408
moderner; 0.01572832314286643
wohnung; 0.015114804573750007
matratzen; 0.015108392921683844
zuhause; 0.014014939873595722
albero; 0.014010876555130381
dekorative; 0.013785638884655782
einrichtung; 0.013361015853729442
hochwertigem; 0.013166495024051983
gästezimmer; 0.013002376324584475
stellen; 0.012928254679081874
ergänzen; 0.012918932908360149
bringt; 0.012762843600103223
stil; 0.012715122373629128
besitzt; 0.0124496705349884
robust; 0.012228207630914766
fürs; 0.01196964805603784
webstoff; 0.011949589132200344
schlichten; 0.011909823325277102
optimale; 0.011862697504609799
holen; 0.011846180861903121
kinderzimmer; 0.011774792231517495
passende; 0.011681585803040661
fernbedienung; 0.011636349636046362
passenden; 0.011556528176151914
topper; 0.011537179953847954
gleichnamigen; 0.011527530074999959
schicker; 0.011376070148980944
onlineshop; 0.011295432253245963
je; 0.011104040820373483
silber; 0.010952860727957158
dekor; 0.010951400822159485
nie; 0.010936156344814662
tonnentaschenfederkern; 0.01089622406266244
highlight; 0.010807382776238227
optik; 0.01062796670885291
eiche; 0.010548382560727987
schickes; 0.010515545833550277
erleben; 0.01051549002113461
design; 0.010488576660827675
zustand; 0.01018595557872004
wohlfühlen; 0.010174699175695422
perfekte; 0.010117563417259135
kommt; 0.010030459168910965
schlafgefühl; 0.010002807637465593
durchgehenden; 0.009884462931859161
you; 0.00973403206844523
maximale; 0.009711834384324903
passt; 0.009661967197462217
