Wort; Durchschnittlicher Wert
a; 0.020828209381033958
bieten; 0.020415004745996158
schublade; 0.02001269531901926
schon; 0.019896269134551402
verleihen; 0.01986434970749542
genügend; 0.019506672566058113
setzt; 0.019495761784492062
blicke; 0.019106752713560125
allein; 0.01871500644047046
gerne; 0.018587161682080477
integriert; 0.01825362093604781
akzente; 0.01817037055589026
edlen; 0.018160220337085774
echter; 0.017759795395249967
edles; 0.017631657497258858
integrierte; 0.01759461424589972
modern; 0.016760423306550365
dank; 0.01662155422891374
pumpe; 0.01647398361528758
luftbett; 0.016165128940338037
marke; 0.014342504083469976
ab; 0.013649512221127225
verstaut; 0.013607283341843867
gemütliche; 0.013554727055088733
komfortables; 0.013274100913167785
oberfläche; 0.013221760414194251
bequeme; 0.013146893421071582
lederlook; 0.013113771012285724
integrierten; 0.012997176531825971
egal; 0.012868238049850333
integrierter; 0.012713576335227118
gemütliches; 0.012434705043415307
bestens; 0.012284584726876347
zieht; 0.012251939020643476
liegen; 0.012251253707654541
besten; 0.011794540227856486
rundet; 0.011691821353269915
praktischem; 0.011582478478885605
ganze; 0.011578817282133969
übernachtungsgäste; 0.011562841788872902
äußerst; 0.011555992486319156
drei; 0.01155028599096113
schlafkomfort; 0.011485859116146458
macht; 0.011452841858954343
nichtgebrauch; 0.011182415661460254
platzsparend; 0.011062817830662652
entspannen; 0.010960404418801773
platz; 0.010541094583822996
spontane; 0.01053053788782563
lädt; 0.010450355008742918
