Wort; Durchschnittlicher Wert
dunkelbraun; 0.020683723776892295
belastbarkeit; 0.017916820041818937
zeitlose; 0.01517310104391072
ebenso; 0.014750157974776811
rund; 0.014208911522200652
gepolstertes; 0.014045684977827478
wichtigsten; 0.013907733261294197
komfortablen; 0.013667940542836732
maximalen; 0.013456296346703311
weiß; 0.013228370919023291
gäste; 0.013175739948928821
härtegrad; 0.013170246499066706
inkl; 0.012934683404455426
polyester; 0.012931967790791532
verstellbar; 0.012780593187562772
blick; 0.012223777202234488
stilvolles; 0.01218332493554044
gesamtbreite; 0.011119195198261878
mikrofaser; 0.011104975481794099
auswahl; 0.010132083659846103
großzügiges; 0.00991595367595437
stilvoll; 0.009400738787371665
größen; 0.00927096383584285
klappbett; 0.00912704980091803
wenigen; 0.00896167522878386
gesamthöhe; 0.00850920638986281
raum; 0.008493223904224578
handgriffen; 0.008453269430901855
erholsamen; 0.00831877984746825
farben; 0.008289120044355513
bezug; 0.00814165358151513
juist; 0.007330162417201791
weiteren; 0.007243718124300358
option; 0.006978863497715792
großes; 0.006710007715537358
handumdrehen; 0.003645998223146307
stets; 0.0033180827391333877
gesamtmaßen; 0.0032909738380112684
element; 0.003251059300725956
ausgestellt; 0.0032421361611341126
besten; 0.0031249751864379505
schlafgelegenheit; 0.003117356052825926
wahl; 0.002989124551640998
artikel; 0.0029822435168171068
c; 0.002915290822056704
ausgestattet; 0.0028840863169989463
elegantes; 0.002710185966748213
b; 0.002707188923523063
überzeugt; 0.0026967582698489423
trifft; 0.002650504824669042
