Wort; Durchschnittlicher Wert
anthrazit; 0.028627277875784785
geltung; 0.023953348890063352
kommt; 0.021594594116322696
zuhause; 0.021096394070627866
wohnung; 0.020640064887265906
hochwertigem; 0.02021466464502737
schicker; 0.020092784086591563
moderner; 0.018709884588315618
matratzen; 0.018630171369113668
maßen; 0.01818945293343859
robust; 0.017018712255958236
stil; 0.01681772747905086
gleichnamigen; 0.016464990976237458
einrichtung; 0.016121289611328395
fürs; 0.015981195984204534
bringt; 0.015449386936597875
schlafgefühl; 0.015353173112308816
albero; 0.01531075048224011
you; 0.014999546463150182
mid; 0.014062687948171514
erleben; 0.014031642457121052
perfekte; 0.013962618284131168
highlight; 0.013829158279986587
steppung; 0.013688656639715191
schlichten; 0.013684740045573563
schickes; 0.013346194825862768
zustand; 0.013335896536591462
silber; 0.013264543060358847
holen; 0.01325459862855496
maximale; 0.013197086873697117
stellen; 0.013173487415042474
tonnentaschenfederkern; 0.013154229794599815
passenden; 0.01305686487830826
serie; 0.012907051399815827
gästezimmer; 0.01285059572692262
onlineshop; 0.01281763498827786
morgen; 0.012771572249039308
webstoff; 0.012580412211400471
polsterbett; 0.012528083132929168
topper; 0.012522072951469454
durchgehenden; 0.012508205610356527
bezogen; 0.012507330969674513
optimale; 0.012441211223631399
nie; 0.01240639794996241
fernbedienung; 0.012359495996497572
bereichert; 0.011916117827058769
ergänzen; 0.011844318549265154
modernes; 0.011532206075207796
besitzt; 0.011511194660852198
gutes; 0.01131063880675356
