Wort; Durchschnittlicher Wert
braun; 0.27599626034498215
richtig; 0.2663979115895927
worauf; 0.2530016340315342
hellbraun; 0.23990996181964874
zonen; 0.2158485627733171
schlafgefühl; 0.21221355663146824
verbirgt; 0.20467408560216427
hellgrauen; 0.20143057126551867
trendsetter; 0.1956953858025372
viscoschaumkern; 0.1944782012142241
livetastic; 0.19407393352594227
robuste; 0.19399129366502166
buchenholz; 0.19075745018199086
boxspringbettes; 0.19062203401699662
ergänzen; 0.18989488563966006
hochwertigem; 0.1869185115210712
zugabe; 0.18612620187923312
zweit; 0.18280797637999058
komforthöhe; 0.18222609208896756
großer; 0.18220295407809317
falls; 0.1819623438641429
fest; 0.18003894854336977
eckschlafsofa; 0.17864729254506528
geöltem; 0.1760875373147428
nierenkissen; 0.17563809105195105
schönen; 0.1755973496256047
behagliche; 0.17517460347153246
eck; 0.1747909439727664
maximale; 0.17433362640440464
insgesamt; 0.17408200865611434
ankommt; 0.17270745057612658
legen; 0.17092202277854085
kopf; 0.16982783330604434
braunem; 0.16938256565481424
fußhöhe; 0.1679861252196133
kopfstütze; 0.16641067393356934
rund; 0.16551195085048676
lackiertem; 0.16450386168435216
basis; 0.1642784522846341
überzeugenden; 0.1635798627976328
feinen; 0.1633341201231815
xl; 0.16206518141552806
gewicht; 0.16162338375579566
stunden; 0.16133961593732238
dunkelblau; 0.16053328808629885
antara; 0.16008946299552917
entspanntes; 0.16008463071193546
ausschließlich; 0.1585029975976795
kingsize; 0.15587267948285444
nylon; 0.1549264377608779
