Wort; Durchschnittlicher Wert
kontrast; 0.05083598545752466
bezogenem; 0.044377359794452786
lieferunglieferhinweislieferung; 0.042784394056070596
schönes; 0.042382216175610665
vollwertiges; 0.04217120207613334
kieferfarbenen; 0.042161547346040606
hölzernen; 0.041313828667625785
rechnen; 0.04121265279172803
längen; 0.04040497503592633
gewischt; 0.03977007506182417
zweifellos; 0.03955944679910317
cremefarbenes; 0.03945359344652388
absoluter; 0.039428767187928315
gesteppt; 0.0392971211404074
himmelblaue; 0.03927749197464436
hellbraun; 0.039225896704010665
nardo; 0.039035135006997734
integriertes; 0.03873521136119962
blaue; 0.03833869472146034
künftig; 0.038321325671859086
beerefarbene; 0.03807325803791173
textil; 0.0379923481377773
bettfunktiondie; 0.03711001790361479
post; 0.03700195887358859
bonellfederkernmatraze; 0.03682188343373127
oslo; 0.036637949699070305
mikrofaser; 0.036584982997737825
hellgrauen; 0.03653179155662656
nackenstütze; 0.03628058618051
hinweisdieser; 0.03623958959360607
raffinierte; 0.03618961641882379
überzeugenden; 0.03592955309432
stützenden; 0.03570202844275627
entspannung; 0.03551039933154243
holzrahmen; 0.03548414618126117
braun; 0.034898514742963016
schlanken; 0.0348806488327682
coletta; 0.03482168752816506
hervorragenden; 0.034780811256496236
wohnendas; 0.03467778526828624
floralen; 0.03465081944887061
wertvolle; 0.03423551018931903
hingucker; 0.03399825487576891
inzwischen; 0.03399006533436477
liegegefühl; 0.033530919696204364
dunkelbraun; 0.03349722258280963
entspannenden; 0.03337061684578657
lange; 0.033294925960944965
neuer; 0.033287529193330556
schlamm; 0.03325545275583863
