Wort; Durchschnittlicher Wert
richtig; 0.11563495712471195
rund; 0.10663491134619107
federkern; 0.0977854887387366
kopfstütze; 0.0945688248903025
braun; 0.09228916956635658
zonen; 0.09092297172173858
ergänzen; 0.08794099249644205
elegant; 0.08710923996113706
höhe; 0.08673481704681762
schönen; 0.08645689559125458
passt; 0.0849208029849251
livetastic; 0.08451503597461851
füßen; 0.08419330060860375
schaumstoff; 0.08307700775367266
polstermöbel; 0.08252721206372371
entspanntes; 0.08167173492984148
schlafen; 0.08133318601903738
insgesamt; 0.0799882451465237
hellbraun; 0.07966881447646301
stunden; 0.07959532620589016
beträgt; 0.07942710771021666
buchenholz; 0.07915090689493809
maßen; 0.07869670724903699
nierenkissen; 0.07810405115014873
besitzt; 0.07804357470013201
erleben; 0.07769053270021686
polster; 0.0776320982240577
findet; 0.07747512046262273
angenehmen; 0.07706176453939406
falls; 0.07681010407395661
nylon; 0.07670131649138057
schlafgefühl; 0.07595057771686697
schlafgelegenheit; 0.07564435749372933
spontane; 0.07556736571405054
worauf; 0.07417624721711036
gehalten; 0.07379989777837181
belastbarkeit; 0.07328836199667421
schwarzen; 0.07292661233077524
verbringen; 0.07261323912098305
thomas; 0.07199028094328241
träume; 0.0718645803626714
klappbett; 0.07143013416498434
dadurch; 0.07125350865680957
entscheiden; 0.07110244589966896
gewicht; 0.07086126976355445
echt; 0.07074695593837532
viscoschaumkern; 0.06953458258794853
entdecken; 0.06929847048377269
hellgrau; 0.06924257732316619
graue; 0.06911780905647902
