Wort; Durchschnittlicher Wert
gepolsterten; 0.0883436550211627
topper; 0.07864091667579487
maschine; 0.07789009965199511
verbinden; 0.07510152767645195
einsitzer; 0.07448137903702445
samtbezug; 0.07425336998676357
boxspringbett; 0.07304737364756875
ab; 0.07176596496719867
buches; 0.07054893704298593
herausragende; 0.07007104161311872
hohe; 0.07000673366883348
knopfnaht; 0.06933445592585485
einzeln; 0.06887621752684936
bonellfederkern; 0.06814996410685126
monaco; 0.06727709392544057
faszinierenden; 0.06710129685234278
interieurs; 0.06704431568505242
praktischem; 0.06698842282639816
geöltem; 0.06645058433059603
bequemer; 0.06595007145369891
grazilen; 0.06560355384135619
glamour; 0.0644027819216717
trendigen; 0.06408979925981839
einzig; 0.06313810322899371
matto; 0.0624237391166389
schlafambiente; 0.0615131629165262
kategorienschlaftextiliennachtkästchenkleiderschränkekomplette; 0.06080937644583173
jahr; 0.06044485143502243
reich; 0.06013120072748279
exquisites; 0.059904722846113145
würfelform; 0.05954386098892428
verzaubern; 0.059461305500008166
bettes; 0.059358186976169236
vollbringt; 0.05910405559188803
zentimeter; 0.058779450482688844
gestützt; 0.05871632957132533
reißverschluss; 0.05855280942705576
modernen; 0.05852866463828832
gehalten; 0.05825086349796038
abgezogen; 0.05701711314031854
geformten; 0.05701641827181447
farbe; 0.05691140877388534
boxbett; 0.056882625198340975
rundet; 0.05686939555016579
touch; 0.056323935743421316
spannende; 0.055935984128154814
kombinationsfreudigen; 0.05590797308832407
boxspringbettes; 0.055735633301083
wohlverdienten; 0.055632952600717545
grüne; 0.05460235374630429
