Wort; Durchschnittlicher Wert
einschlafgeschichte; 0.06548998008656781
traumbett; 0.06334818272443954
platzsparend; 0.061104880158382
beliebt; 0.05188622411515098
zusätzlicher; 0.04669619558262639
schlafzimmermöbel; 0.045681299559305444
ware; 0.04376143568515545
bezüge; 0.04159299466118682
azurro; 0.04063017390581081
funktionelles; 0.0399227255693404
rollen; 0.039661667557084
bequemen; 0.039185889467262314
verbinden; 0.038844469523610314
person; 0.0383151900532539
co; 0.035860509608028224
gästezimmer; 0.03478359089058358
jamatratze; 0.03417802138210391
wäsche; 0.03407180132307985
bettfunktion; 0.033671423550003965
bettanlage; 0.033432579824875575
großzügigem; 0.033422387394239195
seitlichen; 0.03329902952464181
flexchoice; 0.032398900046246126
inkl; 0.032342917620553635
machart; 0.031053171318490058
persönliche; 0.030519726264628844
kündigen; 0.03041933217218684
lange; 0.0303785291253007
regalfächern; 0.029759689394268207
geschnittenen; 0.02956322611134965
fantastisches; 0.02945999166695401
aufbewahrungs; 0.0293962908526737
jahre; 0.029274757645907812
kopfteil; 0.029071168071823195
reduziert; 0.028911699353557196
elegante; 0.028843476839938376
dezenten; 0.028653248431510292
einfarbigen; 0.028633294627070427
krimi; 0.028261493342142785
hoher; 0.02819972871657228
wartet; 0.02807651367766084
gesamtgröße; 0.027895516896023764
hineinpumpen; 0.027713607911209692
ausstattunglattenrost; 0.027537113681773917
jungs; 0.027452103578980314
stärken; 0.02701937900565099
hand; 0.026992407456418732
pumpe; 0.026911522658338072
nachwuchs; 0.026909277672530152
vielseitige; 0.026817675334314117
