Wort; Durchschnittlicher Wert
braun; 0.08710313308984041
hellgrauen; 0.08628308982588351
fest; 0.08079518901649863
boxspringbettes; 0.0772420596331358
worauf; 0.07510024402290583
schlafgefühl; 0.07402631174772978
komforthöhe; 0.07312100054696202
zugabe; 0.07136122090741992
buchenholz; 0.0710983801400289
matto; 0.07038334431126714
großer; 0.06938619236461818
möbels; 0.06909843650646508
feinen; 0.068631277885288
legen; 0.066638870164752
falls; 0.06600976921617985
geschmackvolles; 0.06550512241665274
kopf; 0.06541559402830899
produkt; 0.06534072640351951
farbkombinationen; 0.06517291313502938
rollroste; 0.06441038381308317
echte; 0.06428212602622807
linien; 0.06363276939373463
reich; 0.06348720518872142
bedürfnissen; 0.06255838554352522
juist; 0.06251147296279669
bettkästen; 0.06208724627504125
komfortschaum; 0.061872627353295684
must; 0.0616760419216007
himmelblaue; 0.061637915088795125
verspricht; 0.06120303878560662
lasse; 0.060787991620600224
standfüßen; 0.06020567053928971
lackiertem; 0.060093275271356106
zumal; 0.05991169367916882
vereinbarung; 0.05938382362364791
fallen; 0.05934515572153032
bringt; 0.059290683595463634
xl; 0.05926864314824343
ergänzen; 0.05924181250156835
polyetherschaumkern; 0.0591868954943493
livetastic; 0.05872234853450209
vollenden; 0.05860037598267809
kind; 0.05832896468928084
hellbraun; 0.05832850281149149
sehen; 0.05820517905522138
kanten; 0.05789705261122435
abnehmen; 0.05753099941648543
maximale; 0.05744755896739662
hochwertigem; 0.05722438404336572
unterteilung; 0.056513953022658825
