Wort; Durchschnittlicher Wert
reißverschluss; 0.03389740927377716
airbed; 0.03242249341565184
wahren; 0.03133629714648123
orange; 0.030787399009568617
hochwertigem; 0.02990500319720013
schnell; 0.02962111047236249
abklappen; 0.02939356556362327
residieren; 0.0292452662542928
bedürfnissen; 0.028337100200587884
wohnerlebnis; 0.02833572276722407
unvergleichlichen; 0.02829100704002485
kopf; 0.02787407356163385
heute; 0.02786118324729614
integrierte; 0.027770801883889362
pflegeleicht; 0.027759858858189546
langen; 0.02763691970903892
wurde; 0.027587786127696745
verkleidet; 0.027499222094775178
eventualitäten; 0.027397011242101144
raumteiler; 0.02739207396098209
bettkästen; 0.027056231498136185
sitzplatz; 0.0270232265611412
kommt; 0.026915660117083462
unterwegs; 0.026868440811085748
geradlinigem; 0.02676760876784101
zeitloses; 0.026209365896647796
metallfüße; 0.02606724834186025
darauf; 0.025952140145818703
himmlische; 0.025933803219231777
zurückzulehnen; 0.025903225599904545
kuschelecke; 0.025881032212055288
unvergleichliche; 0.025858415188849904
schutz; 0.025589118449715897
auszüge; 0.025494847490335815
kern; 0.025159321627143072
textil; 0.024998436521855183
haut; 0.024895997878047638
minuten; 0.024571386697061826
lustige; 0.024513943171768915
selber; 0.02435647941456409
verspricht; 0.024338746996363625
genießer; 0.02418270500493236
brauchen; 0.024111559228913393
einsatzmöglichkeiten; 0.02406708901253296
unbestrittenen; 0.024050701304076938
zeitlosem; 0.023967524067302293
feinen; 0.023880424465460237
thomas; 0.02388026236440055
nylon; 0.023813367199181812
sitzqualität; 0.023745019803754985
