Wort; Durchschnittlicher Wert
funktionelles; 0.07770575569884386
clipso; 0.06861866513645509
kategorienwohntextilienvorhängestehleuchtenwohnzimmertischedrucken; 0.06346070338440768
person; 0.0564622733509168
hit; 0.05451615065976512
webstoffbezugs; 0.053568488750897814
gästezimmer; 0.05343921366147697
tollem; 0.05106074962532148
annehmlichkeiten; 0.04874964830378303
aeroluxe; 0.048208448344666976
wohlfühlprogramm; 0.04800520223216154
avensis; 0.047493027203017846
schwarzmaterial; 0.047204249080095906
varianten; 0.04615650785854086
luftbett; 0.046041142064495943
vielseitigen; 0.044526135505293496
outdoor; 0.04422008314759296
bereit; 0.044177638140808995
standfestigkeit; 0.04399516033299733
wohn; 0.043709933412173996
bestway; 0.043363119853893295
ja; 0.043241325991402846
völlig; 0.04317288481070136
benötigt; 0.04273090133210644
ergänzung; 0.03965713334036991
hautfreundliche; 0.03944334219704615
zusammenrollen; 0.03943800439446932
wohnungen; 0.0392838105908595
massiver; 0.038976916373940185
pvc; 0.0389309997408418
geeignetes; 0.038676545198541135
kleinen; 0.03859953139908612
unterwegs; 0.038383209983294364
lehnstuhl; 0.0377775059605483
wohnzimmern; 0.037759811646537855
armkissen; 0.03770765662193298
schaumstoffkissen; 0.037424091453431174
teilige; 0.037175095706516004
festigkeit; 0.037113628115548636
hinweisbitte; 0.03710631845751777
umlegen; 0.03685371253959602
comfort; 0.036237258434994146
figur; 0.03607968925007299
echtholz; 0.03587306063855067
armstützen; 0.0357488168447162
beflockte; 0.0356782614835538
situation; 0.03531583640142344
unschlagbaren; 0.03507856254145736
solide; 0.03500236580839555
dauerschläfer; 0.034980381387867965
