Wort; Durchschnittlicher Wert
cm; 0.15684251252241665
filialen; 0.15102282256611943
drucken; 0.14723634394431429
bequem; 0.14455711896516732
t; 0.1426109053354594
b; 0.13923435011947305
h; 0.13627624200034916
hinweisstoff; 0.13604723945172736
ca; 0.13299243352412304
bitte; 0.13094407287553622
l; 0.13030862237064866
lieferumfang; 0.12969071613360938
x; 0.12806795631695422
boxspringbett; 0.1261796189501183
webstoff; 0.12602594118652632
sofa; 0.1243713813382783
abgebildete; 0.12402892917270947
dekoration; 0.12350227680326498
schlafzimmerdrucken; 0.12320866950904019
ausgestellt; 0.12308466415197472
verfügt; 0.12263995989542309
zusammenstellung; 0.1216174003220658
interessante; 0.12109297350252746
artikel; 0.11980467669127393
freuen; 0.11933223779487889
enthalten; 0.11867544950291631
komfort; 0.11853926463732023
wohnlandschaft; 0.11838464673201088
bietet; 0.1181226454082207
hinweisdieser; 0.11787466755458809
besuch; 0.11639584558361094
personen; 0.11589856483624317
schaumstoff; 0.11573085733834887
einfach; 0.1149336326689081
hohe; 0.11442441408871673
bereits; 0.11319112254932406
nosagunterfederung; 0.11308495305365796
farbauswahl; 0.11256670609691355
bestellbar; 0.11189185907096544
modell; 0.11176382267149165
polstermöbels; 0.11164089317571779
ombra; 0.10932473223510897
füße; 0.10925625279196538
bettkasten; 0.10910673520265846
gehalten; 0.10909310558781726
moderne; 0.10859647920369753
persönliche; 0.10856132678964059
beachten; 0.10835395120739122
sorgt; 0.10831711308128433
wohnzimmer; 0.10827851538851974
