Wort; Durchschnittlicher Wert
braun; 0.08534961299665156
boxspringbettes; 0.07532874817115953
bezug; 0.07355453653781296
wohnlandschaft; 0.07339088244771119
nierenkissen; 0.07049632821508567
bitte; 0.0699168122644096
fest; 0.06949168712890241
fußhöhe; 0.068355692716068
komfortschaum; 0.06806472885364201
toppers; 0.06730968512783875
komfort; 0.0669522046810016
viscoschaumkern; 0.0669177434683661
etwa; 0.0663148169987835
sorgt; 0.06616040127846645
ausschließlich; 0.06595430499328359
gewaschen; 0.06572375432369881
reißverschluss; 0.06561350665288046
überzeugenden; 0.06552388131967746
ausgestellt; 0.06547538894483296
gewicht; 0.06377791892009554
design; 0.06373305806482676
filmabende; 0.06319330086080299
eck; 0.0627096608204738
filialen; 0.061600005625223275
bestellbar; 0.061220022067573154
boxhöhe; 0.061216065424332555
farben; 0.06106245572249236
fernbedienung; 0.06062879092860385
verbirgt; 0.060442980011430336
einsatz; 0.06043797230813652
stütze; 0.060411130274587777
kontrastfarbene; 0.06032941414741799
bonellfederkern; 0.06001482650935941
kopf; 0.05966164089295489
linken; 0.05953250972379465
zusagt; 0.0594421980495099
schlafgefühl; 0.05922146922512184
feinen; 0.058785379071196076
weiteren; 0.05861015549453441
modell; 0.05843572903813765
äußeres; 0.058290120599849615
schenkelmaßen; 0.05807481225929223
abgerundeten; 0.05780993415191915
couch; 0.05759571555609
sitzhöhe; 0.057243079173076694
linienführung; 0.05699336377438158
wurde; 0.05697959256940521
klaren; 0.05687966484310891
himmelbett; 0.056748599199636374
kingsize; 0.05674194759922102
