Wort; Durchschnittlicher Wert
braun; 0.05123057309538126
härtegraden; 0.04958471564168576
entspannenden; 0.04621055402094498
linkshinweiseine; 0.04595793015323579
neinlattenrost; 0.043154601473361254
hellgrauen; 0.04307548888027668
en; 0.040626813541166484
filmabend; 0.04038002919696737
sandfarbenem; 0.03763094748137519
wäsche; 0.03683489584363997
hellbraunen; 0.03651412413455546
kunstleder; 0.03532407098100521
davon; 0.0352286839770386
armlehne; 0.03499967866810039
alltag; 0.034642569939023815
trefflich; 0.03271179410512559
maßstäbe; 0.032420045346952975
abklappbaren; 0.03227827762020752
flachgewebe; 0.031889912264887244
armlehnenkissenmit; 0.03172365053615067
bettzubehör; 0.031678482599090785
sandfarben; 0.031297864123189356
hellbraun; 0.0312286710832268
smart; 0.031222657940816134
micki; 0.03115958656417206
wundervollen; 0.030415079672820866
kaufen; 0.030383722914848477
länge; 0.030322464590426534
chices; 0.030160866590449587
fallen; 0.029611675010528415
liegevergnügen; 0.029479097123839892
caminio; 0.02946658292785287
gloria; 0.02944475138792768
sprößlings; 0.029024456132901832
erweiterung; 0.02876703648325929
darwin; 0.02870799251832068
ergebnis; 0.028515854122815654
liegefühl; 0.028440018846595194
pueblo; 0.028272948460653424
großflächig; 0.02795819577295333
verschiedene; 0.02785820164717734
dunkelgraue; 0.027838714653626084
amara; 0.027708010082278633
vielseitigkeit; 0.02759740938199684
filigrane; 0.027580898633459583
intensiver; 0.027314885017403867
gewünschten; 0.027222954442549963
schlammfarbene; 0.0268214592942968
dinge; 0.026738619744719472
beginnen; 0.0266688182236976
