Wort; Durchschnittlicher Wert
ganz; 0.06924540708132554
anthrazit; 0.06866315337538254
x; 0.06604004089604132
b; 0.06390868610469624
t; 0.06359062681440264
ca; 0.06282636817377352
somit; 0.061656146306631854
verfügt; 0.06160209952213336
grau; 0.06057173415319994
weitere; 0.06041561263373296
abgebildete; 0.0601765220053494
große; 0.06013966655882541
webstoff; 0.059630504038068466
cm; 0.059620432228257414
beachten; 0.05942672526180104
bett; 0.05890338565222919
h; 0.05832078405364882
rückenlehne; 0.057665133906994015
weiß; 0.0563773239555303
kategorienschlaftextiliennachtkästchenkleiderschränkekomplette; 0.05600024365412537
runden; 0.05580033507067128
sofa; 0.055724965404806426
macht; 0.05548001301576733
lieferumfang; 0.05536336720979307
hinweisdieser; 0.0552253682326409
verschiedenen; 0.05458933574573166
schlafzimmerdrucken; 0.05447466806072043
grauen; 0.05378835278679617
schlafsofa; 0.05270137720799539
dunkelgrau; 0.05240540127852
ab; 0.05156330851605162
optik; 0.05150445326580666
matratze; 0.05149424589581031
bietet; 0.05148217111127451
ausgestattet; 0.05107759344900842
farbgebung; 0.05102547625574516
drucken; 0.05082782470162783
dekoration; 0.05077249688474694
komfortables; 0.0504885421396466
dank; 0.05043805251625599
stauraum; 0.05042300017157686
komfortablen; 0.04972124765481567
dekor; 0.049688660306856036
platz; 0.04946918081259355
lassen; 0.04928318775023399
zudem; 0.04911189033737173
luftbett; 0.049060360732255504
bequem; 0.049027854402083904
schlafzimmer; 0.0490253190328076
überzeugt; 0.04886615838040598
