Wort; Durchschnittlicher Wert
geneve; 0.11148978941491805
bestway; 0.1046483322061249
luftbett; 0.09834587448858656
bigsofa; 0.09604414013847418
grauem; 0.09305412263711332
erstrahlen; 0.0886582104194531
möglichkeit; 0.08584559008158976
comfort; 0.0817535749374656
verführerische; 0.08166701494337758
n; 0.08132968476274982
erweiterbar; 0.08073012059321627
mammut; 0.08038839813343657
hautfreundliche; 0.07968271028948948
erweitern; 0.07912716665305197
trendigem; 0.07877110232402629
fernsehabende; 0.07862629081319028
wohnzimmern; 0.07800006230536383
carrol; 0.07768091417528922
feines; 0.07749501123907976
fernsehsessel; 0.07658265135250986
mitgelieferten; 0.0763107918805872
offenbart; 0.07621677283896133
mitgelieferte; 0.07586326845921576
aircinch; 0.07578778303650324
verriegelnde; 0.07578775315050734
zugang; 0.07445446925703436
zieht; 0.07400371391850058
ungewolltes; 0.07373122794481901
ausruhen; 0.07261479995213449
zweisitzer; 0.07260687334928662
wohlfühlzentrum; 0.07174823277455289
minuten; 0.07149156360537745
abnehmbarem; 0.0713936353859026
silvia; 0.07088674855185673
pumpe; 0.07064616405841662
abenteuern; 0.07051142757336493
herrliche; 0.07042988289322238
outdoor; 0.06984757422469556
havanna; 0.06958075540023856
inkludierte; 0.06821269008014497
doppeltaschenfederkern; 0.06775690062204376
ergibt; 0.06758318346692249
reise; 0.06727049105029437
mehrere; 0.06724186338669824
veredelt; 0.06717023162855185
zeitloser; 0.06689814822311746
beflockte; 0.06687770926509984
system; 0.06603645988070639
senfgelb; 0.06533039172063582
verhindert; 0.06508354475045053
