Wort; Durchschnittlicher Wert
braun; 0.04004484385950491
zweit; 0.03370957502920646
höchste; 0.03246729468810372
trefflich; 0.03222674419521354
xl; 0.0321233072609175
rosa; 0.031543964716547634
liegt; 0.031369488351629116
geöltem; 0.03133372495358344
einzelnen; 0.030508529031067155
hinweis; 0.029815017056534998
buchenholz; 0.02962369445594959
hellbraun; 0.02951266489981208
kombinierbar; 0.02908395350095816
juist; 0.028929449355928227
erfüllt; 0.02879700280027464
designliegefläche; 0.028746881187544204
matto; 0.028718942834530026
legen; 0.02860609587514773
eck; 0.02814159322588239
zonen; 0.028095487708924338
robuste; 0.028061205201083794
komforthöhe; 0.027489090687595308
falls; 0.02742052945541218
besonderen; 0.027172428133781068
natürlicher; 0.027099833809188567
länge; 0.026684215139539447
neinlattenrost; 0.026639339048415422
besucher; 0.026580771751469
hochwertigem; 0.026542876614257693
stütze; 0.026138628614717163
stets; 0.026087487385666464
bettkästen; 0.025784556863072794
textil; 0.02572069021698553
geschmackvolles; 0.02564490761142224
statement; 0.025588184944353998
raumsparende; 0.025469732339843176
gemeinsam; 0.02540678435616428
wohlfühlenergänzen; 0.02520589634150383
lieferumfanges; 0.02504013414727524
kontrast; 0.024923505494371057
viscoschaumkern; 0.024902011195081286
kopfteilen; 0.024866204301360995
basis; 0.024795536184683442
gepolstertem; 0.024745277856709436
knopfsteppung; 0.024641826486913487
verwahren; 0.024601049910415895
lattenroste; 0.02448548871325329
hochwertigen; 0.02445839628489921
schlafgefühl; 0.02434565564908553
alexandra; 0.024339275012607686
