Wort; Durchschnittlicher Wert
kautschukholz; 0.08072755720786517
aufeinander; 0.06575052109292301
kategorienpolsterbettenboxspringbettenstauraumbettbetten; 0.057362154792826914
wohnliches; 0.05534883552991232
teilige; 0.054266888266283786
arm; 0.05373723939374031
großzügigem; 0.053340803096034506
schubkästen; 0.0532753637071437
eigene; 0.05310567403830646
breiten; 0.052965629798563896
weißem; 0.05285011456453503
mars; 0.05284795175975887
luftbett; 0.052600673774577444
bestway; 0.05238004515194916
bettschubkasten; 0.05196626940596616
zubehördrucken; 0.05111992943875521
textilbezug; 0.050674336360316374
pölstern; 0.05042572416255098
blassrote; 0.05037602292827614
rollrost; 0.050187270062451717
einrichtungsserie; 0.04856469681362796
aufputz; 0.04802716445738042
zwischen; 0.047988636330046575
wäre; 0.047600218395928096
montageanleitungdrucken; 0.047416871257155435
farbiger; 0.04699442040737267
erstrahlt; 0.04690535715781152
einsatzbereit; 0.046596836486060056
flexible; 0.046566136232286226
einrichtungsstile; 0.046265763081464684
reise; 0.04608814511743731
verführerische; 0.04507320222637645
versprüht; 0.04502119803055393
kündigen; 0.04468156559869385
mini; 0.044511185240253326
große; 0.04354257580052945
prakitscherweise; 0.04329782639615587
la; 0.042787269607174494
benötigen; 0.0427678134146845
allroundmöbel; 0.04272617226524744
funktionen; 0.04224495757262048
dienen; 0.042212878860482306
alleine; 0.042137407744576194
weißer; 0.042062614806127385
kompakten; 0.04199583249874195
beflockte; 0.041725869101355784
schlafzimmermöbel; 0.04122207528234867
gebracht; 0.04117403622421989
ausziehfunktion; 0.041143628804547916
kopfhörer; 0.0411284243573391
