Wort; Durchschnittlicher Wert
edlem; 0.226792042813031
rollroste; 0.21909679677628446
kopf; 0.1985799484900781
füßen; 0.19697874789926573
farbton; 0.1919252582010813
misst; 0.1906179521811282
ordnung; 0.18923714832635596
pflegemontageanleitunghinweisstoff; 0.18897815703530796
beige; 0.18053878649516264
greige; 0.18002171961416025
wände; 0.1767591160023585
eiche; 0.1729386677397997
wangenform; 0.17195991018525092
geradliniges; 0.1715786846471019
möbelstücke; 0.17094381121569313
ablagefächern; 0.1708045027917251
keinem; 0.1705614259262802
komplettieren; 0.17002869726275094
holen; 0.16816686772654066
einrichtung; 0.16787160332023632
samtbezug; 0.16364724334562197
haushalt; 0.1634507467097137
angekündigt; 0.16252711237757467
nylon; 0.16210756875079824
ästhetische; 0.1617204629292246
elegante; 0.16112123409402557
friscokombinieren; 0.16078422061400488
alaska; 0.1597470541310031
geklappt; 0.15949808320146985
platzangebot; 0.15912767429836094
marino; 0.15824016442638822
liegeerlebnis; 0.15750794548512204
entdeckendrucken; 0.15745810535736382
formschönen; 0.15664667848614044
unterstreichen; 0.15482314773544203
webstoffmax; 0.15396797281573527
schliff; 0.15382758059422486
silber; 0.15377303445711732
harmonieren; 0.15269301556691062
eyecatcher; 0.15076960438818787
möchte; 0.15055260539520532
rot; 0.14998172087507555
wandlungsfähiges; 0.14968731030239724
später; 0.14930524755982333
verziert; 0.14900523622054607
kompatibel; 0.14835808900534175
eldes; 0.14796073803154286
unterschiedlichen; 0.1479015208205965
dauerschläfer; 0.14756038841733243
stimmige; 0.14742244130320614
