Wort; Durchschnittlicher Wert
eindrucksvolles; 0.1736082436182187
pölstern; 0.172493543013843
wand; 0.16832406567118596
besitzt; 0.16620010705401
vintage; 0.1645097795917536
machen; 0.16372131643765897
toller; 0.16297723197203595
buchenholz; 0.16199490362487268
juist; 0.16031472014401515
richtig; 0.15951933984092648
braun; 0.15917512934265687
bringt; 0.15898198687136755
lieferumfanges; 0.15850291703372932
zugabe; 0.15811012526592094
robuste; 0.15442389842064586
legen; 0.15258791941596428
puncto; 0.1504886533730314
stunden; 0.14924104102465208
raumsparende; 0.14864931899501244
wandgestaltung; 0.1461504733451875
bedürfnissen; 0.14356221369416744
reißverschluss; 0.14161789908757783
hinweis; 0.14114413141055593
xl; 0.14037510375601414
zonen; 0.13956761694271336
praktisch; 0.13838723497428873
matto; 0.13759393751570315
dunkelblau; 0.1375767579083913
zwischen; 0.13703447224543197
großer; 0.13680317307444056
harmonisches; 0.13605129603092792
reich; 0.13536726425445522
komfortabler; 0.135360287335061
frische; 0.1353169687827176
kilogramm; 0.13468664964602794
kghinweisdieser; 0.13461791265945067
prakitscherweise; 0.1345371591669391
kindes; 0.1343249639212445
dunkelgraues; 0.13428540627501206
angenehmem; 0.133819527549349
mid; 0.1337473098215014
seinem; 0.13358158827759326
gut; 0.13349363173983875
boxspringbettes; 0.13312257090547064
großartige; 0.13234266066137934
maschine; 0.13233714824195886
gehen; 0.1322750439230731
you; 0.13212417387762798
kunststofffüßen; 0.1319714105757157
komfortschaum; 0.13175236452480021
