Wort; Durchschnittlicher Wert
minuten; 0.01958839283997804
gestaltbares; 0.019268511554400902
luftbett; 0.017311784569756128
schwarzem; 0.016736722454879782
entspannten; 0.016324314838129794
diverses; 0.01620144468597573
gitterbett; 0.01605591295810882
new; 0.015650235262000933
hautfreundliche; 0.015580059127387358
nessi; 0.015458365858648904
queen; 0.015409526589792222
comfort; 0.015313910713302903
flaches; 0.014910945419615018
eignet; 0.014843606346403249
gesicht; 0.014665306691313162
widerstandsfähige; 0.014582080504624173
mars; 0.0145456879545236
wissen; 0.014471197333477903
erweckt; 0.014319393892947119
soll; 0.014264180854297592
modischen; 0.014111867203610018
geselliges; 0.014076864066737471
fläche; 0.014065064870010247
silvia; 0.01406028715427965
reicher; 0.013879567308322294
dezente; 0.013800622687085706
vorgeprüften; 0.013797008663459565
feines; 0.013786141556920484
schaumstoffpolster; 0.013597812812804477
staufach; 0.01357003489829367
verzichten; 0.013366179775402998
zertifikaten; 0.013220275272033177
hält; 0.013059371091003413
tragetasche; 0.012922068555781152
wenden; 0.012857151614298346
wohnliches; 0.012856425735662924
armstützen; 0.012813502459266601
plausch; 0.01264940490364097
wolke; 0.012549087377919932
carrol; 0.012421046420058701
spendet; 0.0123502584756352
geneve; 0.01223320871940814
jamatratze; 0.012219839645695174
land; 0.01214915128366556
farbakzente; 0.012068382748111617
grauen; 0.01204561699705664
großgeschrieben; 0.0119447937950099
umwandeln; 0.01190564050557441
spontanen; 0.011762933318095747
ergeben; 0.011755367519072024
