Wort; Durchschnittlicher Wert
lackiertem; 0.029649053161847405
schlafvergnügen; 0.024351372387172887
schwarzen; 0.02283767217886634
kopf; 0.021449546853546053
abmessung; 0.02126080639072825
dessen; 0.020596964634023607
abnehmen; 0.02032631274778396
bordsteinkante; 0.01975787089759251
tolle; 0.019501047499943525
zurückzulehnen; 0.019344559206274425
boxspringbettes; 0.018987405750522157
struktur; 0.018899654170581925
opulentes; 0.018471469447831623
herausziehen; 0.01841523716575466
you; 0.018267621395352762
bestandteil; 0.017789518533390947
langlebigkeit; 0.01734122082416434
gebettet; 0.01709662934536027
vancouver; 0.016982572633423842
anthrazitmaterial; 0.016923159229918383
härtegrades; 0.016658114647725597
bereich; 0.0164769183829776
angenehmen; 0.0163733460963158
c; 0.01611196211524657
himmel; 0.01608527623466216
lazy; 0.015930431623928598
erleben; 0.015868238511757227
formensprache; 0.015837061058846302
fans; 0.01557987043634057
samtoberfläche; 0.015492666520003695
taschenfederkern; 0.015460207439900842
himmlische; 0.015445859186002053
exquisiten; 0.015386284616397461
detroit; 0.015036212905215507
holen; 0.014767441112780944
mikrofaserstoff; 0.014734468153619673
wesentliche; 0.014659117397968657
unterschiedlichen; 0.014608296914957464
verlaufenden; 0.014179227699059993
farblichen; 0.014175772128510289
blitzschnell; 0.01416560351208318
gesellige; 0.014153330259773611
genießerpassend; 0.014151721494272351
eldes; 0.01411820441717282
beträgtca; 0.014052598775720071
tacoma; 0.01401281275866495
springt; 0.013969496823847294
einzug; 0.013950955762993544
rückenpölstern; 0.0138778253167402
entspanntes; 0.013868752726466482
