Wort; Durchschnittlicher Wert
buchenholz; 0.3015933945644065
robuste; 0.2730984629379236
boxspringbettes; 0.27094588310137624
rosa; 0.26779185550331874
maschine; 0.2588719123159535
pölstern; 0.2572765915901982
lieferunglieferhinweislieferung; 0.25645487521978794
selbst; 0.24851741943348316
hellbraun; 0.24570567133196164
reißverschluss; 0.2421045672490436
komfortschaum; 0.24079607379098888
wobei; 0.23955684033717262
zonen; 0.2316896625843583
edel; 0.23103342966351192
kilogramm; 0.22465298316819826
vintage; 0.2237910982221365
toller; 0.21939584262145218
legen; 0.21762309408950387
matto; 0.21688964317036152
wand; 0.21670833083044272
angenehmem; 0.21622059278888628
gehen; 0.21355359934386797
hochwertigem; 0.2132030111097265
üppig; 0.21063117327867076
stütze; 0.2097427222688566
xl; 0.20915702994534513
prakitscherweise; 0.20877546962583438
velours; 0.20849440956408216
verloren; 0.20780381455551833
puncto; 0.20763122045900673
schönen; 0.20546163534163497
stilvoll; 0.20440417837380664
gewicht; 0.20356701485070516
harmonisches; 0.2035539716907806
dunkelblau; 0.20346248522400856
großer; 0.20290209367612988
geöltem; 0.19633353856897884
juist; 0.19394148077844875
süße; 0.19335874800162856
frischen; 0.19225474979975843
fußhöhe; 0.19162414455058752
zumal; 0.19155360275908606
gepolstertem; 0.19059216309688054
exakt; 0.19014222067198716
problem; 0.18996371411776636
lieferumfanges; 0.18990569407469593
wertigkeit; 0.189381839154521
farbtöne; 0.18845027110000956
massiven; 0.18736179618281312
schlafgefühl; 0.18617309811315863
