Wort; Durchschnittlicher Wert
angenehmem; 0.03756804305885453
eindrucksvolles; 0.035877316127880476
geliebten; 0.034093496469722595
verloren; 0.0314286253269529
arm; 0.030858897749567404
kategorienwohntextilienvorhängestehleuchtenwohnzimmertischedrucken; 0.03003344220633153
heiß; 0.02997142986282597
spontaner; 0.02968704724480631
abklappbaren; 0.02882843000406865
klasse; 0.027080206466109757
grazilen; 0.0268754659955448
wandgestaltung; 0.026723771119577577
blassrote; 0.025999029181548394
liegefunktion; 0.025696050037367968
breiten; 0.025662194777396508
pflegehinweisehinweisdieser; 0.02548662637855159
zwischen; 0.025308450502052438
zuletzt; 0.02529917467472842
retro; 0.025242895093469997
variieren; 0.025075258334254613
treffpunkt; 0.025043706249107345
kind; 0.024943287629866973
karlo; 0.024685847783985082
grüne; 0.02451696510979673
nierenkissenrücken; 0.024299086936480307
dunkelgraues; 0.024285663159389514
dunkelblau; 0.02419702144652547
vorkommen; 0.024060093754087575
perugia; 0.023854729635786498
aufkommen; 0.02385181647935042
mitgeliefert; 0.023749389336444438
style; 0.02362102226470597
samtoberstoff; 0.023513841497333487
dunkelblaue; 0.02342090088495752
nahezu; 0.02326333394739777
lotta; 0.023246180338901468
pluspunkt; 0.023206591089547146
fröhlichem; 0.023185995552921668
kategorienpolsterbettenboxspringbettenstauraumbettbetten; 0.023141870813560672
kautschukholz; 0.023066031687221766
stockholm; 0.023044458795993705
ansprechendes; 0.02298755718220491
funktionen; 0.022929289945750497
polyetherschaumkernund; 0.02283773280942114
erwachsenwerden; 0.02282662178913597
einrichtungsstile; 0.02276475565668079
bereit; 0.022613975836065947
prakitscherweise; 0.02260856570501346
zubehördrucken; 0.02256955680786632
schubkästen; 0.02252555278755608
