Wort; Durchschnittlicher Wert
eindrucksvolles; 0.10818265380294179
edel; 0.10094454843601852
kind; 0.1004597115170327
angenehmem; 0.09569480509526329
reich; 0.09385883317372645
vintage; 0.09253639007874881
lieferumfanges; 0.08505753100325819
pölstern; 0.08489159422606463
prakitscherweise; 0.0846746616425662
wandgestaltung; 0.08393042385432636
komfortschaum; 0.08392295172961894
dunkelblau; 0.08345257796827354
raumsparende; 0.08219286769417522
maschine; 0.08109082579176174
buchenholz; 0.08064131959326915
wand; 0.08047285473730881
verloren; 0.07958209762205115
holzrahmen; 0.07940336854517227
harmonisches; 0.07930625463995966
dieser; 0.07855349909732467
selbst; 0.07809854146034922
massiven; 0.07735734955713269
nierenkissen; 0.07687427102337097
zubettgehen; 0.07667791858693818
robuste; 0.07625339798414643
kilogramm; 0.07597554645417404
puncto; 0.07580361960026494
rechteckige; 0.07546907230425859
ergebnis; 0.07513688261678908
gewicht; 0.07512917839363809
matto; 0.07441960086725885
toller; 0.07417536948742054
liegefunktion; 0.07395831472240388
überzeugende; 0.07327940623508766
juist; 0.0731100126849924
geöltem; 0.07305092050592066
kghinweisdieser; 0.07300099519670766
scalea; 0.0725777244042547
kontrastfarbene; 0.0717309356041369
platzbedarfgenießen; 0.07168188949071919
stilbewussten; 0.07159100532180673
rindleder; 0.07095397077955568
rosa; 0.07089002730663196
wobei; 0.07046389473362069
komfortabler; 0.06894324445966049
lagos; 0.06888631768379128
kindes; 0.06879954416217515
spontaner; 0.06871037186419926
stilvoll; 0.06848148412791488
variieren; 0.0683743706297264
