Wort; Durchschnittlicher Wert
modischen; 0.036608242571674054
geschickt; 0.03588764899268426
bonellfederkernmatratze; 0.035381927647904376
kategorienwohntextilienvorhängestehleuchtenwohnzimmertischedrucken; 0.034772108469041996
nessi; 0.03436511874315329
einlasstiefe; 0.03430900081366417
cruz; 0.03407129284551047
diwan; 0.03385830650222488
beleuchtung; 0.03378787658220972
empfehlen; 0.0332974574102991
edelstahl; 0.03276028190157376
gehüllt; 0.03247128314944803
mars; 0.031885083622910315
versprüht; 0.03186158015705587
led; 0.03129270772842574
reise; 0.031084865225693648
dezente; 0.031038941871884163
tauchen; 0.030875185410877748
aufgeblasen; 0.030638820964668412
silvia; 0.02995307639304201
carrol; 0.029945552740173298
dunkelgrauer; 0.029760018735032645
bettlade; 0.02931168695431552
kopffunktion; 0.029175239270443853
verführerische; 0.029173911207180936
person; 0.029159809335396858
rollrost; 0.028955893167221802
schaumstoffpolstern; 0.028798868110357034
artige; 0.028729499175824458
hervorziehen; 0.028538897811813513
schlafoptionen; 0.028184387368582975
levi; 0.028159073413917213
einzelbett; 0.028005485401081387
wohlfühlzentrum; 0.027742343034333317
entgehen; 0.02742074360139668
fußstützen; 0.027346999417204643
abgesetzten; 0.02721159788870864
aufputz; 0.027211226280996925
bedienung; 0.027126695909828413
lederoptik; 0.026560630300082266
kabel; 0.026528326347033726
geneve; 0.026156314146646764
mercura; 0.02607694646985692
breiten; 0.025988474837504327
charme; 0.025975521330565243
treffliche; 0.025791678323002998
tv; 0.025608426897861136
widerstandsfähige; 0.025531927447445923
schaumstoffkissen; 0.02542242710114806
schnelle; 0.025405418376067246
