Wort; Durchschnittlicher Wert
abrundet; 0.03027437545824796
eindrucksvolles; 0.029687303336686455
pölstern; 0.028443048846384045
wand; 0.02793676985311322
pink; 0.025604091497370973
eichefarbenem; 0.024978870584163815
wohlfühlatmosphäre; 0.02495691423973767
wandgestaltung; 0.022942906142816355
arm; 0.02263383031822741
öffnen; 0.02126302326246332
blicke; 0.021256551997794304
absolutentrendfarbe; 0.021074659933219664
fans; 0.020654827618272975
vintage; 0.020592034532455727
heiß; 0.020309207262471318
doppelt; 0.020268596963433083
zwischen; 0.020086071235709824
zubehördrucken; 0.019996587114292197
playboy; 0.0196300613170024
dunkelblau; 0.019511794300342444
prakitscherweise; 0.019461611955193803
gestaltete; 0.01942541683820309
verloren; 0.019178955088136718
auswahl; 0.0191388521961926
q; 0.019055112345085945
liegevergnügen; 0.019009669951628894
zubettgehen; 0.018980020788148977
farbtöne; 0.018960880617669318
großzügiges; 0.018874117005907465
angenehmem; 0.018703499692492187
lagos; 0.018511169728299137
braun; 0.01825514345546253
gehalten; 0.017995480542595033
integrieren; 0.017824268416006817
ergebnis; 0.017659246259427164
strapazierfähiger; 0.0176508094118617
angesagtem; 0.017638328230532352
hautnah; 0.017617234654608183
dienen; 0.017612524548894726
auszug; 0.017464649707108038
nahezu; 0.01745412652962841
selig; 0.017163044307380915
wenig; 0.017151983847725205
großer; 0.01711212727241218
features; 0.017104531711083837
have; 0.01700736171915196
herausziehen; 0.016967419229331426
schlicht; 0.01692461795391864
holzfüßen; 0.016867012598595466
kopfteile; 0.016860924607499328
