Wort; Durchschnittlicher Wert
tipp; 0.21686290903016925
pölstern; 0.20601652516052127
kghinweisdieser; 0.2024419884182862
informationenpaketgröße; 0.20201399954385124
eindrucksvolles; 0.195827155810548
zugabe; 0.19443231430341257
zustellung; 0.18743113036543946
paketspezifische; 0.18533827425562777
verloren; 0.17398161708842963
linien; 0.17289442222681828
toller; 0.1728041375754401
erleben; 0.17217725334194256
prakitscherweise; 0.17119467738666572
paketgewicht; 0.169241334671824
thomas; 0.16794474715425167
reich; 0.16778954804613022
edel; 0.16462202792536118
bettschubladen; 0.16462061923812144
gehen; 0.16175606196884473
erholsamer; 0.1615011023320676
lieferumfanges; 0.16110548959113657
bordsteinkante; 0.1580118722486077
kontaktieren; 0.15797975074838178
diejenige; 0.15681818706798367
dadurch; 0.15495298758651188
wand; 0.15372715883131605
rosa; 0.1533880322882908
spediteur; 0.15185304989427095
harmonisches; 0.15148111577582313
klaren; 0.1513116238929797
bezüglich; 0.15104683382378425
matto; 0.15092749210452894
liefertermins; 0.15052438333805185
frische; 0.1504193731561827
beträgt; 0.14863914140005363
juist; 0.1485784014894307
wandgestaltung; 0.1479793012981645
lieferunglieferhinweislieferung; 0.14791118081302557
rund; 0.14603932813724896
süße; 0.1455494311521761
angenehmem; 0.14549972899112618
braune; 0.1438574496860383
kopf; 0.14335843596199993
massiven; 0.14269249392964412
vereinbarung; 0.142550810945977
geöltem; 0.14214737138536293
raumsparende; 0.140565450392387
verdeckt; 0.14017388175125234
vintage; 0.1392773854167899
halt; 0.13887072342186002
