Wort; Durchschnittlicher Wert
bestway; 0.24787216301410808
luftbett; 0.24205179772980046
pumpe; 0.20978936492610956
charme; 0.19486741876607994
kleinen; 0.19162180284365604
räumen; 0.19085647281099227
grauem; 0.1888764397435807
schlafplatz; 0.18877355610857194
gästezimmer; 0.1871437776935636
fernsehsessel; 0.1862574381448212
einzelbett; 0.18625482363859192
geneve; 0.18453177335322835
dekor; 0.18424853097531013
zweisitzer; 0.1822804291441571
minuten; 0.1809397641918622
beflockte; 0.17719410811150738
einlasstiefe; 0.1770984088361729
hautfreundliche; 0.1719887242797995
eignet; 0.1709581227551098
feines; 0.1681852975889342
glänzendem; 0.16717291326494887
weiß; 0.16567050360754365
bettlade; 0.16525732235095347
ausgezeichnet; 0.165213553889771
edelstahl; 0.1642303881890257
nachtkästchen; 0.16312465073133353
empfehlen; 0.16305144333091448
geräumige; 0.16179584344354225
exklusiv; 0.16163698976743035
übernachtungsmöglichkeit; 0.15899117457593093
person; 0.1578008672136093
jugendzimmer; 0.1577823516818171
lese; 0.1576127330918098
teilige; 0.15750293541350402
spezielle; 0.1570290408853907
einrichtungsserie; 0.15686460271535907
schaumstoffpolster; 0.15582936793362023
simon; 0.15508108963695122
bonellfederkernmatratze; 0.15428071904170793
schaumstoffkissen; 0.1541798539683441
geschickt; 0.15326232356164837
herzen; 0.15324573872203473
wotan; 0.15254876170911302
entgehen; 0.15222042366076494
mars; 0.15137570048682392
gitterbett; 0.15133632815559395
schnellverschlussventil; 0.15076730626060453
funktionelles; 0.15032416033136542
queen; 0.14976652169571025
grauen; 0.14960171531856759
