Wort; Durchschnittlicher Wert
noppenstruktur; 0.02584905775211155
komplettieren; 0.02549109552455775
ende; 0.02410348509602045
bereich; 0.02397729975700713
charming; 0.02380441308105219
wo; 0.023101290258637164
qualitätsvollen; 0.022813492416162262
griff; 0.02259818972015637
gegenstände; 0.02256341339921164
mitbestellen; 0.02204587161759264
verona; 0.021943641964753624
wohlfühlinsel; 0.0213155393685156
loungen; 0.021182788879400505
eingearbeiteten; 0.021115855131938588
pink; 0.02108396339099272
unprätentiöses; 0.020970967023458797
durchgehende; 0.02092683169666998
materialien; 0.02084732702405745
arbeiten; 0.020525715008488987
schlafgefühl; 0.020494268738275423
spielt; 0.020417601908775396
eldes; 0.020393481864175556
darunter; 0.02025659626815468
fjord; 0.020195077300741104
san; 0.020169601514680835
schwarze; 0.020060557642864296
möbelstücke; 0.02000866009575475
messende; 0.02000701856809428
wohnen; 0.01989462533583719
einzigartiges; 0.019884872106104012
platzsparend; 0.019743086197649973
armkissen; 0.019594139459513826
jahren; 0.019521227328368695
stoffe; 0.01948179127430194
tauschen; 0.019455239087619702
sanft; 0.019320841028275026
haushalt; 0.01921730550020584
luxuriösen; 0.019074821175308898
entdeckendrucken; 0.01904505353923014
stimmige; 0.018912287262082828
jalattenrost; 0.018907567602582276
dora; 0.018700953995903546
mosbach; 0.01861778793954727
noblen; 0.018562217042017437
luigi; 0.018468321987711533
geklappt; 0.018400776688849874
sonstiges; 0.018363704159128247
fred; 0.0183570417948431
unbestechlich; 0.018317121837412742
erholung; 0.018305938234220775
