Wort; Durchschnittlicher Wert
samtbezug; 0.219156859900977
rollroste; 0.215610395254771
misst; 0.21238068278034916
farbton; 0.19710864776243398
geradliniges; 0.19686742761405185
wände; 0.1917765428952407
holen; 0.18940334420494764
einrichtung; 0.18635560508118942
silber; 0.18622102637891658
kopf; 0.18301086634528474
ordnung; 0.18170401512179524
eiche; 0.1739213135879254
jedes; 0.17371516927414632
beige; 0.17177973527577706
ablageflächen; 0.16508376169076655
nachts; 0.15929880612566194
greige; 0.1581549603579333
marino; 0.15589342181920074
puren; 0.15575435740174726
liegeerlebnis; 0.15541573167320166
unterstreichen; 0.1552910149039235
robust; 0.15513731893952354
nosagunterfederung; 0.1532340965786716
ästhetische; 0.15321656846572296
komplettieren; 0.15216342027997598
teilen; 0.15162755580968224
möchte; 0.15119816770493344
füßen; 0.14951829130586702
rahmen; 0.1493203960781102
dauerschläfer; 0.14907797635532916
genutzt; 0.14857159132225206
edlem; 0.14813434745155973
pflegemontageanleitunghinweisstoff; 0.14788690763816703
versehen; 0.14738034282345325
matratzenhöhe; 0.14731373942049686
langjähriger; 0.14688147377455607
unterschiedlichen; 0.1462640439367533
naturbelassenem; 0.14595772918255534
verziert; 0.14436107689107303
lattenroste; 0.1443579669939936
raffinierte; 0.14434891345445067
angekündigt; 0.1434621404914651
tagesdecke; 0.14187162879534299
mitbestellen; 0.1417717266594991
stimmige; 0.14175239037285792
maximale; 0.14047672463993877
hochwertigen; 0.13941691097716102
verräumen; 0.13905133539810777
jene; 0.13902291451813653
platzangebot; 0.13890668092062697
