Wort; Durchschnittlicher Wert
edl; 0.046122124818793964
aussieht; 0.045255261356942356
mina; 0.04463266977109015
kauf; 0.04423631094846314
dorry; 0.042995538911782205
n; 0.04263442265801132
trag; 0.04112598177744076
bauchschlaf; 0.040543279552366585
bedien; 0.04047837550751865
coletta; 0.03968009876552969
zugang; 0.03882564778905362
fotobox; 0.03758299519540742
motor; 0.0367153998449794
befindet; 0.036561899876687676
tablet; 0.036469117272645235
holzdekormodell; 0.03624763169500511
gegenub; 0.03605244968639454
klassisch; 0.035976699542516144
liest; 0.0351289042737335
must; 0.03429608350234048
zubehor; 0.03415653019328602
glitzernd; 0.03411766147473827
sinddas; 0.03349343031004537
monaco; 0.033410441857995465
hinweisstoff; 0.03297302171267802
silvia; 0.03284142422489822
gering; 0.032681829965440556
eroffnet; 0.03239753732486861
fussteil; 0.03237263049231842
haushalt; 0.0323481415034621
gesteigert; 0.03228905329842746
ravello; 0.03227972751483321
geniesst; 0.032165278521461005
rund; 0.03208979003466084
wrid; 0.03199036361183971
exklusivitat; 0.03192442108411342
driv; 0.03182068320165854
funf; 0.031752368129673414
liegemass; 0.03172946930862963
individuell; 0.03171907905925764
platzmit; 0.03148462949320674
passt; 0.031182691804133356
weissprufzeich; 0.031176679767668247
abwisch; 0.03097190905828029
mama; 0.030910475994460285
wohlfuhlmobel; 0.03070697028306313
topp; 0.030600720754591748
offenbart; 0.03031478147022426
zaubert; 0.030061944962653797
lebensdau; 0.030047775529965293
