Wort; Durchschnittlicher Wert
Nackenstütze; 0.043713232795562364
Rollroste; 0.042051972555054815
misst; 0.0396099303929077
Füßen; 0.0389796892675804
Voraussetzungen; 0.038630684987583666
Ob; 0.0378892491949955
Dauerschläfer; 0.03614797150949016
Holen; 0.0358886394307774
Farbton; 0.03572663651902985
Letztere; 0.03569534625858069
Ordnung; 0.035564308884204365
MARINO; 0.03550883642747067
Waschen; 0.03541842561680823
Samtbezug; 0.03464869802992325
Augen; 0.03431017088296358
wohlfühlen; 0.03424804175083409
Programm; 0.03391774295387222
möchte; 0.03388129528029822
jedes; 0.03384496957878582
Einrichtung; 0.03374541529919952
Wände; 0.03357780062360689
wunderbare; 0.03335711514664581
unterstreichen; 0.03311854392959503
Kopf; 0.032781265370431356
gestalten; 0.03269897956320165
Silber; 0.03251893597189337
wiederum; 0.03224002109491266
genutzt; 0.031939822211279535
nachts; 0.03188466166175204
umfunktionieren; 0.03169149207569717
FüßenStilvoll; 0.031462175573688
langjähriger; 0.03128269430599175
Liegeerlebnis; 0.030905593682837205
Möbelstücke; 0.030846938661125024
darauf; 0.030777920424588955
geklappt; 0.030767741837189534
ansprechenden; 0.03074431764689507
Lattenroste; 0.03057971966918558
formschönen; 0.030442892531118558
absolute; 0.03034926867549075
Relaxen; 0.030178243480622768
damit; 0.030150679402140668
Nylon; 0.02995659834268736
letzten; 0.02991782505559968
denn; 0.02968977520358749
beides; 0.029670836351579057
wertvolle; 0.029526553631876597
Bereichern; 0.02944550195825286
schlafen; 0.029373677272815257
fürs; 0.029297169329947793
