Wort; Durchschnittlicher Wert
Braun; 0.047016263393607004
Vintage; 0.046773188401130025
Pölstern; 0.0451103732077172
angenehmem; 0.04490945659345016
Zugabe; 0.04320886490895646
MATTO; 0.042330507800215855
Buchenholz; 0.04221216821408689
kgHinweisDieser; 0.04081459874432767
Kind; 0.04080674705583078
toller; 0.040213842714729255
verloren; 0.040167509415186944
gehen; 0.03856649637164082
prakitscherweise; 0.038538978285214395
eindrucksvolles; 0.0383002438058611
bringt; 0.03798131203948287
Maschine; 0.037737896829639794
edel; 0.03662766538473079
Kg; 0.03647049485007301
Wand; 0.036194220255856634
richtig; 0.035853780385514254
InformationenPaketgröße; 0.03547657428716775
Reich; 0.0354241552282474
Vorteil; 0.03526937830465613
liegt; 0.035186431762122085
XL; 0.0350322331476491
bezogenem; 0.03500126989456476
Komfortschaum; 0.034798505455546545
Boxspringbettes; 0.034567434587006576
JUIST; 0.034492938220500945
Integrieren; 0.03440323171380442
Hinweis; 0.03435970217979047
Sitztiefe; 0.034121456742286685
dieser; 0.03397172767145094
harmonisches; 0.033874170323542785
Wandgestaltung; 0.03317843412514776
dunklem; 0.03313380129111465
robuste; 0.03308098278648686
echt; 0.032888310962880495
Rot; 0.03271026777406405
Hand; 0.03267484981333837
LAGOS; 0.032493287575198336
frische; 0.03196270707994699
Lieferumfanges; 0.03189136194778257
Zubettgehen; 0.03180722008110024
Stütze; 0.03160056843150869
Liegefunktion; 0.03159972217981703
Retro; 0.0313001425791299
Details; 0.03128890447915182
Komforthöhe; 0.031237208007951267
erleben; 0.03103838760071085
