Wort; Durchschnittlicher Wert
misst; 0.041886667039943856
Ordnung; 0.040707615291466936
Kopf; 0.03939992603263818
unterstreichen; 0.03742704874021001
Rollroste; 0.03684580951667158
Eiche; 0.03606519928871421
Ablageflächen; 0.03601536884671077
darauf; 0.03532616076990962
versehen; 0.03502921117396909
geeignet; 0.034944860002724454
Waschen; 0.0347558434237726
weiter; 0.03446477690304164
Boxspringsofa; 0.033769305134774184
Programm; 0.03369761513531557
Rahmen; 0.03316663238801994
ästhetische; 0.03286046595312655
Wangenform; 0.0328223853604868
natürliche; 0.0325696968146076
puren; 0.032419783773366365
gefallen; 0.03241953100005048
Schlafgefühl; 0.03238626496167853
überzeugen; 0.03210782239984837
Augen; 0.03210525033355225
Bereich; 0.03197847733972594
Letztere; 0.03193929541885154
Liegeerlebnis; 0.03177183962725394
Matratzenhöhe; 0.031561737197625915
Kiefer; 0.03147044447105145
Schliff; 0.031122856336878613
Einrichtung; 0.030931545537896454
schlichten; 0.030881391025468476
nachts; 0.0305511464481242
naturbelassenem; 0.030417511973064394
umfunktionieren; 0.030373876955127343
geradliniges; 0.03033139239414595
offenen; 0.030296167475171387
Natürlicher; 0.03012656643986702
harmonieren; 0.030038772081024945
Gegenstände; 0.029891168891845156
Griff; 0.029873565275920555
MARINO; 0.029850129364058377
Bereichern; 0.02977797915773408
Kiefernholz; 0.029761671910819132
letzten; 0.029752893091063014
Ausziehbett; 0.029509145743213595
beides; 0.029502690565641386
Dunkelgrün; 0.02947162894415669
klaren; 0.029358152745408005
langjähriger; 0.029309421265497803
Vergangenheit; 0.029208143515279516
