Wort; Durchschnittlicher Wert
Eiche; 0.18448436767357634
Kopf; 0.18054373971244786
Ordnung; 0.17697742397285765
misst; 0.17412778699690534
Farbton; 0.16895830890643992
Dauerschläfer; 0.16376192519965116
unterstreichen; 0.1636820769476799
Einrichtung; 0.16367585924490413
Rollroste; 0.16118820426345337
Nosagunterfederung; 0.1559626445578033
Rücken; 0.15422423231211724
Wände; 0.15355214374721982
Voraussetzungen; 0.15190737744705984
Wangenform; 0.1505244191212114
wohlfühlen; 0.149391956441832
Flair; 0.14915326319169253
Kiefer; 0.14775405623367988
wiederum; 0.1455825233788346
genutzt; 0.14535814237569866
Boxspringsofa; 0.14482131725526415
angekündigt; 0.144329629947606
dieser; 0.14301108724612277
Im; 0.14244758035056293
Rahmen; 0.1415703934035264
Farben; 0.14152592789469054
Rückenkissen; 0.14084374951926293
möchte; 0.14066081752753234
Eyecatcher; 0.14054081791982753
Ob; 0.1405322676000651
Kiefernholz; 0.1403682053387456
elegante; 0.14006758783580153
Platzangebot; 0.14006022153625963
schickem; 0.1399086123019515
gestalten; 0.13851041144516785
puren; 0.1382377690906651
echter; 0.13758741232959437
schlichten; 0.13706847703906533
formschönen; 0.13605834915142623
höchsten; 0.1359051412455301
MARINO; 0.13566122349948273
Ablageflächen; 0.13414685862517217
Waschen; 0.13405696607151185
Beige; 0.1337924412200664
Rückenpölstern; 0.13321592165448237
Schliff; 0.13212345730062225
durch; 0.1314707372112025
letzten; 0.13061862281392678
Möbelstücke; 0.130539128313103
edlem; 0.1298517738831606
langjähriger; 0.12972375373283285
