Wort; Durchschnittlicher Wert
gemütliche; 0.022045879299912485
Marke; 0.020961979930871167
verstaut; 0.020884451264282688
ganze; 0.019672975863795728
äußerst; 0.019625745851226385
Oberfläche; 0.019591505953576414
gefertigt; 0.0192752461618511
ab; 0.018980366236064583
Luftbett; 0.01819271709755412
bequeme; 0.01772820625951681
bestens; 0.01753003330377396
gemütliches; 0.01740975409538805
Liegen; 0.017239167445222848
Schlafen; 0.01715046930476092
Egal; 0.01680822986527346
komfortables; 0.015641855248759384
dafür; 0.015334766481100815
über; 0.015313030412653462
Auf; 0.015246067724183377
gibt; 0.015211566411016975
Bequemes; 0.015132241774699651
kann; 0.015049443932139184
dank; 0.014937418670160695
macht; 0.014926293201278895
am; 0.014731747994665057
wir; 0.01450260339770466
Entspannen; 0.014492589185374527
Besonders; 0.013743231844273396
integrierte; 0.013650387824964128
edlen; 0.013553161549498326
moderne; 0.013507655520515981
genügend; 0.013432347704656422
Dank; 0.013358159421477467
was; 0.013244134045089595
Eine; 0.013206917262868956
Top; 0.013123822753550484
runden; 0.013064691112958826
Übernachtungsgäste; 0.013008519826689735
spontane; 0.01292821592069231
Edles; 0.012814206271286821
Übernachtungsbesuch; 0.012669115881726612
Zudem; 0.012652538587281015
bringen; 0.012628085532196565
flexibel; 0.012559937177866232
Kunststoff; 0.012505392235470935
besten; 0.012344283807760804
Einfach; 0.012335893580006996
einmal; 0.01222423902945593
seinem; 0.012192009097634581
modern; 0.012146281759851264
