Wort; Durchschnittlicher Wert
angekündigt; 0.005368583854578901
robustes; 0.004354662730474956
Stoffe; 0.004120289214188233
Ordnung; 0.004093238138011657
Microfaser; 0.004076271134545095
Vorteilhaft; 0.004005480793603055
Bereich; 0.003937438700086204
Simplizität; 0.0037328046666516455
Verlieben; 0.0036344289928820217
Musikhören; 0.0036148364888504148
Tasse; 0.0035794654628261923
Gemütlichkeitsfaktor; 0.0035736727106268516
maßgeblich; 0.0035054856416536495
mitbestellen; 0.0034275695026735773
Camelfarben; 0.0033995228572166526
lautet; 0.003375922839404666
Fliegen; 0.00337022678431822
wohlfühlen; 0.0033013416614267044
harmonieren; 0.003296358844090719
Schönes; 0.003271924317232333
Geradliniges; 0.003202031746332068
Passende; 0.003171874755935278
Polypropylen; 0.003147256993179326
Farblich; 0.0031097703002160417
skandinavischem; 0.0031037171720527112
FRISCOKombinieren; 0.003090659054578282
SABIA; 0.0030670383694086922
Klappe; 0.0030518302432028578
jugendliche; 0.00305011949276377
zugänglich; 0.0029827866070263553
Angst; 0.00292553348626825
Zusammenspiel; 0.00292186421356746
Jersey; 0.0029013783227128443
Sprösslings; 0.0028918470125063322
Musterung; 0.0028826061636209486
afrikanischen; 0.002866341147455387
Absteppungen; 0.002846543107443722
Wohnelement; 0.0028267281697480938
Kolonialstil; 0.002818049977940973
trendiger; 0.0028143186689703727
Asiatisches; 0.0028117610316257926
beigefarbenen; 0.002803232055157423
verbringen; 0.0028029650753524037
geklappt; 0.002788076383876614
Sockel; 0.002773171421722509
gestepptem; 0.0027424289713962936
Zufall; 0.002697285690373974
einfügt; 0.002691891507129185
Geben; 0.0026847872075450143
Schauen; 0.002674701036949045
