Wort; Durchschnittlicher Wert
BESTWAY; 0.006286501794238575
stilvollem; 0.005827173193392809
Runden; 0.005591142167395447
grauem; 0.005479000799823552
Bonellfederkernmatratze; 0.005408578543028853
Sitzkissen; 0.005398478452843847
praktisches; 0.005203330690983421
schnelle; 0.005089219895307906
Luftbett; 0.005016052829228101
Tagesdecke; 0.004930933105060831
eigentliche; 0.00483273779245792
Charme; 0.004771462468488608
Metallbeinen; 0.004762900317473395
HOGAN; 0.004707443073857576
untere; 0.004673255389934639
Auszug; 0.004654586847755127
MERCURA; 0.004586847675091122
m; 0.004570724595760111
komplettieren; 0.004557960279635153
Edelstahl; 0.004530196182895452
FALCO; 0.004470096553995972
Wohlfühlinsel; 0.004422181377049128
Papa; 0.004401473110920051
wandlungsfähiges; 0.004393555936985649
Setzen; 0.004334590322105214
ausgestatteten; 0.004334191544330679
MÖBELIX; 0.0042742182275105735
baumeln; 0.004263138792521204
schlagen; 0.004249492438248126
verbreitet; 0.004224553205131087
ausgeklappt; 0.004184338159393519
Schnellverschlussventil; 0.004173455105046742
hervorragend; 0.004017816734267399
BARI; 0.004004298032668885
schlichtem; 0.003920804215886165
hell; 0.0038382605449442052
mittel; 0.003816862135499832
hüpfen; 0.003811448629312508
ALICANTE; 0.003807636636838652
modernem; 0.003802680836815853
uvm; 0.003800772491376847
zugänglich; 0.0037908800586592406
AufbauanleitungHinweisDieser; 0.0037905235316429754
ISOTTA; 0.0037865184429392686
mitgeliefert; 0.003748266337788664
Gemütlichkeitsfaktor; 0.0037327645142795516
ATLANTIS; 0.0037323933254810983
CRUZ; 0.003732335496169981
unkomplizierte; 0.0037204476375336526
Musterung; 0.0037169551593251525
