Wort; Durchschnittlicher Wert
Anthrazit; 0.017200145067181438
robust; 0.01579067314723943
bringt; 0.015626954784966073
Somit; 0.015320335145224817
gleichnamigen; 0.015228399925399571
ihren; 0.015159663147642277
Stil; 0.015040994429728016
moderner; 0.014826171796084964
Einrichtung; 0.014313409982787562
Zuhause; 0.014295992851839402
anderen; 0.014007498168211896
Wohlfühlen; 0.013873431969113881
hat; 0.013281601575727109
schicker; 0.013137043903407175
Maßen; 0.012952830786889535
Matratzen; 0.012864685141153132
ins; 0.012551541679567891
hochwertigem; 0.012501604252611287
Wohnung; 0.012239246048557107
Gästezimmer; 0.012051342862832826
Durch; 0.011916953712352551
Es; 0.011155866990884533
Look; 0.011048896505963057
Schwarz; 0.010883634313358925
durch; 0.01022031335196516
modernen; 0.010177173687952745
zieht; 0.01014124599751085
per; 0.009876837269985117
Grau; 0.009822105502826162
Dekor; 0.00959906021853385
seinen; 0.009380759721761934
sorgen; 0.009037306143727619
wie; 0.008996311295777559
fürs; 0.00895210520538967
MID; 0.0089479454789398
perfekte; 0.008742952240572777
Schickes; 0.008678366892308987
schlichten; 0.008544976109988056
YOU; 0.00853597955974692
Topper; 0.008521985257721099
nach; 0.00851023805589648
passenden; 0.008460362963523949
mehr; 0.008435255195217905
Eiche; 0.008390241600136506
Höhe; 0.0083571217401186
Sicherheit; 0.008312397664121817
Ihrer; 0.008252718202129472
Wenn; 0.008175502660742495
können; 0.00813800358446315
unserem; 0.00806672401522519
