Wort; Durchschnittlicher Wert
rund; 0.0036925412913660694
Erleben; 0.0033747505264727804
Zuhause; 0.0033312348691652005
Eiche; 0.003128824415580311
zeitlosen; 0.0031059073102824184
bequemen; 0.0030148871760957265
hochwertigem; 0.002940524305722647
ausgestattet; 0.0029172786771596293
Korpus; 0.0027405637732044854
je; 0.0027331741031048295
ebenso; 0.002724294730069232
viele; 0.0027016809709948576
Bezug; 0.0026588188417008495
schicker; 0.0026248180427501213
optimale; 0.0026219870866725616
gepolstertem; 0.002615102601566832
Stauraum; 0.002565171073365491
zeitlose; 0.0025582315230167295
Belastbarkeit; 0.0024496446334978826
sorgen; 0.002440515597018589
selbst; 0.002428158236671152
wählen; 0.0024074817459677432
kommt; 0.0022824811113650867
Da; 0.0021517086313338043
hellgrauen; 0.002091126263121623
Highlight; 0.0020403056149916666
Onlineshop; 0.002008555551219615
gepolstertes; 0.002007554765077657
Dekor; 0.0019892635090855036
Gäste; 0.0019600259564867884
dieses; 0.0019586098714171386
Einrichtungsstile; 0.0018838730072275212
Webstoff; 0.0018788164356010385
gleich; 0.0018461946817751596
erfüllt; 0.0018354114855810622
verstauen; 0.0018079151369420287
Flexibilität; 0.0018026621778290063
perfekte; 0.0018000845072492667
zwischen; 0.001799085453490079
durchgehenden; 0.0017705040971122798
Preis; 0.0017579202774186341
schlafen; 0.0017536325820799448
Rahmen; 0.0017460310770729848
ihr; 0.0017406537894203212
Sicherheit; 0.0017237700944974677
Polyester; 0.0017142608227459278
wieder; 0.0016989276725780655
Kinderzimmer; 0.0016550117407859942
verstellbar; 0.0016325273461006873
MID; 0.0016321663758844807
