Wort; Durchschnittlicher Wert
gemütliche; 0.016838463530075388
integrierte; 0.015302701812470332
ab; 0.01524557673255913
Marke; 0.015184180179494433
Luftbett; 0.015016917001048569
bestens; 0.014908378543623257
Oberfläche; 0.014648683319683187
gemütliches; 0.014601423556450754
einmal; 0.014424492498801556
haben; 0.014279518112016377
dank; 0.013963220381265273
Entspannen; 0.013676406015292741
Auf; 0.013619123468743055
Liegen; 0.013500478629794088
gefertigt; 0.01346557975775795
Dank; 0.013444747787434607
komfortables; 0.01325312130356906
spontane; 0.013151814137563634
Schlafen; 0.013090880253002979
integrierter; 0.012999096888233908
drei; 0.012761471087287646
über; 0.012760957908176352
Eine; 0.012728673601668562
Zudem; 0.012714091513771564
Schlafplatz; 0.012570509672514163
seine; 0.012328370699833613
ob; 0.012240563220984768
Kunststoff; 0.012223895403803909
Hause; 0.012219791355892084
äußerst; 0.012135802402190166
Akzente; 0.012087643437553197
verstaut; 0.012012894260988106
schon; 0.011892946842999663
ganze; 0.011852069381711771
bequeme; 0.011824750665982719
alle; 0.011744301470753272
Blicke; 0.011662979767424985
integrierten; 0.011624469795788173
Übernachtungsgäste; 0.011610684396873693
Dann; 0.011591936627519317
Personen; 0.011561222324962728
was; 0.011551163949479814
modern; 0.011461871176288696
macht; 0.011404329825018067
wenn; 0.011365959653630853
seinem; 0.0113263299150276
genügend; 0.01112691388480016
wir; 0.011086175983655267
echter; 0.01105947028263472
Bequemes; 0.010990259128448088
