Wort; Durchschnittlicher Wert
Kommoden; 0.0068044684615415464
platzsparende; 0.006500669319939334
Metallbeinen; 0.006218208699283423
Senfgelb; 0.006002278132928041
eigentliche; 0.005901689814345445
CUBA; 0.005824222210503649
GENEVE; 0.005774246744113043
exklusiv; 0.005685455487400759
CLIO; 0.005498145754972939
Mädchen; 0.005324839795866865
Richtige; 0.005320603125346679
Pölstern; 0.005278320805518888
NEW; 0.0050591560793691315
Massivholz; 0.005023831058497308
NEO; 0.004952770280215191
AVENSIS; 0.004881917751481524
genau; 0.00484804036332207
vielseitige; 0.0048179372533923015
coole; 0.004816514785125037
Formschaum; 0.004814158375666011
begleiten; 0.004793696827618987
Arm; 0.004791538164136
dreifach; 0.004743354245147202
zeitloser; 0.004739801913819975
AufbauanleitungHinweisBitte; 0.004697621645755134
LEVI; 0.0046852661515004
dienen; 0.004668053351997515
Betthälfte; 0.004648517730311141
Kippfunktion; 0.004602062129924889
Übernachtungsmöglichkeit; 0.0045435753199853934
Schaumstoffpolstern; 0.004417242987983627
großzügig; 0.004381427277985494
eindrucksvolles; 0.0043660919916874265
Kg; 0.004320696546346881
Schränken; 0.004317230450396892
Mix; 0.004313504605670459
Komfortvorzüge; 0.004301107819628669
Allroundmöbel; 0.004270655949949287
Schöne; 0.0042341555817984045
Gemütlich; 0.004227887127490249
modischen; 0.004227614492992871
Tüll; 0.004195614891068544
LOTAR; 0.004193271668191301
LAGOS; 0.004187746473326115
BOX; 0.0041726189898327
widerstandsfähige; 0.004104194654792082
Ideal; 0.0040974179224576805
versprüht; 0.00406248410072294
Stilvolle; 0.00401071222659084
mitgeliefert; 0.003995003605086822
