Wort; Durchschnittlicher Wert
Anthrazit; 0.011905689411287312
elegantes; 0.011112144251092105
Wohnung; 0.010997578776914452
schicker; 0.010819855057707172
hochwertigem; 0.010748497527310974
Zuhause; 0.010572120283541153
fürs; 0.010279593305494928
Maßen; 0.00887806576465664
ins; 0.008832585605705389
MID; 0.00880895451593915
Matratzen; 0.008530090204476436
Kinderzimmer; 0.008292026164235721
optimale; 0.00814221476939565
durchgehenden; 0.008097777751390822
Fernbedienung; 0.008050950840606674
schlafen; 0.007980608134312206
Look; 0.007944458320525882
je; 0.007932726735452889
Topper; 0.007885227169072095
Webstoff; 0.00788148948813614
nie; 0.007875750042376239
YOU; 0.007870511349210574
Gästezimmer; 0.00781939584230713
nach; 0.007692330427380512
Morgen; 0.007673868971687625
Tonnentaschenfederkern; 0.007665750047453912
schlichten; 0.007556295291215065
modernen; 0.007513502597748811
maximale; 0.007467060504495748
praktisches; 0.007284296753277885
perfekte; 0.007260492621389858
Wohlfühlen; 0.007246078973707881
ihr; 0.007244675226502295
gleichnamigen; 0.007145489935487604
Onlineshop; 0.006980764997206279
Highlight; 0.006951376749930205
Eiche; 0.006938850530059426
anderen; 0.0067581400498966104
Vereinbarung; 0.0067568232107078074
Einrichtung; 0.006727189059165539
Dekor; 0.006725692670624994
Spediteur; 0.006712571531534195
kommt; 0.006663871676244071
Ihrer; 0.006630970836386041
wie; 0.0065748683589845315
ergänzen; 0.006527963231064859
passenden; 0.006467065577271569
Erleben; 0.006405064317732467
Liefertermins; 0.0063860472135274906
frei; 0.006322087627995643
