Wort; Durchschnittlicher Wert
Anthrazit; 0.016219395246298517
Maßen; 0.012051679122851055
elegantes; 0.011792336240750956
Matratzen; 0.01146810996124259
Wohnung; 0.011423187460695771
fürs; 0.0114207138153688
Zuhause; 0.010817993619093613
ins; 0.010780099196290393
hochwertigem; 0.010750723729870515
schicker; 0.00963126245296735
MID; 0.009208227319686558
YOU; 0.009172658139823398
Wohlfühlen; 0.008348336952985846
ihren; 0.00823136585386237
Gästezimmer; 0.00816385537655151
gleichnamigen; 0.007925317700210145
Schlafgefühl; 0.007739816367939056
je; 0.0077245299453352345
Look; 0.00768696474187891
moderner; 0.007425918021817779
Webstoff; 0.007407792395497381
gleich; 0.007319742930303619
Kinderzimmer; 0.007287061238457682
optimale; 0.007276826951419934
Stil; 0.007219753273056994
Flexibilität; 0.007192354239646192
bringt; 0.0071613686246564615
modernen; 0.007140884946056758
Tonnentaschenfederkern; 0.007065110184748846
ihr; 0.007061487998998928
per; 0.006997625396888907
Grau; 0.006907229350326815
Highlight; 0.006786181708594086
Somit; 0.006781525138103461
Einrichtung; 0.006723512944608956
eignet; 0.006723119233038232
durchgehenden; 0.006684009100536059
nach; 0.006650734173581441
perfekte; 0.006621994686975085
Wenn; 0.006617029148355868
sorgen; 0.00660925975016653
Sicherheit; 0.006576881193814188
praktisches; 0.006554029107610404
Höhe; 0.006544307165557939
Schickes; 0.006518072228936944
Fernbedienung; 0.006445055772746855
durch; 0.006314584533902235
robust; 0.006260452853985044
sehr; 0.006239209642899368
schlafen; 0.006229438453556213
