Wort; Durchschnittlicher Wert
per; 0.013322618602433067
graue; 0.013090856305188936
Praktisch; 0.012231036205503188
Anthrazit; 0.011172886069653032
wie; 0.01093345929066345
Höhe; 0.01046607836824478
Wenn; 0.010278420835788893
einmal; 0.010146607896876958
am; 0.01003179524841471
Liefertermins; 0.009691701916017337
nur; 0.009671997447458124
eines; 0.009286079675530346
übrigens; 0.009230331318303798
seine; 0.009197732885331789
Lesen; 0.009191893569686726
somit; 0.008997129747876897
passt; 0.008935530331609699
Spediteur; 0.00891906721963096
Atmosphäre; 0.008883440628324024
Vereinbarung; 0.008862976184900617
Einen; 0.008811319262622418
individuellen; 0.008800320309455855
seinem; 0.008741673822623853
Paketspezifische; 0.008740907550509292
kontaktieren; 0.008728932983831327
Dann; 0.008641662993431965
rundet; 0.008634604784037946
welcher; 0.008620500832557809
aussehen; 0.008619452866241772
tragen; 0.008559111189526902
praktischen; 0.008548588098074105
viel; 0.008398821193395634
frei; 0.008276506276251894
Paketgröße; 0.008261143997242471
Ob; 0.008160426895710771
Schlafmöbel; 0.008078719289164838
verleiht; 0.007994909095214098
kgPaketgewicht; 0.007961589031810944
Gästezimmer; 0.007951902743752726
Bordsteinkante; 0.007866737534459389
sechs; 0.00785850061220117
schwarze; 0.007829758315165237
Träume; 0.00782546118070968
sondern; 0.0078216709116532
besteht; 0.007790002492947678
erfolgt; 0.007789882895849587
schon; 0.007775607709481847
drei; 0.007773473047836888
Ihr; 0.007767535227321787
alle; 0.007761721699262125
