Wort; Durchschnittlicher Wert
Weiß; 0.012355051324993838
wählen; 0.010441631053981836
zeitlose; 0.009363784075685545
ebenso; 0.009201001397377695
sieht; 0.008652727157459595
Korpus; 0.008475118173919327
selbst; 0.00842157892038813
gepolsterte; 0.008285364698531339
dieses; 0.007919739475005372
Möbelstück; 0.0077864961975137705
Dunkelbraun; 0.0077580078459959624
Hellgrau; 0.007674904829491425
zeitlosen; 0.007608268306648824
Stauraum; 0.007506801556519349
ausgestattet; 0.00720403601048929
Belastbarkeit; 0.007143948969314806
hellgrauen; 0.007130400097412348
durchdachte; 0.007021012875429733
erfüllt; 0.006951563834445551
entscheiden; 0.006775443394872127
viele; 0.006582151021575555
JUIST; 0.006471191307355184
maximalen; 0.006440579198533669
Einrichtungsstile; 0.0063841383205726744
optisch; 0.006306378819863312
rund; 0.006066966819707887
Preis; 0.0060617198003456
gut; 0.006040500069502741
Gäste; 0.006011248146387515
inkl; 0.005708149114343542
komfortablen; 0.005566553880271385
weiteren; 0.005414036640286213
erholsamen; 0.005404899761924753
etwa; 0.005387665150556132
Wahl; 0.00537551741781499
sie; 0.005373183750270983
Lattenrost; 0.005314509378877119
Klappbett; 0.005275729453569511
Handgriffen; 0.005251127737574279
gepolstertem; 0.005223434058279963
Blick; 0.005170894184084318
verstauen; 0.005160088698175969
Holzdekor; 0.005103669262462062
vor; 0.00506044520298019
stilvoll; 0.005024489336210536
Schlafgelegenheit; 0.005014617169126723
Auswahl; 0.004984026122838259
Gesamtmaßen; 0.004964842347334297
Polyester; 0.004890453816187801
Farben; 0.004863698173721787
