Wort; Durchschnittlicher Wert
gemütliche; 0.0200591024959067
ab; 0.01875122683122754
Eine; 0.01779399593215203
Entspannen; 0.017636037920601665
gefertigt; 0.01740402261784766
ganze; 0.01704332754270581
Schlafen; 0.01693961672617661
bequeme; 0.016792462842931854
macht; 0.01605578508315375
Egal; 0.01550068428277882
äußerst; 0.015446141446318506
komfortables; 0.015401964732700436
wir; 0.01531145852059126
über; 0.015114870102479472
Liegen; 0.014771309238858521
gemütliches; 0.014658428996335715
erhalten; 0.014613084134907695
Bequemes; 0.014586865992168897
Besonders; 0.014380798388447146
dank; 0.014364474925787362
setzt; 0.014314216532511637
verstaut; 0.014242108273720078
lädt; 0.01405483925268527
besten; 0.014038718471419997
runden; 0.013846892450237647
haben; 0.013692239189549583
Top; 0.01367150966252666
dafür; 0.013486436574021354
Einfach; 0.013479300699691521
Neben; 0.01346570605300883
einmal; 0.01340520163794281
gerne; 0.013400559462570526
gibt; 0.01336345601685025
Schublade; 0.013264587182493414
Dann; 0.013188229926163331
Zudem; 0.013138990885636304
rundet; 0.013070382924342993
dieser; 0.013068510155426339
moderne; 0.012975203376845457
seinem; 0.01295440566027537
Akzente; 0.012901349828462116
bieten; 0.01288021503642085
flexibel; 0.012770596461632523
edlen; 0.012754196496098302
was; 0.01268831164270523
schon; 0.012629682158512878
bringen; 0.012613326309656258
Blicke; 0.012549467688950244
Material; 0.012479250107389817
Denn; 0.012448339469119673
