Wort; Durchschnittlicher Wert
BettkastenDrucken; 0.013713603991800483
jaMatratzenkern; 0.013230359923727519
StoffauswahlMaßeLiegefläche; 0.012017807414849813
jaLattenrost; 0.011952954754815438
KopfteilMaßeLiegefläche; 0.010894150497369992
WeißMaterial; 0.010289269752729525
jaMatratze; 0.010219068936112307
AusstattungLattenrost; 0.009966026938172945
Blick; 0.009814493417661652
Infos; 0.009731294064420127
beweglicher; 0.009596360090563394
Beste; 0.00946222305046831
Mittelgurt; 0.0092585571616155
Leistenlagerung; 0.008700023967139713
BonellfederkernHärtegrad; 0.008694043073955982
Leisten; 0.008562903402162193
Voraussetzungen; 0.008423232973837003
Gesamthöhe; 0.008399082165851723
Besonderheiten; 0.00821369154682543
wichtigsten; 0.008176583706244855
gepolstertes; 0.008108135711427166
MaterialFarbe; 0.007675433462088677
dunklen; 0.0074275090047649425
umfangreiche; 0.00732110097851546
k; 0.007265615010669535
Federkernpolsterung; 0.007179402149085945
waschbar; 0.006700431113301875
Gesamtbreite; 0.006686058238119586
Wohlfühlen; 0.0066799925527902815
komfortable; 0.0066786717280137966
Träumen; 0.006555434743791011
inkl; 0.006538964281298831
Gesamtlänge; 0.006464096480135595
abnehmbarem; 0.006442023731688095
Entspannen; 0.006376694319715171
helle; 0.006237553093706083
Polsterbett; 0.006046889820913748
teilige; 0.006012022126742522
rechten; 0.0059742566581462596
aufbewahren; 0.005753219413963962
persönlichen; 0.005639386803159141
glänzenden; 0.005634395167999173
verstellbar; 0.005629356306235423
Wohnzimmer; 0.0054200048511120254
Grau; 0.005256906131944561
Kuscheln; 0.005157455232546226
Liegehöhe; 0.005146097055097698
Anthrazitfarbenes; 0.005132948444133945
Zeiten; 0.0049498331376526036
trendigen; 0.004933896266447846
