Wort; Durchschnittlicher Wert
mehr; 0.002168883594367799
Praktisch; 0.0021038390114426877
Onlineshop; 0.0019049019520025468
schwarzen; 0.0018615881467212603
fügt; 0.0018062107934724736
kombiniert; 0.001704342858556629
Da; 0.0016939370328145742
ihr; 0.0016850609270477434
Gäste; 0.0015822280063730431
nichts; 0.001517761310969945
Morgen; 0.0015145758134622155
selbst; 0.0014894902411469956
Vor; 0.001489434094810349
Option; 0.0014845075525954598
unserem; 0.001470885083108442
versehen; 0.0014298748194960353
Zweisitzer; 0.0014205250768100086
elegantes; 0.0014170784637826729
bereits; 0.0014039306120139372
Webstoffbezug; 0.0013898903968538434
welcher; 0.0013669234536791918
schwarze; 0.0013508453275790089
ausgestattet; 0.00134635459362471
übrigens; 0.0013443565205307096
PreisNeben; 0.0013435104975087597
Buch; 0.0013316865888555185
wenn; 0.0013272606363898376
Wohnlandschaft; 0.0013187698767069378
Liegegefühl; 0.0013046988516180135
fürs; 0.0012677081798756263
natürlichen; 0.001259347684617751
Rücken; 0.0012556828973629309
Handumdrehen; 0.0012512548855738714
bezogen; 0.001248598580576754
Fußteil; 0.0012239793148467015
hohen; 0.0012068281073425169
Wolken; 0.0011975017509485042
PH; 0.0011894456603386062
ergänzen; 0.0011882528429850935
JAMES; 0.0011804652875980538
weiter; 0.0011777965664805379
zeitlose; 0.0011777850197177032
verwandeln; 0.0011749818492717168
Nachtkästchen; 0.0011561617378902157
Ihre; 0.0011495781196572351
mitten; 0.0011346540601607558
LUKKA; 0.0011045201122215076
viel; 0.00108891934814892
erholt; 0.0010715612483636506
Im; 0.0010705161337909886
