Wort; Durchschnittlicher Wert
entspannten; 0.008281355876488306
dezente; 0.008244032332731877
stilvollem; 0.007928611975512468
verbreitet; 0.007826701912563294
FüßenStilvoll; 0.007769529221695848
erhältlichen; 0.007475368543236982
ihre; 0.007378363166208146
Relaxen; 0.007368737082288135
verziert; 0.007334497373085469
Dafür; 0.0073066061915596945
Charme; 0.007287733245175332
Setzen; 0.007281869536382146
lang; 0.007222240239389066
widerstandsfähige; 0.006821743329055607
separater; 0.006798830803018063
flexibles; 0.006596774694753549
Stauraumfach; 0.006588141141764936
teilige; 0.006554221527767368
Ausziehbett; 0.0065416163939516995
RAVELLO; 0.006499410238393466
TURINO; 0.006465759180719033
Vergangenheit; 0.006452765091671609
Sitzflächen; 0.006451755760645028
Desweiteren; 0.00644190344173694
zeitloser; 0.006426749972160905
kombinierbare; 0.006353415836929344
Rundrohr; 0.0063440199286560525
Verspannungen; 0.006338209516707138
jeglichen; 0.0062710253529076
tollem; 0.006261270074173808
uvm; 0.006238530292466749
geschaffen; 0.006233684008475393
Situation; 0.006198365051113796
aufstehen; 0.006176029552625551
mittelharten; 0.006148122879676521
Wohnelement; 0.006143461276951712
ausgestattete; 0.006117602948870626
Lassen; 0.006103940753382631
Aufbewahrungsmöglichkeiten; 0.006092941664246609
Luca; 0.006071883768890984
abnehmbarer; 0.006052201398415491
versinken; 0.006048098004248459
Echtholz; 0.006045415112748742
Stoffbezug; 0.006043037949712016
Baumwolle; 0.006016296241432429
grauem; 0.005970788563718088
Praktischer; 0.005956732575941715
hierbei; 0.005940412749623647
Übernachtungsmöglichkeit; 0.005938368570059538
geschickt; 0.005914162876797491
