Wort; Durchschnittlicher Wert
Buchenholz; 0.0270019261570269
liegt; 0.025363166931492744
Reich; 0.024284725484903902
Braun; 0.024058124612201935
Polster; 0.023943849554962073
kgHinweisDieser; 0.023057290835640742
LIVETASTIC; 0.0229277797814575
InformationenPaketgröße; 0.022245478003969765
Nierenkissen; 0.02166120093461359
Pölstern; 0.02099699286627583
Komfortschaum; 0.019947913962823804
gesteppten; 0.019680403298843886
Ausführung; 0.01946937603352126
Gewicht; 0.019316242751574463
Vintage; 0.01921893700491637
kuscheln; 0.01912610978761222
grüne; 0.01907936219358817
toller; 0.019013409345643596
Kind; 0.018989229582075495
robuste; 0.01889332462087623
MATTO; 0.018843508511781692
PLAYBOY; 0.018819402158260345
bezüglich; 0.018707268431899137
XL; 0.018568664729536978
prakitscherweise; 0.01855637427652255
Armlehnen; 0.018555342959734843
eindrucksvolles; 0.018397768854629248
LUPO; 0.01829434643732384
Querschläfer; 0.018152367624861655
Bordsteinkante; 0.01812878720811568
Damit; 0.018046962552762124
BELLA; 0.018040261990972795
insgesamt; 0.0178914319811156
bezogenem; 0.017871767644101054
Stütze; 0.017834010392834897
schönen; 0.017801211592086474
Zubettgehen; 0.01773740891367197
behagliche; 0.017683483941982558
frei; 0.01745129977352917
lesen; 0.017365156901178125
zeitloses; 0.017330894761835226
geöltem; 0.017289170535468655
zugehörigen; 0.01724590458034072
Produkt; 0.017219357072463026
erleichtern; 0.01720827053359244
Farbkombinationen; 0.017206530799739994
erfüllt; 0.017202771607844624
denn; 0.017166152619756757
gehen; 0.01708728914964013
Bettschubladen; 0.016963518101692898
