Wort; Durchschnittlicher Wert
prakitscherweise; 0.012514953536447137
Retro; 0.011773649440146982
Kautschukholz; 0.010856418800540269
Rollrost; 0.01021880969638005
verloren; 0.010096748417709023
Pölstern; 0.009922743309289217
grüne; 0.009858173783868551
Schaumstoffpolster; 0.009758459436125123
eindrucksvolles; 0.009692662393354113
Senfgelb; 0.009543411992490291
schwarzer; 0.009521886700531468
mühelos; 0.00940653551951982
Gemütlich; 0.009387726511340589
angenehmem; 0.00936787754035322
Arm; 0.009315679455175996
Vintage; 0.009214663202874363
sicher; 0.00882561172475107
dienen; 0.008820263206143864
wenig; 0.008478443043350126
LEVI; 0.008336930202494841
alleine; 0.008205667647416703
Jersey; 0.008202087378595024
puncto; 0.00809010571683757
Hand; 0.007927425757225137
kompakten; 0.007851023953116964
Treffpunkt; 0.007841678404656705
waschen; 0.007759623322635889
GENEVE; 0.007746459497138858
weißem; 0.00771688168788387
Regalfächern; 0.007701827054552269
Edel; 0.007588372178724967
Alternativ; 0.007537671615136787
Große; 0.007530972972745076
Weißes; 0.007526670402148739
graue; 0.007505268539534882
abnehmbar; 0.007470746674516704
SCALEA; 0.007359796887612902
Zubettgehen; 0.0073537631949875506
großzügigem; 0.00731431640451774
gehen; 0.007177090900950134
Bequemes; 0.007167944151660777
Textilbezug; 0.0071479007077869024
Schlafzimmermöbel; 0.007107490836642682
HAVANNA; 0.0070804407296236604
erleichtern; 0.007043949015496764
Betthälfte; 0.0070367843669373546
modischen; 0.00694048791192472
montieren; 0.006923227748484351
sehen; 0.006912290670152288
großes; 0.006880827463464812
