Wort; Durchschnittlicher Wert
Kg; 0.012063137022778392
Reich; 0.011312718020781177
FLORA; 0.011148575216066093
Körper; 0.010362711209745612
raumsparende; 0.010201290756231173
LAGOS; 0.009967218749807216
Komforthöhe; 0.009913133186637424
Reißverschluss; 0.009899254301126348
JUIST; 0.009695204939635004
Kind; 0.00956869090150576
Inneren; 0.009517128459992818
Fernbedienung; 0.009503653878164186
Schlafgefühl; 0.009415158515912481
verloren; 0.009370011545252055
lackiertem; 0.009343475490459241
DesignLiegefläche; 0.009311752757639624
InformationenPaketgröße; 0.009291735315673576
Wand; 0.00925117764272727
geöltem; 0.009154078520805343
liegt; 0.009092827777931235
MATTO; 0.009072862472385168
Bettschubladen; 0.009033897324843564
ausschließlich; 0.00902405704400735
Spielzeug; 0.009011385552014417
MARA; 0.008984484914253698
Braun; 0.0089321951410966
Buchefarben; 0.008861464489018544
Stütze; 0.008830338151892648
Paketgewicht; 0.00882609534310177
bezüglich; 0.008757626354781677
Zustellung; 0.008750283170411422
anlehnen; 0.00866887534793932
Integrieren; 0.008657493634382262
neinLattenrost; 0.008651553905656329
Viscoschaumkern; 0.00864252091923845
Himmel; 0.008624427262111567
kgHinweisDieser; 0.00850946676946478
gewährleisten; 0.008459246157144662
zusagt; 0.008448019991919863
KontinentalmatrazeDas; 0.008416663091338705
Bettkästen; 0.008415333020093386
Körpergewicht; 0.008411775191052583
gehen; 0.008409630140522494
aufgeräumtes; 0.008395962149370462
Eichenholz; 0.008380913637665799
hübscher; 0.008353243007877608
braune; 0.008337526149261976
Wandgestaltung; 0.0083328255568631
dunklem; 0.00832204445869138
Boxspringbettes; 0.00830918306746753
