Wort; Durchschnittlicher Wert
Braun; 0.25137385422203806
Rosa; 0.22192869689752115
toller; 0.2176596628050902
Pölstern; 0.2073075132793747
Buchenholz; 0.20626036962721628
robuste; 0.19999785405161674
angenehmem; 0.19430987334635574
eindrucksvolles; 0.19390645281600882
Vintage; 0.18980878509319155
dieser; 0.18835951026630937
Stunden; 0.17726494884846034
Tipp; 0.17685723921022145
Kilogramm; 0.17457469221335487
Hellbraun; 0.17314631395288416
Kind; 0.17198455343168462
Zugabe; 0.17136573479638173
Hinweis; 0.17077276776035433
Reißverschluss; 0.17041941725801735
Liegefunktion; 0.17023571168465423
Wand; 0.16998953670918127
wirkt; 0.16933362335930724
Dunkelblau; 0.16840918143861927
Hand; 0.16652940842323005
Nierenkissen; 0.1662526509376221
kgHinweisDieser; 0.16552318921640108
lackiertem; 0.163980290728432
Maschine; 0.1629394378142024
ausladender; 0.16290411818772554
JUIST; 0.16277585435454967
echt; 0.16148176979550044
beträgt; 0.16035135845231707
Kg; 0.15887793018919183
REGI; 0.15739067061804235
Dieser; 0.15683197353610012
harmonisches; 0.1566709923063172
verloren; 0.15621061398996972
wurde; 0.15613136724641663
liegt; 0.1557510948568961
prakitscherweise; 0.1554624965210678
FLORA; 0.15525200375850545
ausschließlich; 0.15478147152725796
Luxuriöse; 0.15424767701915698
MATTO; 0.1541060397394176
Großer; 0.15379279493208742
Farben; 0.15367647072707769
Komfortschaum; 0.15367602632431954
weiteren; 0.15326200519120903
perfekt; 0.1525565647825715
Bedürfnissen; 0.15245837849033705
Paketspezifische; 0.15179747900425866
