Wort; Durchschnittlicher Wert
Dauerschläfer; 0.05623959046788514
Wände; 0.05457747522741556
Samtbezug; 0.05291614021116402
FüßenStilvoll; 0.051628258032724264
misst; 0.050111748091876504
möchte; 0.049088357505388557
jedes; 0.0489074841956608
Ordnung; 0.04866019175387919
Farbton; 0.047305987359141
Augen; 0.046767767844721676
Silber; 0.04649728862568736
türkisem; 0.04621485988609493
verräumen; 0.046079312614165244
unterstreichen; 0.04587130829459056
Relaxen; 0.04571950377430767
Greige; 0.044876047410070896
wiederum; 0.04462272552773357
puren; 0.04452010601526126
hellbraunem; 0.04346417910419405
Eyecatcher; 0.04266220018034801
umfunktionieren; 0.04253494390286505
Holen; 0.04238596670329571
grau; 0.04176645264960825
Rückenpölstern; 0.04170676739886403
Unterbau; 0.04086723660147982
edlem; 0.040677346510346976
genutzt; 0.04062950912048109
formschönen; 0.040590311132837086
MARINO; 0.0405876076547429
geklappt; 0.040420308732427655
einziehen; 0.04041639440692961
Möbelstücke; 0.04025811373721808
Beige; 0.0402508909930475
jene; 0.04016281624790281
saubermachen; 0.04015240356093273
AnthrazitMaterial; 0.0401160815730691
Matratzenhöhe; 0.04001267949352041
Möbelstückes; 0.03996817474253476
komplettieren; 0.03992433059902396
schickem; 0.039916333719156684
genießen; 0.03986455694248434
später; 0.03959468497778289
angekündigt; 0.03957587766926736
Webstoffmax; 0.03938342742621899
Romantisches; 0.03928899082820862
raffinierte; 0.039234820380806924
Letztere; 0.039140657859388736
Waschen; 0.039138597436249256
gestalten; 0.03894176273606718
Eiche; 0.03877188020851463
