Wort; Durchschnittlicher Wert
Weiß; 0.012274843164050253
Dunkelbraun; 0.011085919151446433
Härtegrad; 0.00949824298695603
optisch; 0.009217561509649386
gepolstertes; 0.00895467547015869
Stauraum; 0.00890708478536908
sieht; 0.008871128509008485
selbst; 0.008718644172768108
inkl; 0.008572528413060354
Belastbarkeit; 0.008499556497190497
wählen; 0.008386301318387268
Option; 0.008367400000497582
ausgestattet; 0.008222839894006028
Polyester; 0.007998536091690767
Blick; 0.007899534179341573
Mikrofaser; 0.007860594991143444
ebenso; 0.007855860687413951
zeitlose; 0.007801865399596863
durchdachte; 0.007720158093070495
zeitlosen; 0.007536644462015829
dieses; 0.0073760496969043745
maximalen; 0.007302295955378213
Einrichtungsstile; 0.007290954425752716
rund; 0.007251309639832471
viele; 0.0072497220018703954
verstellbar; 0.007229211918274814
Gäste; 0.007052419835054025
Bezug; 0.006870171915943501
gepolsterte; 0.006840675716011902
sie; 0.00682831693047774
Gesamtmaßen; 0.006768061948241666
stets; 0.006709625608345959
Größen; 0.006691833578588558
gepolstertem; 0.006674204238242965
Hellgrau; 0.006540803551251884
erholsamen; 0.0065050412156779204
Handgriffen; 0.0064747990065370685
Korpus; 0.006450321959800931
Farben; 0.006367081421421972
erfüllt; 0.006339820599532686
hellgrauen; 0.006284788541597664
Möbelstück; 0.006240079093549867
Auswahl; 0.006098582585400436
entscheiden; 0.005970317200262798
Klappbett; 0.005885336403116526
wenigen; 0.005824118579766946
besonderes; 0.005756924988600076
Lattenrost; 0.005736333180902875
JUIST; 0.005679173629323487
großzügigen; 0.005665420100149277
