Wort; Durchschnittlicher Wert
elegantes; 0.0021874527683280577
Polsterbett; 0.0016788096743880487
wie; 0.0016012774308705956
geeignet; 0.0015615399798207363
angenehme; 0.0014940208103553232
besteht; 0.0014648819933995583
können; 0.0014561086635239916
Paketgewicht; 0.001376336168857506
seinen; 0.0013748755945073299
per; 0.001370814294318734
Füße; 0.001364796792938705
hier; 0.0013620265676308918
Seite; 0.0013497329556457771
abends; 0.0013468034861205068
Paketgröße; 0.0013357830963514061
Optik; 0.0013185028521547793
Trendfarbe; 0.0013068030473618818
stilvolles; 0.0012920953831567772
Polyurethanschaumkern; 0.0012811055487105705
bis; 0.0012712549496654902
eines; 0.001251869534303296
Sitzen; 0.001244992356947705
ob; 0.001234895600140362
dann; 0.001228463476422803
angenehmen; 0.0012111857347406386
Bedarf; 0.0011893190173736911
umfangreicher; 0.00118490391753312
Vereinbarung; 0.001180117394028457
Serie; 0.0011776518222632148
Liefertermins; 0.0011697350943563833
Zustellung; 0.0011664425645960819
edel; 0.0011599053754821399
Stabilität; 0.0011451766035179389
Doppelbett; 0.0011341014211666335
maximale; 0.0011086497372104986
wünschen; 0.0010701387963983678
graue; 0.001064692885029217
Bigsofa; 0.001055990625411596
so; 0.001051746065968473
Daher; 0.0010485049893446785
Neben; 0.00104845272987788
immer; 0.0010154610028010325
Metall; 0.0010021134100782092
worauf; 0.0010003027390780516
harmonisch; 0.0009809561648694398
Ihrer; 0.0009761078450765126
Einen; 0.0009740434433922474
Lieblingsteil; 0.0009736550485229146
alle; 0.0009657339612772376
verleiht; 0.0009651017887051694
