Wort; Durchschnittlicher Wert
Weiß; 0.01907577664969722
Dunkelbraun; 0.013633001245034393
wählen; 0.009937989413992909
sieht; 0.009538203136980884
verstellbar; 0.009427804333427048
Belastbarkeit; 0.009254982416860003
Stauraum; 0.00909574739926029
Möbelstück; 0.009055931701004738
selbst; 0.008965728147450136
gepolsterte; 0.008943643232305476
Blick; 0.008937085876459605
ebenso; 0.008595759505988098
Mikrofaser; 0.008595074126060354
Härtegrad; 0.00856396727540414
Gäste; 0.008376940317975822
gepolstertes; 0.008349303715294808
entscheiden; 0.008285994807101816
dieses; 0.008008950014209404
optisch; 0.007805037212892785
Polyester; 0.007648106546912459
verstauen; 0.0076104716019472106
viele; 0.007516053727158578
zeitlose; 0.007453771217478788
maximalen; 0.00734001996988809
inkl; 0.007256409674482711
ausgestattet; 0.007112999526725616
Hellgrau; 0.007097635239006195
sie; 0.006939115336263057
Handumdrehen; 0.006717697626663721
zeitlosen; 0.006697505643614932
komfortablen; 0.006638778081833152
großzügigen; 0.006494258653947327
wieder; 0.0061753278988362584
gepolstertem; 0.006079570638030418
erfüllt; 0.0059589457174297426
durchdachte; 0.005914402550115483
Handgriffen; 0.005840651819016785
Einrichtungsstile; 0.005729846424583229
Korpus; 0.005664543039893033
hellgrauen; 0.005615753909478371
wenigen; 0.005551525004921132
kg; 0.00554734277393436
JUIST; 0.005427122536275419
Auswahl; 0.005209774299464698
erholsamen; 0.005110688908098382
gut; 0.0050771269416145515
Option; 0.005071593120010221
Farben; 0.004999445475004904
Gesamtmaßen; 0.0048455995478434485
steht; 0.0048195525283517785
