Wort; Durchschnittlicher Wert
gemütliche; 0.02161732347403813
verstaut; 0.01792723608268716
Besonders; 0.01781553823420836
über; 0.01738030378037365
Entspannen; 0.016813050744485736
dafür; 0.016791496859514154
ganze; 0.016727521888606135
Liegen; 0.016384229782852346
integrierter; 0.016358762612799182
äußerst; 0.016263028239336563
runden; 0.01572266125531314
Schlafen; 0.015620285793556832
bringen; 0.015555365412728861
gemütliches; 0.015526720104389824
bequeme; 0.015435164067457662
Schlafplatz; 0.015426529265096179
Oberfläche; 0.01537137814975722
beim; 0.014685231367161577
Bequemes; 0.014619324438899638
am; 0.014252533423132263
dieser; 0.014177505036423099
komfortables; 0.013902664753413774
wenn; 0.013433336607704405
erhalten; 0.013424604272586294
einmal; 0.013356434561956121
ab; 0.01326885490600489
anbieten; 0.01303791999234818
Übernachtungsgäste; 0.01296666590787936
seine; 0.01291061656884267
flexibel; 0.012732511596550467
Luftbett; 0.012608460844785441
ideale; 0.012596948466216418
lädt; 0.012523673538817092
Abmessungen; 0.012386973743559793
spontane; 0.012116107007022947
alle; 0.012105506698208045
moderne; 0.012027038930682465
drei; 0.012022409213341235
praktische; 0.011969510841299779
Freunden; 0.011848918921896257
weiter; 0.011792162363417447
Hause; 0.011656216412302457
Einfach; 0.011306768059876049
jederzeit; 0.011204841186190606
praktischen; 0.011165003416681429
lässt; 0.011094863015750888
Top; 0.011055335507262499
Dann; 0.011035371913749259
aufgrund; 0.01091538345663139
Freuen; 0.01088150873183622
