Wort; Durchschnittlicher Wert
kgHinweisDieser; 0.044538075459422545
Buchenholz; 0.0422773242689118
Reich; 0.04165984233914059
Querschläfer; 0.041571848222520205
InformationenPaketgröße; 0.04156519843963906
Braun; 0.03933827714936342
Nierenkissen; 0.03887666412629187
Rosa; 0.03789573599933647
Zugabe; 0.03652307701559039
Kind; 0.035940241813659665
geöltem; 0.03549960574600845
Wand; 0.03460254378296668
Vintage; 0.03450799708953127
Reißverschluss; 0.034332590928534044
robuste; 0.03405243872257415
verloren; 0.03334740523714572
Maschine; 0.033127808800782074
Pölstern; 0.032971695542801174
REGI; 0.032433555787429215
lackiertem; 0.03242504941481457
Kilogramm; 0.03239799086004495
prakitscherweise; 0.032188873567793055
Bettschubladen; 0.03218796544824727
bringt; 0.0321282154385699
Gewicht; 0.031746535177808254
verbirgt; 0.031740543119667564
Bedürfnissen; 0.031338358150969726
eindrucksvolles; 0.030914952390594407
Komfortschaum; 0.03065296731365379
weiteren; 0.030449213519750627
XL; 0.030426314985379576
gehen; 0.030381069448776544
Stunden; 0.0303659862411223
Lieferumfanges; 0.030210685523343273
ausschließlich; 0.030126926410594022
Wandgestaltung; 0.029917364881839603
MATTO; 0.02977322773076594
Großer; 0.029770259733777494
LieferungLieferhinweisLieferung; 0.029504321800777687
raumsparende; 0.029449643101543188
variabel; 0.029088396421866492
Integrieren; 0.029006173205561935
edel; 0.02872917705681175
klappen; 0.028667182137724012
angenehmem; 0.028408957918873056
Treffpunkt; 0.028261659428244455
Halt; 0.02824761172523722
Hand; 0.02824139465810731
Buchefarben; 0.028230200352845715
wurde; 0.02816465591895394
