Wort; Durchschnittlicher Wert
Reißverschluss; 0.04610713618458249
Reich; 0.039897245551401284
Wand; 0.03957126613822766
MATTO; 0.03878145527269226
selbst; 0.03711916410575213
Buchenholz; 0.03682212892890675
Vintage; 0.036568755970802155
Schlafgefühl; 0.036378924749806175
verloren; 0.03630395750515163
Pölstern; 0.03630300721852109
Komforthöhe; 0.03588148822309449
Boxspringbettes; 0.03582470265246229
InformationenPaketgröße; 0.03560338668548866
anlehnen; 0.03537840327917365
kgHinweisDieser; 0.035271833978185896
Kg; 0.035212530576973225
Bettschubladen; 0.03516133732991875
liegt; 0.03510182716199779
gehen; 0.034955759771401064
Zustellung; 0.03437840056558343
beträgt; 0.03434324782792828
geöltem; 0.03424970177693467
Komfortschaum; 0.03391453207004815
Bordsteinkante; 0.03353441317540273
eindrucksvolles; 0.033307367307133975
Inneren; 0.03330715584306745
Himmel; 0.0332809355459176
Kilogramm; 0.03284834969672375
nötigen; 0.03278069449479517
aufgeräumtes; 0.03261796082188084
LINO; 0.032528788708441427
Holzrahmen; 0.03240287669468671
Schutz; 0.03236973696875793
Ausklappen; 0.03226720331294928
Braun; 0.03219006463987171
versehen; 0.03216219566565996
prakitscherweise; 0.03209626361822302
insgesamt; 0.03207681208004942
Viscoschaumkern; 0.031803523715643676
Bettkästen; 0.03179914163656576
besitzt; 0.03175586281868163
Paketspezifische; 0.03167827567516497
Paketgewicht; 0.031648753512126857
lackiertem; 0.03163872431905475
MARA; 0.03160674029404618
Rosa; 0.03151378393667983
max; 0.031387309901037955
Welt; 0.031123945779836504
Tonnentaschenfederkernmatratze; 0.03109291858272627
neinLattenrost; 0.03107932242928655
