Wort; Durchschnittlicher Wert
Luftbett; 0.3333730692975223
BESTWAY; 0.3214598812483018
HinweisBitte; 0.3152289062345517
grauem; 0.28787633663159795
große; 0.2876621255345526
Pumpe; 0.2835512615274638
grauen; 0.2746375247515971
Minuten; 0.2574510037957225
beflockte; 0.25370004362775944
Schlafplatz; 0.25034116354072466
Person; 0.24912273315385391
Charme; 0.24134295742260292
Weiß; 0.23470165810067556
somit; 0.2272393531875423
Webstoff; 0.22596333430283266
Einzelbett; 0.22106211597565562
Senfgelb; 0.2205741129873786
Bonellfederkernmatratze; 0.2201375299191568
mitgelieferten; 0.21945323606269085
Grau; 0.2174590614345675
geschickt; 0.21677616600209149
schwarze; 0.21605432320211548
Echtholz; 0.21125835839484353
QUEEN; 0.21064522596134339
AIRBED; 0.20941846471396275
unterwegs; 0.20909648336237296
PVC; 0.20769412905792706
elektrischen; 0.2067287761310581
Fernsehsessel; 0.20583479778724723
Zwei; 0.20534542281529866
zusammen; 0.2045399623166304
Formschaum; 0.20383887190837413
verbreitet; 0.2032141595700523
Räumen; 0.19927938327418815
HAVANNA; 0.19873269301024266
GENEVE; 0.19847496881266125
unterbringen; 0.1982948241638951
Runden; 0.19673750268520962
Dekor; 0.19511041470104828
platzsparend; 0.19427013212407473
MontageanleitungDrucken; 0.19323000908480026
eignet; 0.19183753999277542
Übernachtungsmöglichkeit; 0.18973168401862495
SIMON; 0.18783113002427854
modernen; 0.18701926369976718
versprüht; 0.18699680574354716
Camping; 0.18658520030442105
kleinen; 0.18598827983805677
Bettlade; 0.18494620053024846
Stoffbezug; 0.18475204958667746
