Wort; Durchschnittlicher Wert
Luftbett; 0.18542290755431168
BESTWAY; 0.1742568157496862
Schlafplatz; 0.1665468427227097
HinweisBitte; 0.16131146367115434
große; 0.15885177834206843
beflockte; 0.15125244099181145
grauem; 0.14964389095257502
grauen; 0.1475331743240531
Pumpe; 0.14542338496539742
Person; 0.13574982403406466
mitgelieferten; 0.13266805042803753
Rückenlehne; 0.13218716339906678
Schlafsofa; 0.13078009201126406
schwarze; 0.13061774695688655
Zwei; 0.12869264996697893
funktionelles; 0.1278060655167792
Bonellfederkernmatratze; 0.1261906165018445
QUEEN; 0.12427742365980521
KategorienWohntextilienVorhängeStehleuchtenWohnzimmertischeDrucken; 0.12416800910978054
Weiß; 0.12374464220806658
Formschaum; 0.12327304008067586
Stoffbezug; 0.12019360216072528
eignet; 0.11900508093094686
Charme; 0.11895098311651964
Minuten; 0.11862370918970555
Einzelbett; 0.11712820456159534
verhindert; 0.11633002328017028
kleinen; 0.11628805755754001
hautfreundliche; 0.11616844450327335
T; 0.11554856739212482
funktional; 0.11553085000923602
HAVANNA; 0.11550515547423856
somit; 0.11516627863966278
PVC; 0.11511082417564467
Grau; 0.11406806152626814
Räumen; 0.11383520840900019
Erweitern; 0.11303450758714462
unterwegs; 0.1128862434416078
geschickt; 0.11263982759555802
feines; 0.11219834524672478
lässt; 0.11210211096476996
empfehlen; 0.11181684912298806
Bild; 0.11180969391716644
Runden; 0.11180020695610438
Dekor; 0.11150195977461408
Sitzgelegenheit; 0.11003176096346579
Übernachtungsmöglichkeit; 0.1094456252285454
Setzen; 0.10932963067898527
GENEVE; 0.10768044749420369
SIMON; 0.10762547181639093
