Wort; Durchschnittlicher Wert
Luftbett; 0.05137940269196406
BESTWAY; 0.04903199880209286
Pumpe; 0.041780234371253756
HinweisBitte; 0.03843645673514402
beflockte; 0.038275801121926634
Minuten; 0.0351517087983666
eignet; 0.0332624638100242
große; 0.0330145831212576
mitgelieferten; 0.03281448706293304
QUEEN; 0.03275083017433644
Einzelbett; 0.03262602923496161
Bonellfederkernmatratze; 0.03235343682754319
Schlafplatz; 0.03216437349001353
Person; 0.031837332625582346
grauem; 0.031811998293414946
teilige; 0.03049278609469184
T; 0.030241223465418444
empfehlen; 0.03007730368335615
grauen; 0.029960351844056276
schwarze; 0.029890808186792128
Charme; 0.02988158369116718
Gästezimmer; 0.029868779402022483
UNK; 0.029563321988098322
Webstoff; 0.029402484325191835
Dekor; 0.0293176490937185
somit; 0.028881489462946774
Staufach; 0.028842731616168748
unterwegs; 0.028488694311818108
AIRBED; 0.028456337008537957
Echtholz; 0.028310042345401597
PVC; 0.027951762748125476
Weiß; 0.027859791873197537
Tragetasche; 0.027757537967409006
elektrischen; 0.027744981343857944
lässt; 0.027192582317547932
Zwei; 0.026988462859299032
Stellen; 0.02679752042513428
zeitloser; 0.026731298610684462
Stoffbezug; 0.026726358722589792
Senfgelb; 0.02650815875385888
Oberseite; 0.026251441723434254
ungewolltes; 0.02623945202722098
Grau; 0.026188832764455584
funktional; 0.02616610559052788
MERCURA; 0.026007958349146064
Hochleistungsreparaturflicken; 0.0259537427999021
eine; 0.025860411806206685
exklusiv; 0.025735526194330303
Jugendzimmer; 0.025674462760798634
Schnellverschlussventil; 0.025660677830092026
