Wort; Durchschnittlicher Wert
Weiß; 0.01906207614520099
Dunkelbraun; 0.014582668473303783
wählen; 0.012031176104210317
Belastbarkeit; 0.011254163349804003
Stauraum; 0.010684702083381126
selbst; 0.010624743044900242
inkl; 0.010232719648774946
sieht; 0.00993402773165144
maximalen; 0.009693179628447979
Möbelstück; 0.009448412280835327
gepolstertes; 0.009443161499802954
ebenso; 0.009369547707319726
dieses; 0.009175991783558856
Härtegrad; 0.008858969292623442
optisch; 0.008849993743933738
zeitlose; 0.008763170047313907
verstellbar; 0.00862984061386669
Mikrofaser; 0.008285900953796953
durchdachte; 0.00818974520007032
ausgestattet; 0.008063933630182873
rund; 0.008005787537513243
Blick; 0.007982946260017342
entscheiden; 0.007912142218265217
Klappbett; 0.007803655324096326
Korpus; 0.007765261554231984
Polyester; 0.007605911933205789
Gäste; 0.007582989847287535
steht; 0.007506765425205231
gepolsterte; 0.007499845654820092
Einrichtungsstile; 0.007302814529066381
erholsamen; 0.007176898540637922
Schlafgelegenheit; 0.00717495679464264
Hellgrau; 0.007171927276067436
stets; 0.00714410749169474
komfortablen; 0.006919734711118508
zeitlosen; 0.00686722958489554
gepolstertem; 0.006853397893428337
JUIST; 0.006797832524171099
hellgrauen; 0.006700736445782241
Preis; 0.006568022861029021
gut; 0.006473814313358162
Option; 0.006468436816066969
Bezug; 0.006428445670462679
verstauen; 0.006382908680825495
Auswahl; 0.0063766885723453015
wenigen; 0.006319070266908966
großzügigen; 0.006243006240038085
Handumdrehen; 0.006122730355127714
Gesamtmaßen; 0.006116900056804297
überzeugt; 0.006096295837778598
