Wort; Durchschnittlicher Wert
Ordnung; 0.035489099990809334
FüßenStilvoll; 0.03335482769398368
Waschen; 0.03111912268686865
Einrichtung; 0.030999804980820046
Boxspringsofa; 0.030959531467669877
harmonieren; 0.03031609795289114
Eiche; 0.030299420036681114
MARINO; 0.029907554230157986
Wangenform; 0.029688015838473802
Letztere; 0.029554249209468253
langjähriger; 0.02896514142557862
Webstoffmax; 0.028864983850507998
misst; 0.028268247729283758
überzeugen; 0.028172377940791193
puren; 0.028080470032364246
Silber; 0.02791434788105107
Farbton; 0.027806073858664605
wo; 0.02766568461302086
Dunkelgrün; 0.02751498074794654
unterstreichen; 0.02707722904287948
Rollroste; 0.02696599856130888
Matratzenhöhe; 0.026596256826087482
nächste; 0.026489614416641417
Ablageflächen; 0.026125944909290412
Rahmen; 0.025949735478570803
entstehen; 0.025859721808956238
Doppelte; 0.02569828696869081
Schliff; 0.025556828968183253
verziert; 0.025355355532519754
Ausziehen; 0.025318149279337378
teilen; 0.025313668385933852
Unterbau; 0.02525389986913069
Schlafgemach; 0.025104746366559995
jene; 0.025070557376602666
erfreuen; 0.025011660096424748
Voraussetzungen; 0.02500289688250632
Allround; 0.02497946028088336
aufgebaut; 0.024951305004651658
formschönen; 0.02490983638126636
jedes; 0.02482611396571883
AnthrazitMaterial; 0.02481820217726636
Ende; 0.024704939768707846
verräumen; 0.024696566067359527
Greige; 0.024688341769069665
Beisammensitzen; 0.024624978010251652
Dauerschläfer; 0.024491049830976407
möchte; 0.02446027865516953
Hell; 0.02437583733044448
Pyjamaparty; 0.024317750869886367
nachts; 0.024314431012135172
