Wort; Durchschnittlicher Wert
BESTWAY; 0.0691892265331262
Luftbett; 0.06661597196216462
beflockte; 0.06062361248768866
Schaumstoffpolster; 0.0583000459955656
Pumpe; 0.0578630216041347
Person; 0.05738425118033774
Erweitern; 0.05697152973880293
feines; 0.05696698367319186
QUEEN; 0.05696074919978855
mitgeliefert; 0.05522536714852322
Runden; 0.053853255820285995
Stellen; 0.053773658466525376
Minuten; 0.053719715877377894
elektrischen; 0.05358003121364163
schnelle; 0.052501795449643396
HOGAN; 0.05171865996089764
exklusiv; 0.05126011902029859
Formschaum; 0.05120701692339935
grauem; 0.050906171280075796
zeitloser; 0.05084931487363065
Charme; 0.05043983197538182
unterwegs; 0.05040443968755426
TWIN; 0.04992212951765396
Bonellfederkernmatratze; 0.049818620032965555
Camping; 0.049815103033324704
entgehen; 0.0493281425369787
Bild; 0.04869338661956135
Einlasstiefe; 0.0484566155473658
funktional; 0.04836051713937195
TrendsetterFürs; 0.048229861677100416
Zwei; 0.047955380148778204
Allroundmöbel; 0.046844883563608164
Richtige; 0.046794306093943305
Herzen; 0.0465845147782602
GENEVE; 0.04654746193045867
mitgelieferten; 0.04644934717362048
Überraschungen; 0.0454947395119234
teilige; 0.04511071415618062
CUBA; 0.045029797562165186
Zusätzliche; 0.045007639171672054
Stuhl; 0.045007199772953754
Einzelbett; 0.04470669713555253
Neigungswinkel; 0.04451980532030575
Metallbeinen; 0.044425261878132005
glänzendem; 0.04417737897892948
BARI; 0.04402222162025282
Bettlade; 0.0439483272130019
SIMON; 0.04383895110004232
Ausziehfunktion; 0.04369539130857447
ALICANTE; 0.04368351957236882
