Wort; Durchschnittlicher Wert
Luftbett; 0.017949414113536476
BESTWAY; 0.017060071998275816
Pumpe; 0.015532161202281713
grauem; 0.01336883242111071
teilige; 0.012989933192147873
beflockte; 0.012506696190393995
mitgeliefert; 0.012273023386933346
zeitloser; 0.012240228884184034
Bild; 0.01217638508305754
mitgelieferten; 0.012109577749288291
hautfreundliche; 0.011937032283003645
Ideal; 0.011776930565031308
Minuten; 0.011635558828129434
AIRBED; 0.011557762018492212
feines; 0.011362171586824843
Erweitern; 0.011266762334707891
QUEEN; 0.011187797579623293
Rückenlehne; 0.011107838201860431
HinweisBitte; 0.011065899254754185
Person; 0.01082336853723973
Einzelbett; 0.010805900343257235
Senfgelb; 0.010701304625399644
GENEVE; 0.010685574184026336
Charme; 0.010531349532539026
Tragetasche; 0.010413047546171584
MERCURA; 0.01040406796798834
LA; 0.010345841287198709
Zwei; 0.010267948116234039
CRUZ; 0.0099945502916853
schwarze; 0.009969168061797973
Kippfunktion; 0.009955314779654145
schon; 0.009764066099705815
seine; 0.00972409431124106
empfehlen; 0.009669597140600672
grauen; 0.0095679367914272
Camping; 0.009543374539498472
MontageanleitungDrucken; 0.009533892898252816
PVC; 0.0094575778928629
Hochleistungsreparaturflicken; 0.009263648956039105
derselben; 0.009261546959896805
OUTDOOR; 0.009181341772637098
Oberseite; 0.009165913675678894
Zusätzliche; 0.009106237825471908
Ausruhen; 0.00902202182851397
widerstandsfähige; 0.008991407537359919
Schaumstoffpolster; 0.008949988212407334
Richtige; 0.008947934626007736
Stellen; 0.008937614071328426
kompakten; 0.008896786398690893
Formschaum; 0.008864963823361905
