Wort; Durchschnittlicher Wert
Weiß; 0.01345716048090253
Stauraum; 0.013305112908710726
sieht; 0.012571743232547306
Hellgrau; 0.01253099090536125
Dunkelbraun; 0.012523797826725058
Einrichtungsstile; 0.011965169063478243
erfüllt; 0.01173256412967021
gepolsterte; 0.011387529253261164
wählen; 0.010964027030058787
Möbelstück; 0.010898611539596459
gepolstertem; 0.010701338591024978
viele; 0.010565776324074249
zeitlosen; 0.010082309852077743
optisch; 0.009951290127355605
Belastbarkeit; 0.009937032253947108
Blick; 0.009558333341647084
Korpus; 0.009304882213837119
inkl; 0.009283494266492198
gepolstertes; 0.009089020567989792
verstellbar; 0.009052320839327877
hellgrauen; 0.008939977416412148
Härtegrad; 0.008933685663942014
Polyester; 0.008899262035993161
dieses; 0.008758203381148633
Bezug; 0.0084026101816562
Qualität; 0.008381431101588533
vor; 0.008200145937735215
selbst; 0.008181818846423994
Gesamtmaßen; 0.008114622154971584
Holzdekor; 0.007968021307897288
höchste; 0.007925272408465389
rund; 0.007759347344108392
Mikrofaser; 0.0076956926688581005
ausgestattet; 0.0076124880964925975
Kissen; 0.0074671579721325545
Gäste; 0.007437805205699988
angenehmes; 0.007384227840520907
etwa; 0.007372112041593937
Der; 0.007306241209153086
Klappbett; 0.007224137941375375
entscheiden; 0.0071932474530512994
zeitlose; 0.007114287029980915
Lektüre; 0.00710151424864307
Dieses; 0.0068314489006297665
durchdachte; 0.006802817323477939
Serie; 0.006571725150570274
zur; 0.0065616106127890815
Fußhöhe; 0.006519492797087878
besticht; 0.006462689355794282
In; 0.006438584366696887
