Wort; Durchschnittlicher Wert
gemütliche; 0.014681214970869405
Marke; 0.012785444760811514
verstaut; 0.01249173301475821
bestens; 0.01244383818921051
Luftbett; 0.01231566788519558
ganze; 0.011999809975350217
Liegen; 0.011965133572084596
Schlafen; 0.011708160908165155
gemütliches; 0.011617854938958772
bequeme; 0.011540070124465274
äußerst; 0.011377653519593878
ab; 0.011315405325149186
integrierter; 0.010899261929807835
Auf; 0.010830770054417372
integrierte; 0.010811243162243045
Entspannen; 0.010575561459745586
komfortables; 0.010511608404885919
ob; 0.010369401343632489
Oberfläche; 0.010305569193587872
über; 0.01016114225894853
Eine; 0.010117186649949872
dank; 0.010034974366863025
Übernachtungsgäste; 0.009929338207257388
gefertigt; 0.009872112394805298
einmal; 0.009825962918330333
Besonders; 0.009781724018830573
was; 0.009580558041216136
haben; 0.00957618183165323
Schlafplatz; 0.009565314698375006
Bequemlichkeit; 0.009335653873131377
Zudem; 0.009300781639831257
drei; 0.00926702150500205
Top; 0.009166650914630736
spontane; 0.009157382409830462
integrierten; 0.009119178921537241
Kunststoff; 0.009093302435940132
lädt; 0.009018631760409335
Übernachtungsbesuch; 0.00894375014522666
seine; 0.008854379975309712
Personen; 0.008665003055830312
Dann; 0.00861727794908802
schon; 0.008608785461910884
alle; 0.008535457889547616
edlen; 0.00852471680555027
Ob; 0.008505887897445063
Schublade; 0.008476281869343438
ideal; 0.00833710465922195
gibt; 0.0083280442022442
Dank; 0.0083230559630465
Egal; 0.008275272710307036
