Wort; Durchschnittlicher Wert
Dauerschläfer; 0.1577225970395375
Ordnung; 0.14658390009208233
Möbelstücke; 0.13266034379194025
unterstreichen; 0.1280552163898392
Wände; 0.12691496623301646
Farbton; 0.1262243046749063
formschönen; 0.12483696168055758
misst; 0.12459979500954432
möchte; 0.11969121382571757
Einrichtung; 0.1187027558007685
jedes; 0.11793136857454556
hübsch; 0.11676719614479225
ALASKA; 0.11610065181594109
Eiche; 0.11603919055778533
Eyecatcher; 0.11583751457283142
Microfaser; 0.11555889315786771
ästhetische; 0.11512670115007495
Webstoffmax; 0.11475625845923787
Relaxen; 0.11414513365343737
Ablageflächen; 0.11274513878015568
überzeugen; 0.1124546194805589
Kolonialstil; 0.11239753597874369
PflegeMontageanleitungHinweisStoff; 0.11234224222152989
Wangenform; 0.11220573673926992
Ausziehen; 0.11191605634485313
mitbestellen; 0.1107012904358271
Rollroste; 0.11009309575274528
AnthrazitMaterial; 0.10958358860443695
genießen; 0.10864654073475322
Fliegen; 0.1081994870910421
Chenille; 0.10774271680566017
optische; 0.1070260847627651
versprechen; 0.1066612201721
komplettieren; 0.1066561095212819
gestalten; 0.10656811475928407
schlichten; 0.10625028693903005
Elefantenmotiv; 0.10624825922423042
Boxspringsofa; 0.10623777516229893
Platzangebot; 0.10615709424746456
schickem; 0.10597807120302605
wohlfühlen; 0.10578955720120575
afrikanischen; 0.10551573918201029
Holen; 0.10445374994378653
aufgebaut; 0.10414547629261506
außergewöhnlichen; 0.10393971375742694
erweist; 0.10355091016390361
Hinzu; 0.10334404830064159
modernes; 0.10285964634749689
Dekoelement; 0.10282867153728148
angekündigt; 0.10276277923367161
