Wort; Durchschnittlicher Wert
Rosa; 0.15775087851761782
MATTO; 0.13443657872994663
Vintage; 0.13308440645050723
Braun; 0.13110940335900523
angenehmem; 0.1275222206604667
toller; 0.12488548326655291
Kind; 0.11953950417591841
eindrucksvolles; 0.11889832334054518
Hellbraun; 0.11695265403250232
Nierenkissen; 0.11571607422956731
Querschläfer; 0.11537849255637411
Hinweis; 0.1151193069308647
verloren; 0.11484010635467712
Reich; 0.11444060904614162
Komfortschaum; 0.11292007183874375
prakitscherweise; 0.11227428299025632
Pölstern; 0.11153904761522426
REGI; 0.10849212979519507
bringt; 0.10779120554070687
InformationenPaketgröße; 0.10756160122673464
Buchenholz; 0.10754920119143208
Stunden; 0.10736830603855196
kgHinweisDieser; 0.10709056248742854
etwa; 0.10705069698451553
YOU; 0.10655626741754531
bezogenem; 0.10653183247995912
Liegefunktion; 0.1057405546089285
Wand; 0.1055895820245496
gehen; 0.10538397292839363
robuste; 0.10449068468005862
Kg; 0.10448829423512507
Farbtöne; 0.10397348791593686
edel; 0.10394960551639087
süße; 0.10336174202166148
Sitztiefe; 0.10294478673313279
richtig; 0.1026809837348992
LIVETASTIC; 0.10240675282148004
Hand; 0.10236683538823854
Maschine; 0.10205839334958
variabel; 0.10178549717238639
Kindes; 0.10167710181849543
Sitzhöhe; 0.10077383757743519
neinLattenrost; 0.10075059036898892
Bedürfnissen; 0.1005137439497048
harmonisches; 0.10044014168670401
MID; 0.09958041981280985
massiven; 0.09923124266060768
JUIST; 0.09920119267189875
sieht; 0.09919460795936175
Lieferumfanges; 0.09906676612808951
