Wort; Durchschnittlicher Wert
Reißverschluss; 0.02880722066765884
Braun; 0.027055008848765282
Maschine; 0.02400113461444562
etwa; 0.023706079823023175
Zugabe; 0.023609399839187972
Rosa; 0.023439124668948354
lackiertem; 0.023369554565590533
kgHinweisDieser; 0.023330662572698203
Kind; 0.02321574475936359
Zonen; 0.023104465335200074
Buchenholz; 0.02300931239842612
InformationenPaketgröße; 0.02269080033584032
toller; 0.022432241718433943
DesignLiegefläche; 0.022260474986796907
Bordsteinkante; 0.02223748092073947
Wand; 0.0218939419646631
Kilogramm; 0.021593395683157723
C; 0.021509513984710793
Paketspezifische; 0.021432266043120762
massiven; 0.021388576204753918
Komfortschaum; 0.021332345691917
Zustellung; 0.021307878180232366
Reich; 0.021191623457707465
Bonellfederkern; 0.02105437886493746
weiteren; 0.020876588822375197
neinLattenrost; 0.020804563771525862
gehen; 0.02047926940722391
kontaktieren; 0.02046417392703006
Bettschubladen; 0.02041155103725032
Fernbedienung; 0.020370007792371324
MATTO; 0.0203542232552536
Paketgewicht; 0.020318028745532502
harmonisches; 0.02014513415124384
insgesamt; 0.020060861461024614
richtig; 0.019867797664664975
angenehmem; 0.019753383989882422
Spediteur; 0.01975056396186119
Großer; 0.019612787480582483
Pölstern; 0.01958714010033873
Bezug; 0.019567375904443907
gut; 0.019460198648448567
Liefertermins; 0.01944324610667536
Hinweis; 0.019433057903006555
Kopfteil; 0.019290858547537936
Vintage; 0.019259317117393947
Gewicht; 0.019181187092181064
Tipp; 0.019178974398528226
Kopf; 0.019174477600608954
Bitte; 0.01917247707679053
besitzt; 0.01916097237080976
