Wort; Durchschnittlicher Wert
was; 0.01561738952950691
bieten; 0.013598855279269628
Schublade; 0.01345581506830058
modern; 0.013430910608440172
gemütliche; 0.013164923075237311
integrierte; 0.012928967810603353
edlen; 0.012728697139391443
Diese; 0.012617713009967701
Zudem; 0.012529133355747036
haben; 0.012408412481454434
echter; 0.012210807463270612
Akzente; 0.011989054956029577
dank; 0.011912641644494215
der; 0.011749641353708285
genügend; 0.01153919992793817
gerne; 0.011337159622416947
Blicke; 0.011336336074600694
äußerst; 0.01131557199951203
Edles; 0.011310223275359021
Luftbett; 0.011170481974477297
Auf; 0.01110434987813278
A; 0.0110771947678586
Eine; 0.011062593618044047
setzt; 0.011061234692897414
Personen; 0.011044724950806994
integriert; 0.01094173789897468
bestens; 0.010809176632392337
Marke; 0.010684500949719223
verstaut; 0.010652400989556554
Oberfläche; 0.010624131231998036
ab; 0.010482815109571674
über; 0.010299185955227585
ob; 0.010156509608918896
integrierten; 0.010022651529288851
ganze; 0.009998244445523597
gefertigt; 0.009937542172701796
gemütliches; 0.009922900231549648
spontane; 0.009834166723885573
Übernachtungsbesuch; 0.009400885568538797
somit; 0.009341421381759574
Egal; 0.00931141884174167
bequeme; 0.009213480551261454
schon; 0.009196209169385839
Entspannen; 0.009186494983077864
wir; 0.009179392229270888
lädt; 0.009103735901044274
Schlafplatz; 0.009085871455681627
Schlafkomfort; 0.008943966851074948
einmal; 0.008930681197853119
Schlafen; 0.008929490245645866
