Wort; Durchschnittlicher Wert
Luftbett; 0.05524268491426483
BESTWAY; 0.0495912570739165
Pumpe; 0.04405921311117709
beflockte; 0.04198039110051468
HinweisBitte; 0.04104188235742186
Minuten; 0.040144599764607845
grauem; 0.03994263690547086
Senfgelb; 0.03766536747571081
große; 0.03718259703600779
grauen; 0.03676313853065949
Formschaum; 0.03621976388385519
Stoffbezug; 0.03465063041076064
QUEEN; 0.03393878260394558
elektrischen; 0.03358592487638816
Bonellfederkernmatratze; 0.033152568654622884
GENEVE; 0.03232283006072976
schwarze; 0.032121118923532775
mitgelieferten; 0.031818302971078086
Camping; 0.03157013673626352
verhindert; 0.03157004759414121
MARS; 0.03153401934541762
geschickt; 0.031525265829986895
Einzelbett; 0.03147965193202253
T; 0.03127719849053392
Charme; 0.031218401007936335
Oberseite; 0.03102046358399093
PVC; 0.030986581597244368
zeitloser; 0.030851502052973954
Zwei; 0.03075294180889614
AIRBED; 0.030658620374742894
HAVANNA; 0.03059663188760169
entgehen; 0.030492333066649734
mitgeliefert; 0.030253397533670068
Schlafplatz; 0.030064922175370157
Stellen; 0.029919411125592887
Webstoff; 0.02985661996062845
teilige; 0.02963476119330153
Einlasstiefe; 0.02961973467026837
Grau; 0.029269960540113972
unterwegs; 0.029248023533727973
Kabel; 0.02911071476410143
Rückenlehne; 0.028893833718029782
Echtholz; 0.0288778585367254
Schnellverschlussventil; 0.028814619069453328
Lese; 0.02874224743572995
nimmt; 0.02874032476102002
Übernachtungsmöglichkeit; 0.02859717860701494
Edelstahl; 0.02858896660618484
Schlafsofa; 0.0285677682099049
Fernsehsessel; 0.028331428294768556
