Wort; Durchschnittlicher Wert
Einrichtung; 0.031634849539841525
misst; 0.03123251525685191
Ordnung; 0.030555459117749706
Farbton; 0.029833425594551953
möchte; 0.02886355434311554
wohlfühlen; 0.027382509736344218
jedes; 0.027241343579953538
Wände; 0.026941474119666964
Silber; 0.026920429593883455
Füßen; 0.02658912648039404
Holen; 0.026486877290153643
Greige; 0.026375931268557907
Möbelstücke; 0.02612270348472521
Relaxen; 0.025913193957239854
Rollroste; 0.025557335216217326
modernes; 0.02536191366816638
Voraussetzungen; 0.02528356401307974
umfunktionieren; 0.02517912066541612
edlem; 0.02487188954182784
wiederum; 0.024870453093899413
geklappt; 0.024845899476349586
Samtbezug; 0.024817877064924686
puren; 0.024606439529452472
komplettieren; 0.024553906123765047
elegante; 0.024380760623898823
unterschiedlichen; 0.0243067474628333
Ende; 0.02420933247776702
Wangenform; 0.024190641649875035
liebsten; 0.023765521304449068
FüßenStilvoll; 0.023642275435850024
überzeugen; 0.023586863503442145
Ablageflächen; 0.023507300103483432
Rahmen; 0.023488897606148383
genutzt; 0.023454768732835873
Dauerschläfer; 0.023375569994095714
Beige; 0.023323157779611848
Eyecatcher; 0.023281194367154968
Geradliniges; 0.023273748793872073
Möbelstückes; 0.02317717924597673
Boxspringsofa; 0.02306523430524976
PflegeMontageanleitungHinweisStoff; 0.022762926376162795
Natürlicher; 0.02261862315936014
Ob; 0.022610945496126078
Platzangebot; 0.022560778560000473
fehlen; 0.022534918923065562
verräumen; 0.02250591809861362
ALASKA; 0.022471789608243854
unterstreichen; 0.022437343551428058
Matratzenhöhe; 0.022388481884263456
Rücken; 0.02233465382596478
