Wort; Durchschnittlicher Wert
Braun; 0.047007158912310845
Rosa; 0.038298392235083155
toller; 0.036261751827441915
Pölstern; 0.0350627480289404
MATTO; 0.03329883386322763
Zugabe; 0.0328846798860468
Liegefunktion; 0.03206931761233136
Maschine; 0.03186920266598463
REGI; 0.03165272769983858
angenehmem; 0.030475493473932146
Hand; 0.029602944798534737
Vintage; 0.029515128678758627
Hellbraun; 0.029411257564788684
Reißverschluss; 0.02937513109209249
Großer; 0.029313262889627368
kgHinweisDieser; 0.029209978954168037
Buchenholz; 0.029183394363644765
bringt; 0.028939240283943946
Dunkelblau; 0.02891899542300962
Wand; 0.02877879563602619
Hinweis; 0.028666472926852295
besitzt; 0.028195451124338432
Kind; 0.028040724841184785
Querschläfer; 0.027645578811643645
Kg; 0.02746406360529363
verloren; 0.027189198431005934
InformationenPaketgröße; 0.026881061389576643
robuste; 0.02678928924142383
max; 0.026460521134140436
etwa; 0.02644747947488213
eindrucksvolles; 0.0264318919274956
Nierenkissen; 0.02633113925039652
braune; 0.026292476034723223
Kilogramm; 0.0261670128966216
Rot; 0.026158111338372692
variabel; 0.026116808142978697
Zustellung; 0.025906892892089674
Zonen; 0.025874273126828485
Möbels; 0.02569572704087477
liegt; 0.025464965748687972
Klappbett; 0.02541458119667368
MID; 0.025280391483101995
gehen; 0.02524612907873234
prakitscherweise; 0.025217748916475102
FLORA; 0.02521047053160146
geradlinigem; 0.02503429248026805
Paketspezifische; 0.02501293577843171
selbst; 0.025010656448284863
gewaschen; 0.024932959271245635
neinLattenrost; 0.024823332097730598
