Wort; Durchschnittlicher Wert
Dunkelbraun; 0.02183866371633485
wählen; 0.014732865402766037
gepolstertem; 0.014664227998582646
Belastbarkeit; 0.014580044249305502
Stauraum; 0.01420087164369761
Möbelstück; 0.013974567928380565
zeitlosen; 0.013263788609037874
Polyester; 0.013214091736335832
hellgrauen; 0.01312396633802564
Korpus; 0.013056678930297494
selbst; 0.01303530932054855
viele; 0.012855632064747624
Einrichtungsstile; 0.012689870552276262
erfüllt; 0.01268094810366165
ausgestattet; 0.012309985277533997
dieses; 0.012093333432858344
ebenso; 0.012084922855137847
Hellgrau; 0.01201970579859335
steht; 0.011649135389779986
verstellbar; 0.011518856786278776
inkl; 0.011194196650467347
gepolstertes; 0.011173559483722784
Mikrofaser; 0.010968962274637306
entscheiden; 0.01093525863980176
Blick; 0.010932967371627456
durchdachte; 0.010731517464773788
rund; 0.01065075968799647
zeitlose; 0.010458649639622309
Auswahl; 0.010425662946363445
Härtegrad; 0.010312827088637278
Schlafgelegenheit; 0.010032082265024656
verstauen; 0.00985477502545109
Preis; 0.009851181950170939
gut; 0.00981754003514652
wenigen; 0.009744107665028423
Gäste; 0.009688570932485163
stets; 0.009579107423633104
stilvoll; 0.00955339984720922
Ihre; 0.009516214991344895
maximalen; 0.009495992120355368
Handgriffen; 0.009263483904578606
weiteren; 0.009213917474426125
erholsamen; 0.009196457773850853
Option; 0.009081714513467887
Bezug; 0.008949780440161703
Größen; 0.008819189875066514
Farben; 0.00881142943399027
Lederlook; 0.008716186819947324
wieder; 0.008456681214738637
sie; 0.008452244272120879
