Wort; Durchschnittlicher Wert
Luftbett; 0.061259313363552795
BESTWAY; 0.06071925398537133
HinweisBitte; 0.054586620650661645
Dekor; 0.048295693430009126
Charme; 0.048262878353307316
Pumpe; 0.048155766154377486
Bonellfederkernmatratze; 0.04634442656961255
grauem; 0.045010831056561076
beflockte; 0.04360591388322064
Einlasstiefe; 0.042609257961885305
Bettlade; 0.0421978081006273
empfehlen; 0.04169849422314655
unterwegs; 0.04085744679796335
QUEEN; 0.04054403224326961
Einzelbett; 0.040173166747263164
eignet; 0.04008516904541466
Person; 0.03990680614913913
CARROL; 0.039789330314306426
nimmt; 0.03946228154195523
Minuten; 0.03929790458823845
MARS; 0.038888552409389376
HAVANNA; 0.0387949868263604
Senfgelb; 0.038095732881174627
Rollrost; 0.03803864466426603
Echtholz; 0.0378041115556698
versprüht; 0.03763094593086862
teilige; 0.03735661302125663
Reise; 0.03724885698502476
verführerische; 0.03703657975311216
zeitloser; 0.036985920138431536
Gönnen; 0.036142017802922054
CAROLINA; 0.035304552773777684
Schlafplatz; 0.03526754113463539
elektrischen; 0.03520596724411007
dreifach; 0.035026858383207585
Camping; 0.034936123803527154
verhindert; 0.03490973843508982
Zwei; 0.034849032729835014
AIRBED; 0.03390635697469406
mitgelieferten; 0.0337075321676366
Tragetasche; 0.03366034721948381
Formschaum; 0.03341978647999895
platzsparend; 0.033341899819060924
Gästezimmer; 0.03326773050830525
Wotan; 0.033081271862829456
Nachtkästchen; 0.032897071198385676
Oberseite; 0.03264235558344808
ergibt; 0.03245040934134522
mitgeliefert; 0.032253411111543076
Ideal; 0.03206766626080935
