Wort; Durchschnittlicher Wert
YOU; 0.023394354106130777
MID; 0.022416710107791005
Onlineshop; 0.018277460394892843
Matratzen; 0.01815545279098387
nach; 0.01736123566151946
Kinderzimmer; 0.017217932993662543
Dekor; 0.01700563176855212
Eiche; 0.016550285809353228
je; 0.016227498627631575
optimale; 0.016013816953636704
maximale; 0.015870430168433813
perfekte; 0.015862809390637268
kommt; 0.015800025248063322
schlichten; 0.014560428141885495
bringt; 0.014470867836803337
Einrichtung; 0.01442108850992554
Highlight; 0.014388373924612096
Fernbedienung; 0.014330560011694615
moderner; 0.014068820138345473
Bettes; 0.013913357698015716
Somit; 0.013682594917918322
durchgehenden; 0.013177336856824696
Webstoff; 0.013159774657106027
ihr; 0.013152214706042286
Tonnentaschenfederkern; 0.013117740780853638
Wohlfühlen; 0.013094326513964916
robust; 0.0130792585963718
Morgen; 0.013070556283491897
gleichnamigen; 0.013020646052405027
anderen; 0.012965461035309999
geeignet; 0.012881743813341017
nie; 0.012860177980428489
Stil; 0.012833172755199485
ihren; 0.01277570337515499
Füße; 0.012309312493744073
schlafen; 0.012128877348186507
sondern; 0.01173483769835002
Anlehnen; 0.011553573289711494
Topper; 0.011278222832515894
Sicherheit; 0.011161896977682773
Buchenholz; 0.010780267407608336
besteht; 0.010518544653859863
sorgen; 0.010219059049268253
an; 0.009945978102769005
damit; 0.00970286653500807
Flair; 0.009472699789557736
massivem; 0.00943232566169172
harmonisch; 0.009245102774275437
Schwarz; 0.008585579739155946
bereits; 0.008557908873171982
