Wort; Durchschnittlicher Wert
Wohnung; 0.01972893851052504
Zuhause; 0.019378916813002432
schicker; 0.015849585107935125
hochwertigem; 0.01510390909461421
MID; 0.014918683713767677
YOU; 0.014534608884423506
Kinderzimmer; 0.014082989799499046
maximale; 0.014046926719311159
Eiche; 0.014033750863382011
optimale; 0.013948583693127148
ergänzen; 0.013837371629779226
Onlineshop; 0.013787473706997844
Gästezimmer; 0.013611960209527752
nach; 0.013204389521433768
Erleben; 0.013086798848235048
Dekor; 0.012976356092440255
Schickes; 0.012423762175058074
je; 0.012413744012883398
Ihrer; 0.012216548083597446
kommt; 0.011841775780703756
schlichten; 0.011676454740518238
passenden; 0.011337380069744541
ins; 0.011332874439540319
Matratzen; 0.011230941588291899
besitzt; 0.01117530156079738
praktisches; 0.011102314302934246
Maßen; 0.01096956811088603
perfekte; 0.010497768952336627
Ihrem; 0.010465635955915787
seinen; 0.01031873778993031
Füße; 0.010036173599837639
Fernbedienung; 0.009671055656508543
nie; 0.009619229318923317
durchgehenden; 0.009444801333302166
passt; 0.009358173484542931
Topper; 0.009304936272928898
Morgen; 0.009259328513144283
zum; 0.009214851615251974
bringt; 0.009197452884109225
Webstoff; 0.009169467267929577
schlafen; 0.009130935417488217
verbringen; 0.00896401072423032
Highlight; 0.00895145112881437
ihren; 0.00881421316662454
gleichnamigen; 0.008764660777524113
nur; 0.008734905519668245
Bettes; 0.00848621653385635
Einrichtung; 0.008483124127633346
Flexibilität; 0.008239474858419272
wie; 0.008179410954471677
