Wort; Durchschnittlicher Wert
Weiß; 0.04150540021946654
zeitlose; 0.018898435853770934
wählen; 0.018354794799233787
ebenso; 0.017209219530923293
ausgestattet; 0.016540695063304155
Klappbett; 0.01586823727702722
dieses; 0.01528227012095158
selbst; 0.015235835933708586
viele; 0.014903371571563184
Gäste; 0.014811075491161318
zeitlosen; 0.013830683828564361
Hellgrau; 0.013693428452825174
erfüllt; 0.013663728948449716
hellgrauen; 0.013537251866364387
komfortablen; 0.01303371938993223
rund; 0.013016981854161714
Korpus; 0.012836062588030472
Einrichtungsstile; 0.01274797558435239
gepolstertem; 0.012398526581091574
verstauen; 0.011195610950380797
Erleben; 0.010886762740119594
großzügigen; 0.010675148548034485
vor; 0.010050705794856184
Lederlook; 0.009821116927196272
durchdachte; 0.009289262782112928
Holzdekor; 0.008965584664838388
überzeugt; 0.008903395378729329
Qualität; 0.008671732400944165
Wahl; 0.008544189238455147
entscheiden; 0.008408430322106142
jede; 0.008080470439745113
bequemen; 0.008071190353075509
Auswahl; 0.007661852490855381
Preis; 0.007644120173063129
gut; 0.00741427130124066
Option; 0.007176083141894196
wenigen; 0.0070267812829115425
gepolsterte; 0.007014979421001044
Handgriffen; 0.00641131855063577
JUIST; 0.006399965996024548
Schlafgelegenheit; 0.00630439920569188
stilvoll; 0.00611612203065306
Schlaf; 0.006078129873640137
sie; 0.00571136799226224
zur; 0.005703251739032566
erholsamen; 0.005654196788236731
es; 0.005379782794625499
stets; 0.005018697040941334
Komfort; 0.004628185965702869
Der; 0.00447398411706672
