Wort; Durchschnittlicher Wert
Weiß; 0.03192689405259443
Dunkelbraun; 0.020410538082796848
Stauraum; 0.0158356408624968
Belastbarkeit; 0.015099464725062716
wählen; 0.013738038134761155
Mikrofaser; 0.0136473235234007
Einrichtungsstile; 0.013538671400783641
Hellgrau; 0.01323361493223274
gepolstertes; 0.013022076547713368
hellgrauen; 0.012743444673833437
viele; 0.012657516586114071
ebenso; 0.012627756470465101
inkl; 0.012593553416081704
Korpus; 0.01253500731108943
verstellbar; 0.012461818337396836
Klappbett; 0.012443455401808023
Polyester; 0.011904531391155614
zeitlosen; 0.011897329648309096
Härtegrad; 0.011803864150715526
gepolstertem; 0.01176247577718641
zeitlose; 0.011716106673702598
Blick; 0.011453613120829686
durchdachte; 0.011292681975464802
Wahl; 0.011008349037729204
selbst; 0.010964069454348645
sie; 0.010488301132136257
erfüllt; 0.01039208350921399
Gäste; 0.010346406172902788
dieses; 0.010329765954520554
ausgestattet; 0.01017580927873496
Bezug; 0.010097794804823933
entscheiden; 0.009961438436585012
komfortablen; 0.009686234073160448
Auswahl; 0.009599053431884386
Handgriffen; 0.009295645078236704
stilvoll; 0.009268858619907405
wenigen; 0.009140439843758941
maximalen; 0.009007450699573382
Erleben; 0.008635726518696174
stets; 0.008368249331579137
Raum; 0.008361086822696961
JUIST; 0.008292351519048679
verstauen; 0.008231542499561328
Handumdrehen; 0.007884680439019576
Option; 0.0077792564785340804
gut; 0.007723725987307262
wieder; 0.007685283909449936
Lederlook; 0.007597535646345932
erholsamen; 0.007551521365530789
bequemen; 0.007539876325972727
