Wort; Durchschnittlicher Wert
Dauerschläfer; 0.010603700287356332
Relaxen; 0.009726407180687601
liebsten; 0.009012139417609432
Vergangenheit; 0.008894185530516551
FüßenStilvoll; 0.008605611538951053
anstrengenden; 0.008222619680009303
wiederum; 0.007930316016336291
Ordnung; 0.007752874613652238
Platzangebot; 0.0076132094994136425
Augen; 0.007527269408410575
HinweisePaketgröße; 0.007507907392233904
jene; 0.007501838011194195
Simplizität; 0.007446049237432817
jeglichen; 0.007355576148620457
Bezogen; 0.007299030396416129
Kiefer; 0.007268206430762802
Currygelb; 0.0072429149060099
Romantisches; 0.007183217801139108
türkisem; 0.007177549695552443
Schönes; 0.007142839424705017
gehören; 0.007130335278270649
Boxspringsofa; 0.00695013565260183
wo; 0.006894255571160102
erfreuen; 0.006879098516583327
Wangenform; 0.006866142050421331
Auszeiten; 0.006854836478123616
angekündigt; 0.006805948670989892
langjähriger; 0.006652027187192289
Ausziehen; 0.0066364168191284986
goldfarbenen; 0.006610361125603958
Feinabstimmung; 0.006552461592391978
harmonieren; 0.006530732146347873
Eyecatcher; 0.006508812763422611
möchte; 0.006491622927933349
Wände; 0.006445807877389598
geklappt; 0.0064305665342544675
Wunderschön; 0.006422862620911474
Unterbau; 0.006383595352008342
Ausziehbett; 0.006359401197187253
überzeugen; 0.006343120622841525
Schlammfarbe; 0.006335734995616349
einziehen; 0.006261260279234193
verziert; 0.006212022745421564
DUNKELGRAU; 0.0062093895634916406
puren; 0.0061913400227240345
erweist; 0.006182917765181628
ihre; 0.006174541930431587
ANDREW; 0.006155007154575287
aufziehen; 0.006154994377527601
Dachschrägenzimmer; 0.006117843474675056
