Wort; Durchschnittlicher Wert
Lesen; 0.002065316672724293
Anthrazit; 0.001817624020623043
je; 0.0018156562738568028
nach; 0.0017019296225043944
Dekor; 0.0014769486129807773
Ehre; 0.0014610271107812877
Eiche; 0.0014395145932212471
rechten; 0.0013549078155847382
Fernsehabend; 0.0013041220996456103
Fernbedienung; 0.0012372635683277622
In; 0.0012251145133632235
stilvoll; 0.0012154346630268264
maximale; 0.0012125901150284335
YOU; 0.0012037633583531714
kontaktieren; 0.0011923888166109008
richtig; 0.0011803654557297704
aussehen; 0.001179654285442666
vielseitig; 0.0011648316838545724
erfolgt; 0.001156110059673665
liegen; 0.0011329342079307025
Da; 0.0011282559331448282
sie; 0.0011125965840619756
einmalig; 0.0011121050350993756
Farbmodellen; 0.001108983364974847
Kuscheln; 0.0011063413904594198
genießen; 0.0010817951915669255
massivem; 0.001067911681093392
also; 0.0010502660883503268
zu; 0.0010472546156961471
elegantem; 0.0010459740802616579
ansprechende; 0.0010388770262579783
zwei; 0.0010142565138266946
schlichten; 0.0010042735942988657
Flair; 0.0010015658248448745
Eleganz; 0.0009873589094240743
hohen; 0.0009870764402876374
beiden; 0.0009866706418961257
wählen; 0.0009824998051044531
optimale; 0.0009700689948658692
Lattenrost; 0.0009631393259041943
Finden; 0.0009572797314831405
Anlehnen; 0.0009568451980157989
perfekte; 0.0009483212001214269
höheren; 0.0009237576839950634
gesunden; 0.0009226551006577211
zeitlos; 0.0009153198840976984
Farbgebung; 0.0009121627797412657
unseren; 0.0009074163840296024
zwischen; 0.0008997146516776411
abnehmbaren; 0.0008969571098532469
