Wort; Durchschnittlicher Wert
Egal; 0.020390396147558932
eignet; 0.020143261850171255
ob; 0.01972515496672713
Übernachtungsgäste; 0.019723077685921454
Schlafen; 0.019448476085381118
Entspannen; 0.01890983839693945
gefertigt; 0.018891948155942372
Liegen; 0.018807047743757722
Schlafplatz; 0.01869037206924986
komfortables; 0.018642206903314217
alles; 0.01858803887207614
spontane; 0.018471925819176248
Schwarz; 0.018400174542330207
gemütliches; 0.018382619286421688
dank; 0.017951553561397306
Bei; 0.017816631734604016
wenn; 0.01769136822404107
dieser; 0.017474938648229
wir; 0.017401762150620927
Ob; 0.017103496272466146
Denn; 0.01706754079204984
drei; 0.016905305154796223
schnell; 0.016774600531789474
macht; 0.016632757969637167
was; 0.016353896219516172
einmal; 0.016168335935799406
jederzeit; 0.01599647708062548
Neben; 0.015901264292187987
lädt; 0.015864986981614492
praktische; 0.015719291048299056
gibt; 0.01571127405986772
Zudem; 0.01565693032607669
Top; 0.015642180276336147
seine; 0.015632512461161242
zu; 0.015545714859763393
Ihnen; 0.015498153221415123
verbringen; 0.015376946609467267
Dann; 0.015322378296696115
alle; 0.015185061161537306
schon; 0.015148895209131296
bietet; 0.015098246769048274
seinem; 0.01501791543851141
Material; 0.014928968906315277
weiter; 0.014920078784780345
moderne; 0.014917253430758138
rundet; 0.014855933994113002
anbieten; 0.014747950410310295
Ein; 0.014634968141035643
ideale; 0.014633912716453779
Auch; 0.01455675605320721
