Wort; Durchschnittlicher Wert
Anthrazit; 0.02050055124273058
elegantes; 0.01675150867376942
fürs; 0.014841238844383042
Dekor; 0.013966399626224302
nach; 0.013658924022092834
schlichten; 0.013449562976893504
je; 0.012971083862953491
Kinderzimmer; 0.012677178570083925
optimale; 0.01260416807817819
kommt; 0.012555848938791313
Topper; 0.01241434145194944
YOU; 0.01241002344613662
MID; 0.012313932375400327
ihr; 0.012198828353939461
perfekte; 0.012004415396950208
durchgehenden; 0.011954866407904774
Sicherheit; 0.011789925965422299
Onlineshop; 0.011777205439284445
gleich; 0.01174819071602542
Webstoff; 0.011747654827740917
maximale; 0.011643977832864038
Morgen; 0.011612153034366201
schlafen; 0.011603859820752405
Polsterbett; 0.011486032781976973
Highlight; 0.011445581100997516
Eiche; 0.011214193756313762
Fernbedienung; 0.01113824809290236
nie; 0.010945837124017999
bezogen; 0.010700190883653704
sorgen; 0.010684247843528283
Steppung; 0.010347873844148125
erhält; 0.010199326868678327
Tonnentaschenfederkern; 0.010048648837982909
sondern; 0.01004504108132096
eines; 0.00997165662192856
Vereinbarung; 0.009792610381555277
Liefertermins; 0.009754097285622265
Gestaltung; 0.009719984582261532
seiner; 0.009685732295474736
Paketspezifische; 0.009607067241029199
Paketgewicht; 0.009538887740927749
welcher; 0.009353689500130713
erfolgt; 0.009315302855247865
Träume; 0.009263451491278829
kgPaketgewicht; 0.009114860914996826
Atmosphäre; 0.009105664132221136
Rahmen; 0.00907702736913052
Wohnzimmer; 0.009056152504854253
Ihr; 0.00895423958390893
kontaktieren; 0.008951537333587112
