Wort; Durchschnittlicher Wert
Praktisch; 0.03018442544453137
flexible; 0.0247285731629745
MAMMUT; 0.02365575412113685
großzügiges; 0.022809714850154705
teilmassivem; 0.02243089812782273
Bettladen; 0.022152367868329748
komfortabel; 0.021644032201947994
Wunsch; 0.021248413910143427
stilvolles; 0.021123591817740817
Extraklasse; 0.020896377859571658
maximalen; 0.020867747220108868
bequeme; 0.020421910856384784
Zubehör; 0.02037298312643543
Senfgelb; 0.020195562159642577
alleine; 0.02015071123605594
Einrichtungsstile; 0.020013053457660135
förmige; 0.019827776377042028
Style; 0.019526902913639788
Wohlfühloase; 0.019472947439680866
befindet; 0.019412993809964973
Trend; 0.019389294100619736
Schaumstoffkern; 0.01931305628386326
anthrazitfarbene; 0.019174633107468253
Arm; 0.018964794242492644
baumeln; 0.018951426849525888
mühelos; 0.018938339613669086
stimmungsvolles; 0.0189093331409822
dynamischen; 0.01866669493028894
Rollrost; 0.01851301461647381
zeitlosen; 0.01839769661455648
eignet; 0.018005916732363403
eingebautem; 0.017988677296671085
beide; 0.017978126779780723
Modernes; 0.017621338018216193
grauen; 0.017596012432477437
Motor; 0.017586625797775923
MODENA; 0.017542334462632425
Gemütlich; 0.017498862909633317
Weiß; 0.01749857858158066
kompakten; 0.01748445029988943
mitgelieferte; 0.017450464951252798
Sessel; 0.017398493611835875
robustem; 0.017349971774820006
praktische; 0.017301547053648392
offen; 0.017147678177934722
schon; 0.017073931681807153
eichefarbenem; 0.016916665841563372
Retro; 0.016876994521226152
Ambiente; 0.01645313308426921
Komfortvorzüge; 0.016448464652057737
