Wort; Durchschnittlicher Wert
gemütliche; 0.023167544554235066
über; 0.02296831091407512
verstaut; 0.02123037909022969
einmal; 0.02086909083463979
bequeme; 0.020307113009766908
ganze; 0.020003171347343595
integrierten; 0.01985313221339311
äußerst; 0.019723950792285904
Auf; 0.019701080951927
Kunststoff; 0.01930481220388174
dank; 0.019213585789384525
dieser; 0.019196784516680054
spontane; 0.019062527256483008
Dank; 0.018613378515874503
Schlafen; 0.018408920546607987
Oberfläche; 0.01799164281116532
wenn; 0.017844278488792043
Zudem; 0.017530108852952253
drei; 0.017478783887770532
komfortables; 0.017041861152392812
Übernachtungsgäste; 0.01679847657285336
gemütliches; 0.016788838726643007
was; 0.016774051363609033
ideale; 0.016654725528042036
Entspannen; 0.016477343047154137
Dann; 0.016476825804420513
Ob; 0.01645132901612669
Liegen; 0.016339376044925302
Blau; 0.016255092704341223
Material; 0.015896345379042033
Polster; 0.015803838689316764
können; 0.015709044694813202
unterbringen; 0.015601615776267863
Neben; 0.015492361011274625
erhalten; 0.015334060182794929
seinem; 0.015282207365089562
praktische; 0.015280563003852877
Auch; 0.01524559170181874
lässt; 0.015230442275424139
nutzen; 0.015022659219630441
Einfach; 0.014971344367950223
Marke; 0.01493672906908614
stehen; 0.01479480012694694
bestens; 0.014691313986486421
Top; 0.014590035298897418
lange; 0.014446402351313736
Blicke; 0.014133474488335195
breite; 0.014129098307603272
flexibel; 0.014106826023453322
aufgrund; 0.01405950459993619
