Wort; Durchschnittlicher Wert
dieser; 0.21793805136258015
Braun; 0.2024035456342972
weiteren; 0.19095779562485404
Federkern; 0.18951978222867183
Buchenholz; 0.1828993653107318
Kind; 0.18183952885738108
Zugabe; 0.1807435240571067
Reich; 0.18007018816570053
Paketgewicht; 0.17450503945656237
liegt; 0.1731624430976808
Stunden; 0.1723612875721301
gemütlich; 0.1718663766150712
kgHinweisDieser; 0.1714066927524982
durchdachte; 0.16897747163602617
Details; 0.1671218185365433
Dieser; 0.16585724811375258
InformationenPaketgröße; 0.16460178241868562
Hinweis; 0.16352606086547894
Wand; 0.1605164385982789
Bordsteinkante; 0.16047513119701762
perfekt; 0.15949803469266044
ausgestattet; 0.15928369402172393
Paketspezifische; 0.15701876913954038
edel; 0.1569522473582765
LieferungLieferhinweisLieferung; 0.15599779053081875
Dunkelbraun; 0.15222984524007188
verspricht; 0.151974891719874
JUIST; 0.15099295281106606
Lieferumfanges; 0.1492809178889729
Zustellung; 0.14884815148252528
machen; 0.14881200890158652
geöltem; 0.14873195336258505
stets; 0.1475863355117326
bezüglich; 0.14678093757902388
schönen; 0.1458004634041572
massivem; 0.1445879525217606
Mikrofaser; 0.1443581250787247
zudem; 0.14346274001945858
Da; 0.14260511346219573
Machen; 0.14245921678229934
selbst; 0.14097447771200677
übernachten; 0.14073052533785813
Füße; 0.14055795120111725
Rahmen; 0.13903061088058166
Stütze; 0.13767094646027545
harmonisches; 0.1370089136180468
Klappbett; 0.13636402341762732
Option; 0.13599094765231712
stilvoll; 0.13326517301175045
wurde; 0.1331332420813851
