Wort; Durchschnittlicher Wert
rundum; 0.00223878749202413
erhalten; 0.0020394656050484626
MID; 0.0019555189239326863
Klappbett; 0.0017939745062903966
YOU; 0.001763354528520722
Zuhause; 0.0017378703196300194
versehen; 0.0015204780786916671
flexibel; 0.0014709631748701212
Kinderzimmer; 0.0013924057289841584
beträgt; 0.0013840110277669737
ausgestattet; 0.0013730563150602393
praktisches; 0.001341936748212902
maximale; 0.0013281670049764215
bilden; 0.0013082873785606353
Eiche; 0.0013044297676060523
echten; 0.0012825044148485176
Wohnung; 0.0012785942177288233
bezüglich; 0.001267001038786475
durchgehende; 0.001257673406144022
zeitlose; 0.0012485248578741448
Stoffkatalog; 0.0012393027050165983
Neben; 0.001238016295064881
weiter; 0.001224654154430027
jederzeit; 0.0011952784174354748
genug; 0.001188419105821481
so; 0.0011856257275212555
Schlafmöglichkeit; 0.001184563736023847
fünf; 0.0011822864389614551
Polsterbett; 0.0011623989517829613
rund; 0.0011488524038213654
Grau; 0.0011364011190380552
aussehen; 0.0011321087968099164
ihrer; 0.00113146176772716
harmoniert; 0.0011096361268755572
dafür; 0.0010951756339636631
KategorienCouchtischeKleinmöbelHeimtextilienStehleuchtenDrucken; 0.0010950696236591284
Fußhöhe; 0.0010853151950868777
während; 0.0010852007428184152
Auf; 0.0010840667004231364
Entspannung; 0.0010830541359609924
Kontinentalmatratze; 0.0010757626409031219
verstaut; 0.0010753863214631564
beiden; 0.0010667061011190525
Genießen; 0.0010555181661402457
vereint; 0.001046121724675686
moderne; 0.001037651208025636
nutzen; 0.0010366530874080127
diese; 0.0010311604451089806
Kaltschaum; 0.0010237667528031126
Wenn; 0.0010234846093226224
