Wort; Durchschnittlicher Wert
Dank; 0.1950506770863285
Nosagunterfederung; 0.1856406965930546
Möbelstück; 0.17532061830661405
dieser; 0.1706687578735
misst; 0.16714154859982955
anderen; 0.16655984311614702
Rollroste; 0.16511083044679253
Zierkissen; 0.16407495064231625
Dauerschläfer; 0.16308379884867463
Rahmen; 0.15849807303038688
elegante; 0.15317130213952623
passt; 0.1531436690119108
Federkern; 0.1530730044169104
weiche; 0.1504704243161541
modernes; 0.1488707256116868
Eiche; 0.14869374307454564
schickem; 0.14778141604347184
Sitzfläche; 0.14692833982553566
vier; 0.14615551904444146
angekündigt; 0.14554045424301876
hier; 0.14485409281405737
wollen; 0.14379115740939596
unterstreichen; 0.14347050538572148
Gemütlichkeit; 0.14313843602576526
Eyecatcher; 0.1423331595616446
zweit; 0.14155169856530847
Relaxen; 0.14069215067866025
Samtbezug; 0.1405399123505049
Rückenkissen; 0.14030799762235802
machen; 0.14019292382363346
jedes; 0.1400900414737407
Platzangebot; 0.13818421626092459
drei; 0.13789387819633703
Dabei; 0.13776175784641964
verleiht; 0.13759189537813654
vereint; 0.13753667918990686
Kopf; 0.13734196334371518
ALASKA; 0.1366523459837481
verwandeln; 0.13543641762953484
Augen; 0.13527310109566315
geeignet; 0.13490271169575863
nach; 0.1343354688870022
Optisch; 0.1327346512262011
schöne; 0.13186660388782911
wiederum; 0.1306233265240735
gestalten; 0.13061822985036997
hochwertigen; 0.13014219296258034
rechts; 0.12990059130970621
perfekt; 0.1297267549634853
Komfortschaumkerns; 0.12862469795436482
