Wort; Durchschnittlicher Wert
Pölstern; 0.04051010185066843
Braun; 0.039798471954418345
Vintage; 0.03770153296936769
Maschine; 0.0354524325375678
Wand; 0.03538926716719289
Rosa; 0.03333918445496238
angenehmem; 0.033147570487926714
LIVETASTIC; 0.03242841045976093
Zugabe; 0.03226887580331095
Reich; 0.03215078824869124
verloren; 0.03195567039947491
Kind; 0.03141758955898695
gehen; 0.03135518066264922
Komfortschaum; 0.031197096454707206
InformationenPaketgröße; 0.0301976314472995
robuste; 0.030178903698833894
Reißverschluss; 0.02990937267750269
gesteppten; 0.029720585951508838
toller; 0.02969081985502271
kgHinweisDieser; 0.02956136179709574
wirkt; 0.029292799131872015
Zustellung; 0.029193865435081533
richtig; 0.02910499585341313
Hinweis; 0.02887583307019668
Querschläfer; 0.028698698073276317
JUIST; 0.02868177597028989
rund; 0.028663166358273883
Liegefunktion; 0.02860566777344502
YOU; 0.028222902401103055
wobei; 0.02820683793252101
REGI; 0.028168651992746162
Kilogramm; 0.028121083216137776
prakitscherweise; 0.028047691515530458
Großer; 0.02792164018719632
eindrucksvolles; 0.027892595174307644
edel; 0.027864095794211608
Lieferumfanges; 0.02742878137942171
liegt; 0.02742523972992785
Kg; 0.027337605782668105
MID; 0.027273817999230232
Hellbraun; 0.027236632736457978
sieht; 0.027069396672959555
Hand; 0.02694674176746048
Bettschubladen; 0.02686310523422435
Bedürfnissen; 0.0268586586425954
Zonen; 0.02665361547115026
wurde; 0.026473373879343853
Fernbedienung; 0.026381960876096854
Gewicht; 0.026006995626084974
gut; 0.025948371393315028
