Wort; Durchschnittlicher Wert
viele; 0.0031964041882702075
Korpus; 0.002993913550554339
äußerst; 0.0027778880175901577
bequeme; 0.002653644855308812
hellgrauen; 0.002535853007475453
erfüllt; 0.002455670337076299
bringen; 0.0024291917658047168
ganze; 0.0023569126466099987
mehr; 0.002348672115476802
Einrichtungsstile; 0.0023074812314916927
fünf; 0.002235626348556252
Kunststoff; 0.0021116907380928753
dafür; 0.0020988191572541837
Übernachtungsbesuch; 0.0020663203184085434
sieben; 0.002056989683478605
wenn; 0.001967291555774864
lassen; 0.001947318735983572
sorgen; 0.0017747729278198676
perfekt; 0.001742273901822955
gepolstertem; 0.001707611970778089
Plus; 0.001669419326572097
zeitlosen; 0.0016441968697108677
gefertigt; 0.001635341286237235
Hellgrau; 0.001628529679874191
Sitzfläche; 0.0015996536782495242
bestens; 0.0015984749553354049
runden; 0.0015870968421950239
Handumdrehen; 0.001583294833653781
gekonnt; 0.001504153837731792
gibt; 0.0014437952371736174
Egal; 0.0014426095139697282
nur; 0.0014239235897548497
Gäste; 0.0013820633983414154
praktisches; 0.0013580373160948511
einmal; 0.0013355883672829805
bis; 0.0012835434517910471
passen; 0.001283421104608351
Kingsize; 0.0011964433017055854
Kopfteile; 0.001190942493417424
entspanntes; 0.0011866935566104075
Neben; 0.0011648485327896197
Boxhöhe; 0.0011615159459324787
praktischer; 0.00115939728250396
Luftbett; 0.0011525306976182038
wir; 0.0011363914260755336
kuscheln; 0.0011288155911643115
gemütlicher; 0.0011282872463198145
Schlaferlebnis; 0.001118650916032493
vollenden; 0.0011169656201673206
exklusive; 0.001113735582021036
