Wort; Durchschnittlicher Wert
äußerst; 0.020685430151206673
bequeme; 0.020426445637713186
bestens; 0.020209412073745624
ganze; 0.019160429875228147
über; 0.0191347482817946
Übernachtungsbesuch; 0.017708360548567725
verstaut; 0.017413641003804513
Kunststoff; 0.016908995728590524
Marke; 0.016341915427619823
ab; 0.016186810062936274
Dank; 0.015596960345919796
Besonders; 0.015588516964635346
macht; 0.015409076207288309
Bequemes; 0.015228187628963497
wir; 0.014986086301360047
bringen; 0.014703662817555595
Luftbett; 0.01441282581872656
runden; 0.014396329528972273
flexibel; 0.014390636480129615
Egal; 0.01420922211400466
dafür; 0.014006783861623262
Ihnen; 0.01398131225432735
gefertigt; 0.013910821495665004
Blau; 0.013813487067818642
Auf; 0.013729618603974814
aufgrund; 0.013533256031223573
gibt; 0.013508959282989962
Neben; 0.013262314164967393
Stabilität; 0.013249908219586359
was; 0.01320028671673299
ideale; 0.013135972625241266
erhalten; 0.013090485241264105
Bedarf; 0.013018351086066105
verleiht; 0.012933219411570463
Einfach; 0.012918546228900141
einmal; 0.01285570263498812
Top; 0.012781750109115819
Schlafkomfort; 0.012767107924446464
nutzen; 0.012748896910852636
anbieten; 0.012741074608675263
drei; 0.012555655662799836
Zudem; 0.012458464975861717
haben; 0.012432640778570203
jederzeit; 0.012406302110321121
moderne; 0.01237759040614037
gemütliche; 0.012346285217790864
Verfügung; 0.012325403967179228
weiter; 0.012199409172171726
Auch; 0.012072736026675556
Polster; 0.011962049733119784
