Wort; Durchschnittlicher Wert
gemütliche; 0.017252274838392624
verstaut; 0.01600352120003663
bequeme; 0.014698677888372914
Schlafen; 0.014547803895402467
äußerst; 0.013457530285813845
ganze; 0.012738443491980434
Bequemlichkeit; 0.011872102065808576
Hause; 0.011823143508081557
aussehen; 0.011704891522822437
Familie; 0.01121773723680235
gemütliches; 0.010936843216768466
Mittelpunkt; 0.01082675544448648
ihrer; 0.010740059264935552
individuellen; 0.010717148882031324
Schlafmöbel; 0.010673783986749185
Freunden; 0.010648565446172143
Anlehnen; 0.010480105218448443
Doppelbett; 0.010474991392402443
Gästebett; 0.010422723358533403
ideal; 0.010328554805892055
Buchenholz; 0.0103002507952624
Zimmer; 0.010174482008733322
Blau; 0.010141808298794786
massivem; 0.010004852655401918
besteht; 0.00985263535512786
harmonisch; 0.009792993677547202
Lesen; 0.009768412036646624
Nu; 0.009692127427842933
sondern; 0.009691587555062142
Flair; 0.009656510966487985
Bequemes; 0.009604432742889912
komfortables; 0.0095858009703079
Übernachtungsgäste; 0.009571481343300547
spontane; 0.009486052955799096
pflegeleicht; 0.009260542826814344
beim; 0.009204696026790771
Füße; 0.008900923578767105
Atmosphäre; 0.008874947480580885
damit; 0.008816629194188862
somit; 0.00879920486913761
Ob; 0.008733054274307506
Liegen; 0.0087157155827299
schafft; 0.008715263564408816
gemütlich; 0.008452727248004522
Bettes; 0.008360501951392508
Abmessungen; 0.008350969954335596
Geltung; 0.008119131289276993
Entspannen; 0.008002906206547778
breite; 0.007907720430375775
so; 0.00783534439142386
