Wort; Durchschnittlicher Wert
luftbett; 4.261671224609017
l; 4.121020543947816
drucken; 4.115090147778392
UNK; 4.11209928765893
b; 4.104498283937573
cm; 4.097613418102265
x; 4.080248366296291
ca; 3.889100356400013
bequem; 3.868589370325208
einfach; 3.8415366400033237
hinweisdieser; 3.703786611557007
abgebildete; 3.694539973139763
bitte; 3.6936479687690733
filialen; 3.6918850783258677
ausgestellt; 3.6873573388904335
dekoration; 3.6846727643162014
lieferumfang; 3.6837311051785946
artikel; 3.682464541122317
enthalten; 3.6819127768278124
bestellbar; 3.6789514020085337
beachten; 3.6692495550960302
pumpe; 3.6026196837425233
h; 3.5773799251765013
oberfläche; 3.418573176115751
personen; 3.4127133164554833
kg; 3.283334540575743
integrierter; 3.224762685224414
sorgt; 3.209010620042682
liegefläche; 3.0783176008611917
sowie; 3.035455483570695
platz; 3.0166008919477463
großen; 2.964709595218301
ab; 2.9612440522760153
bett; 2.8457465410232543
matratze; 2.8337065793573855
gästebett; 2.8334679123014213
marke; 2.7463264599442483
übernachtungsbesuch; 2.7236831970512867
integrierte; 2.713139909878373
schlafkomfort; 2.703875299170613
schlafplatz; 2.7037326611578463
handumdrehen; 2.6735604137182234
finden; 2.6386543957516553
große; 2.489581936970353
ganz; 2.4447150122374297
dank; 2.375680976547301
eignet; 2.2890048291534186
schnell; 1.7563971508294345
besten; 1.51164015699178
beim; 1.5018144046887756
angenehm; 1.135956072807312
ideal; 0.9788344228640199
bestens; 0.4943984592333436
bequemes; 0.3791893765330315
bequeme; 0.1276086077094078
integrierten; 0.12547317128628493
kunststoff; 0.1214478885754943
