Wort; Durchschnittlicher Wert
luftbett; 3.530329509824514
b; 3.4756129011511803
l; 3.4712593749165537
cm; 3.468401001766324
x; 3.4625150483101605
UNK; 3.4613147128373383
drucken; 3.4449987445026635
bequem; 3.4096192426979544
einfach; 3.3809761494398116
hinweisdieser; 3.35888701826334
oberfläche; 3.357855773717165
abgebildete; 3.3449355881661176
artikel; 3.3393799133598803
dekoration; 3.3372579138725995
personen; 3.3368599377572536
beachten; 3.335247839614749
lieferumfang; 3.330870019644499
bestellbar; 3.3297385636717083
pumpe; 3.327807990834117
ca; 3.3262551609426736
enthalten; 3.3223193522542713
ausgestellt; 3.3219116110354663
filialen; 3.3183625631034372
bitte; 3.3142644301056863
h; 3.2606582269072533
integrierter; 3.2000170439481734
kg; 3.188912029191852
platz; 3.161468756571412
sorgt; 3.134423978626728
großen; 3.124436430633068
gästebett; 3.1099444195628165
liegefläche; 3.1030342120677235
schlafplatz; 3.0288449309766294
bett; 3.0065996550023555
sowie; 3.0034454211592676
marke; 2.9928713724017144
schlafkomfort; 2.97885692641139
finden; 2.9691265404224394
matratze; 2.7775117307901382
beim; 2.7377574261277915
übernachtungsbesuch; 2.6778931338340044
handumdrehen; 2.6086745906621216
integrierte; 2.590106160193682
ab; 2.5141672983765604
ideal; 2.0201298099011185
angenehm; 1.8927423197776079
dank; 1.718386447057128
bequemes; 1.7151116967201232
kunststoff; 1.4443365637212993
integrierten; 1.1399621050804853
bequeme; 1.018930107727647
komfortables; 1.0079842831939458
komfortable; 1.00653574205935
bestens; 0.9996405608952046
schnell; 0.8498654399067164
ganz; 0.7125192761421204
eignet; 0.7101831078529358
besonders; 0.5724702477455139
platzsparend; 0.4275640569627285
besten; 0.42167980335652827
hause; 0.28657365702092646
bequemlichkeit; 0.27283115349709985
komfortablen; 0.14559343494474888
praktisch; 0.14326765723526477
bietet; 0.13747285827994346
komfortabel; 0.13448277115821838
