Wort; Durchschnittlicher Wert
luftbett; 4.292135924100876
l; 4.161233295500279
UNK; 4.141825579851866
drucken; 4.138057018443942
b; 4.1276161659508945
x; 4.1252841360867025
cm; 4.116572185978294
ca; 3.921716228872538
bequem; 3.905196350812912
einfach; 3.8775521691888573
bitte; 3.723218449577689
bestellbar; 3.7199602905660867
abgebildete; 3.717194102331996
beachten; 3.713166203722358
hinweisdieser; 3.7123671885579825
dekoration; 3.710116198286414
lieferumfang; 3.7091039568185806
filialen; 3.7086775209754705
ausgestellt; 3.7072377800941467
artikel; 3.6954613525420426
enthalten; 3.6878520768135785
pumpe; 3.620404205471277
h; 3.598858907073736
oberfläche; 3.4546196673065426
personen; 3.4301585126668215
kg; 3.303075024113059
sorgt; 3.2285109635442497
integrierter; 3.218080621957779
liegefläche; 3.124714432656765
platz; 3.0585406601428984
sowie; 3.0308858428150414
großen; 2.9680414013564587
ab; 2.964293344318867
matratze; 2.8860445763915776
gästebett; 2.8663859464228154
bett; 2.8636908672749994
schlafplatz; 2.7694051824510098
marke; 2.7618034981191157
integrierte; 2.7381473522633315
übernachtungsbesuch; 2.7269177228212356
schlafkomfort; 2.7187288917601107
handumdrehen; 2.677648322843015
finden; 2.6540371377021073
große; 2.496762318536639
eignet; 2.443017132207751
ganz; 2.4390649419277906
dank; 2.1509411528706552
beim; 2.135798326507211
schnell; 1.648153755813837
ideal; 1.0086854860186576
angenehm; 0.8702956782653928
bequemes; 0.8700955387204885
besten; 0.7720430850982666
komfortable; 0.3755911473184824
besonders; 0.2605757798999548
bestens; 0.12782864291220902
integrierten; 0.12425797060132027
kunststoff; 0.1200723109766841
