Wort; Durchschnittlicher Wert
große; 1.259426498040557
x; 1.2371921543031932
cm; 1.22416418120265
ca; 1.2105217050760984
b; 1.179684405773878
lieferumfang; 1.1513753313571216
enthalten; 1.145255097001791
abgebildete; 1.1403122533112764
beachten; 1.1302949842065573
dekoration; 1.1278911780565977
h; 1.1055517081171273
liegefläche; 1.0950576156377791
t; 1.0823391817510128
bett; 1.025435107201338
UNK; 1.02296760417521
l; 1.0187875475734471
einfach; 1.0119104370474816
drucken; 0.9949201367795467
hinweisbitte; 0.9803162686526775
bequem; 0.9607315301895142
weiß; 0.9461443107575178
weitere; 0.9359812371432781
bestellbar; 0.9234158050268888
ombra; 0.9230823814868927
hinweisdieser; 0.8984789531677961
schlafsofa; 0.8955451872199773
interessante; 0.8896549429744482
drei; 0.8629228089004755
filialen; 0.8410195197910071
artikel; 0.8228735100477934
ausgestellt; 0.8183294862508774
schlafzimmer; 0.8096072372049093
bitte; 0.8019239593297243
höhe; 0.7939393214881421
bietet; 0.676366624608636
sowie; 0.6549187827855348
webstoff; 0.6498066075146198
lässt; 0.6381200801581144
rollrost; 0.620903642475605
schlafzimmerdrucken; 0.6205394629389047
schaffen; 0.6034845463931561
platz; 0.4929369676858187
hält; 0.4850340887904167
funktional; 0.47252626810222864
kategorienschlaftextiliennachtkästchenkleiderschränkekomplette; 0.467133522592485
grauen; 0.46552075259387493
grau; 0.44644120559096334
luftbett; 0.31671521812677383
matratze; 0.31652811728417873
bestway; 0.3155976336449385
marke; 0.31491854395717384
größe; 0.3134758938103914
fernsehsessel; 0.3028638523072004
topper; 0.29506688974797723
einzelbett; 0.18519172370433806
ambiente; 0.17174176573753358
beflockte; 0.1674154121428728
rückenlehne; 0.1665870498865843
kg; 0.16603054627776145
kategorienwohntextilienvorhängestehleuchtenwohnzimmertischedrucken; 0.1650573518127203
geräumige; 0.1649300891906023
lassen; 0.15698556043207645
empfehlen; 0.15662604719400405
moderne; 0.15484615303575994
oberfläche; 0.15251292549073697
feines; 0.152060716599226
beim; 0.15155252236872913
hautfreundliche; 0.15114582180976868
kunststoff; 0.14829728584736585
leicht; 0.14715960454195737
verfügt; 0.14124801512807608
jugendzimmer; 0.13915263600647448
räumen; 0.13681554533541201
schwarz; 0.1356666184961796
