Wort; Durchschnittlicher Wert
luftbett; 4.310339911282062
cm; 4.161358795315027
l; 4.159541439265013
drucken; 4.149154318869114
UNK; 4.142525889724493
x; 4.1424502491950985
b; 4.138838254287839
bequem; 3.928768687322736
ca; 3.9067099146544932
einfach; 3.8816406320780517
hinweisdieser; 3.761110910773277
artikel; 3.7431387629359962
filialen; 3.7312845535576344
bitte; 3.7267799232155085
ausgestellt; 3.7246045872569082
dekoration; 3.7242762956768276
bestellbar; 3.7241490140557287
abgebildete; 3.7185597099363803
lieferumfang; 3.714696463942528
beachten; 3.710248830914497
enthalten; 3.7093260642141104
pumpe; 3.645716567337513
h; 3.6254518177360295
oberfläche; 3.470270174369216
personen; 3.4277679976075888
kg; 3.311779548227787
integrierter; 3.241258582100272
sorgt; 3.213685756549239
liegefläche; 3.1309067767113445
platz; 3.0976669106632473
sowie; 3.0155290968716146
großen; 2.9827967092394827
ab; 2.9615660164505244
bett; 2.8867967136204244
matratze; 2.871995196118951
gästebett; 2.85473946928978
marke; 2.7721188344061374
schlafplatz; 2.7627764347940684
übernachtungsbesuch; 2.7300515227019786
integrierte; 2.722182822972536
schlafkomfort; 2.7199974708259105
handumdrehen; 2.6967259176075458
finden; 2.6707109466195105
beim; 2.406128182820976
ganz; 2.3104826260358093
schnell; 2.288827205821872
eignet; 2.186463343910873
große; 2.0956314064562322
dank; 2.0420920345932245
angenehm; 0.8873891841620207
ideal; 0.7532398832961917
besten; 0.6326656965538859
bequemes; 0.6191592715680599
bestens; 0.37589770928025246
integrierten; 0.3734016180038452
bequeme; 0.3654482115060091
besonders; 0.2492572210729122
komfortables; 0.1277101058512926
kunststoff; 0.12266828753054142
