Wort; Durchschnittlicher Wert
luftbett; 3.9801909153626185
pumpe; 3.343361635931069
ab; 3.105488013214199
oberfläche; 3.030851703408916
integrierter; 3.0160647110256833
personen; 2.7194200346348225
marke; 2.629949007929099
übernachtungsbesuch; 2.5850536961195756
schlafplatz; 2.383015463418997
großen; 2.368179850967499
gästebett; 2.284827099287213
dank; 2.2655667244733193
bestens; 2.203186822247517
integrierte; 2.2001406491777744
bequeme; 2.1862656980105384
drucken; 2.176025652162207
ideal; 2.131836080610128
schlafkomfort; 2.1293208588853303
kunststoff; 2.0941940253644136
bequemlichkeit; 2.0919654222787356
integrierten; 2.0892799585293687
platz; 2.0732906568476297
gerade; 2.0699991122164647
lädt; 2.0668470510616315
rundet; 2.0607175896737315
drei; 2.0522290073218756
praktischem; 2.050333022765699
top; 2.0408034844789653
komfortables; 2.012409081225633
finden; 1.9552522544909152
schnell; 1.9433774695487045
hause; 1.9031601398251952
gemütliche; 1.8905748732460779
platzsparend; 1.8870160030390253
nichtgebrauch; 1.8716937354533
hinweisdieser; 1.787256030235585
beim; 1.6838390593125951
besten; 1.5984708246160153
l; 1.5959064597193902
beachten; 1.488550729338749
macht; 1.484884140273789
verstaut; 1.4548879121866776
übernachtungsgäste; 1.4056803313666024
abgebildete; 1.404369801132998
egal; 1.3940530419407877
spontane; 1.3066431731160264
dekoration; 1.2944380816072225
praktische; 1.2731947897846112
benötigen; 1.078481042191561
blau; 0.7949657955105067
bitte; 0.7449212392413755
b; 0.6588739444250677
cm; 0.6534580056257255
angenehm; 0.6116438057239065
UNK; 0.5778852752013336
ausgestellt; 0.5732867702427029
bestellbar; 0.5585448455167352
x; 0.47777246990699496
artikel; 0.46633186517137803
unterbringen; 0.33740432212671295
material; 0.326620114929392
filialen; 0.2906122538650379
bequem; 0.09494355743954656
dafür; 0.0928461505100131
ideale; 0.08156463820487261
anbieten; 0.07914052065461874
äußerst; 0.07907348225126043
ganze; 0.0755822484541568
