Wort; Durchschnittlicher Wert
luftbett; 3.8775564944560754
pumpe; 3.328277217369032
ab; 3.079536093730712
integrierter; 2.9758720577694477
oberfläche; 2.9447119463511626
personen; 2.6817385529465354
marke; 2.5874064196716065
übernachtungsbesuch; 2.5580508715313046
schlafplatz; 2.350541082729978
großen; 2.3173396002714797
gästebett; 2.2494471204503497
dank; 2.226758369761774
integrierte; 2.1887671320080697
bequeme; 2.1726376469990556
drucken; 2.164249774354539
bestens; 2.152405068012013
schlafkomfort; 2.130949037724349
ideal; 2.114151104830671
platz; 2.0834531234272617
bequemlichkeit; 2.067220551295759
praktischem; 2.062020474964811
integrierten; 2.05335158822636
kunststoff; 2.049186922095032
gerade; 2.04601743496969
top; 2.041960705744805
drei; 2.0317745943444607
rundet; 2.0264680375265014
lädt; 2.0229720945648295
komfortables; 1.991542536871566
gemütliche; 1.940287827514112
schnell; 1.9308887213657726
finden; 1.92332498365231
hinweisdieser; 1.8409226834090078
beim; 1.7616932518216344
besten; 1.747927863578525
nichtgebrauch; 1.692290632183176
platzsparend; 1.681353127348484
hause; 1.5912879954026722
egal; 1.5633096303594356
praktische; 1.4510410213915748
macht; 1.383089507955083
übernachtungsgäste; 1.3762675190184381
spontane; 1.3643652200600627
verstaut; 1.3550732565970975
l; 1.333859388687415
beachten; 1.299637031673774
abgebildete; 1.2984831200763438
benötigen; 1.0698508591121936
dekoration; 1.036657252520672
b; 0.9472871458275677
x; 0.7615001475009194
bitte; 0.7307735127425985
blau; 0.6837526444200194
UNK; 0.5897538804791111
bestellbar; 0.5884369199542562
angenehm; 0.5823221163924928
artikel; 0.5720893613062799
ausgestellt; 0.5603209341716138
cm; 0.47752134445981936
filialen; 0.3756776359365176
unterbringen; 0.331949275246734
perfekt; 0.2477893714869424
material; 0.24488252193841617
enthalten; 0.09661749647930265
beträgt; 0.08578919269202742
doppelbett; 0.08511606892570853
grau; 0.080862548481673
anbieten; 0.07885616560233757
abmessungen; 0.07863060072995723
pflegeleicht; 0.07733387875778135
