Wort; Durchschnittlicher Wert
bettlade; 0.065553490378079
grauen; 0.06494760309578851
dezente; 0.0645161947250017
wissen; 0.06391965829993751
moderne; 0.06079348808634677
mitgeliefert; 0.06075935490662232
funktional; 0.06045650071973796
unterwegs; 0.05901896102295723
inkludierte; 0.05869766237447038
sitzgelegenheit; 0.056812293849361595
gästezimmer; 0.056444764148182
gelungene; 0.056150152275222354
rollrost; 0.05540002486668527
verbreitet; 0.05489937769016251
übernachtungsmöglichkeit; 0.054778381061623804
zeitloser; 0.053477272638701834
schlichtem; 0.053213975432299776
raumes; 0.05096956955094356
urbanen; 0.05085396523645613
widerstandsfähige; 0.05065300101705361
n; 0.04924326553737046
zeigt; 0.04918635088324663
geräumigen; 0.04876776553783202
erwartet; 0.04840682499343529
boxbett; 0.04782051262736786
schaumstoffpolster; 0.047406437995960005
zubehör; 0.0466973835718818
reparaturflicken; 0.04659925157466205
bonellfederkernmatratze; 0.046262615054729395
simon; 0.04622976537211798
aufgeräumte; 0.04609829717082903
pvc; 0.04594843747690902
sodass; 0.04574010536452988
zuletzt; 0.04460642684716731
ausgezeichnet; 0.04434972145827487
schlafunterlage; 0.04418544594955165
unterbringen; 0.0441427965524781
funktionelles; 0.04395350945668497
größe; 0.04385880036352319
einrichtungsstile; 0.04378407796320971
allroundmöbel; 0.04353310705846525
helle; 0.04343306818918791
doppelbett; 0.043412117251136806
räumen; 0.04323384501185501
geräumige; 0.04316693146756734
platzsparend; 0.04316327808192
mitgelieferte; 0.043108930345624685
geschickt; 0.04309460425884026
neo; 0.0429494966956554
ausruhen; 0.04285860399249941
