Wort; Durchschnittlicher Wert
vintage; 0.12670360377524048
variieren; 0.11704403266776353
angenehmem; 0.11468214401975274
eindrucksvolles; 0.10738742863759398
raumsparende; 0.09674236944556469
spontaner; 0.09625079066609032
arezza; 0.09318567195441574
edel; 0.09247522820805898
rosa; 0.091234622967022
kilogramm; 0.09051793976686895
überzeugende; 0.08950970036676154
liegefunktion; 0.08789509793859906
angesagtem; 0.08590588078368455
wand; 0.08481966739054769
wobei; 0.08454430363508436
lagos; 0.08396088020526804
feinen; 0.08387268212391064
pölstern; 0.08382252883166075
matto; 0.08356848797484417
anpassung; 0.08350492890167516
luxuriöse; 0.08253193454584107
dunklem; 0.082197415867995
retro; 0.08173679403262213
kindes; 0.08163242553564487
kghinweisdieser; 0.08063701694482006
großzügiges; 0.08023117812990677
zwischen; 0.08020173020486254
olifant; 0.08010226390615571
dunkelblau; 0.07972622574470734
dunkelgraues; 0.07948189426679164
regi; 0.07835018628975376
puncto; 0.0779487076215446
kunststofffüßen; 0.0777707606612239
zubettgehen; 0.07762447342975065
anzulehnen; 0.07751929783262312
trio; 0.07683033577632159
abklappbaren; 0.07590566863655113
tagesdecken; 0.07532768009696156
komfortvorzüge; 0.07458601097459905
freut; 0.07412621832918376
verloren; 0.07395727146649733
halt; 0.0739060626947321
graues; 0.07305216509848833
wohnzimmerje; 0.07303119220887311
erholsamer; 0.07300521590514109
strapazierfähiger; 0.07295143758528866
stütze; 0.07287183309381362
gehen; 0.07272102346178144
abrundet; 0.07269302528584376
geradlinig; 0.07223809738934506
