Wort; Durchschnittlicher Wert
juist; 0.15047764021801413
lieferumfanges; 0.14574236176122213
spielsachen; 0.1445447327569127
stauraumbett; 0.13887483599683037
schubladen; 0.12558967110089725
geräumige; 0.1254717322644865
dienen; 0.12431152731005568
futonbett; 0.11528613013433642
zubehördrucken; 0.1134015792995342
kghinweisdieser; 0.11268713099707384
dekor; 0.11219331351094297
dreisitzer; 0.1102695751687861
utensilien; 0.11015608852176229
pölstern; 0.10990104040683946
big; 0.10956127518147696
bücher; 0.10796303499955684
rollrost; 0.10609076624677982
option; 0.10486291592042107
raumsparende; 0.10358325139895896
paketspezifische; 0.10150241365408874
paketgewicht; 0.10055046302886694
aufputz; 0.10007233828946482
spediteur; 0.0999945680523524
havanna; 0.09928281364045688
geliebten; 0.09821318308604532
bezüglich; 0.09808618750821552
umgekehrt; 0.09770226086402545
liefertermins; 0.09746941653156682
scalea; 0.09719893782676081
stilbewussten; 0.09709163660591003
teil; 0.09698328625017894
kästen; 0.0966877805403783
treffpunkt; 0.09651783205754327
raumwunder; 0.09640793167091033
maserung; 0.09614589558623265
aufgeräumtes; 0.09596399563815794
kontaktieren; 0.09557138950913213
kautschukholz; 0.0955616694627679
integriertes; 0.09555990271519477
vielfältig; 0.09543088860664284
matto; 0.09497793537229882
verloren; 0.09429873623230378
paketgröße; 0.09414275317976717
vollwertiges; 0.0939915917124381
eindrucksvolles; 0.09389983494475018
wandgestaltung; 0.09347199424735209
vereinbarung; 0.09330542978568701
zweckmäßig; 0.09258066696384049
kategorienpolsterbettenboxspringbettenstauraumbettbetten; 0.09234551553709025
jugendbett; 0.09218957349003176
