Wort; Durchschnittlicher Wert
seiner; 0.0424013381889381
boxspringsofa; 0.037121377123185084
sitzen; 0.03650252849183744
gut; 0.036239399935766414
gästebereich; 0.03589291360503921
knopfsteppung; 0.035347894031474425
maschine; 0.03530710582344909
weist; 0.03511279786926025
highlight; 0.03476109137045569
übernachten; 0.03447974848222657
grauen; 0.034426757409164566
klassiker; 0.034373491175358595
camino; 0.03395232482262145
endgültig; 0.033644579340489145
naturfarbenen; 0.033242134131796774
reich; 0.0330807746413484
schwarzem; 0.032635828625643626
eyecatcher; 0.0325041883490087
außerdem; 0.032247497201751685
zier; 0.03188156017859001
verzierten; 0.03158184884887305
entdecken; 0.031568381051954475
hübscher; 0.03155492117184622
fällt; 0.031465533898881404
genug; 0.03118631651977921
liegt; 0.030797599401921616
dauerschläfer; 0.03076856970812969
ungefähr; 0.03072002912449534
silberfarbenen; 0.03061393221378239
besitzt; 0.030363063442564453
akzent; 0.030343263895701966
rosa; 0.029921609590019216
kompakt; 0.02980128175477148
später; 0.02971340482395135
farbkombinationen; 0.029597315583487216
mischgewebe; 0.02941982709489821
wäsche; 0.028928092945079698
flexibel; 0.028911122233694186
gast; 0.0288934832915686
schickem; 0.02880548556595386
klare; 0.02874018554120994
verdankt; 0.028538820434789614
holzfüße; 0.02849617405627214
komfortschaumkern; 0.028454321263780002
einzeln; 0.028337257180510278
nu; 0.028224326742929406
zubettgehen; 0.02804930168804276
potenzial; 0.02792724967957838
unterbringen; 0.027842197467180085
seitenteile; 0.02727359460493517
