Wort; Durchschnittlicher Wert
herzen; 0.03508432792796157
reach; 0.03204502446715196
auszuruhen; 0.03203108243178576
aufgrund; 0.030648581832792843
glänzendem; 0.030236539343604818
familiensofa; 0.02907208277247264
queen; 0.02904006387689151
widerstandsfähige; 0.028788680723664584
entgehen; 0.028755889376043342
gradlinigen; 0.028499543377620284
abnehmbaren; 0.02844691053724091
ergeben; 0.0277417976212746
gitterbett; 0.02719835991229047
echtholz; 0.026164346007135464
längssteppung; 0.025335093108878937
hautfreundliche; 0.025328470293970895
exklusiv; 0.025184076956065837
ausstattung; 0.02512387960086926
mars; 0.024097672750940546
polyurethanschaumkerns; 0.02398837677174015
abschluss; 0.023835858798747722
hinsetzen; 0.023401511332849623
gesicht; 0.023113637067581294
schnelle; 0.02309384553154814
n; 0.022972250932070892
sorgfältig; 0.022722396915924037
inklusive; 0.022559231849299977
graphitfarbene; 0.022462560133135412
bettschubkasten; 0.022381514174412587
vielseitiges; 0.021909818213316612
zahlreichen; 0.02190451453134301
textilien; 0.02117771794928558
zusammensein; 0.021173782573441713
comfort; 0.02075338714348618
erweckt; 0.02065598602348473
abgibt; 0.02055702263396597
angenehme; 0.020508880230408977
abnehmbarem; 0.020332409107140847
schaumstoffpolstern; 0.02028697045170702
extraklasse; 0.02017306768175331
harmoniert; 0.019964546819210227
kopffunktion; 0.01993889639925328
schlafengehen; 0.01992427340201175
höher; 0.019769945687585277
derselben; 0.01965832363566733
materialmix; 0.019468284699541982
feste; 0.019424519286985742
verhindern; 0.01939955025773088
spezielle; 0.019395949151657987
dunkelgrauer; 0.019392090079463742
