Wort; Durchschnittlicher Wert
streichelweicher; 0.05178239611268509
stützen; 0.04245446569257183
ausstattungsplus; 0.039754426063154824
starten; 0.03970440287957899
türkis; 0.03723462474590633
fernbedienung; 0.035342061797564384
viola; 0.03485625420580618
braun; 0.034429490493494086
filmabende; 0.034345706911153684
eindrucksvolles; 0.03431086766067892
wohlgefühl; 0.034125045869586756
lackiertem; 0.03402275581902359
ankommt; 0.03389347301708767
hochschläfer; 0.03352707872909377
fröhlichem; 0.03332938422681764
komplettiert; 0.033046082098735496
designliegefläche; 0.0327411615580786
gewissen; 0.03251851222921687
dunkelbraun; 0.03246973259956576
brunello; 0.03183916388070429
komponenten; 0.03177850463180221
griffbereite; 0.031514130962023046
silberfarbenden; 0.03132198814273579
greige; 0.031026781449327245
bedürfnissen; 0.031001853058114648
rosa; 0.030779619060922414
großartige; 0.030612430869950913
nierenkissen; 0.03050304479256738
bezüglich; 0.030432472085522022
trio; 0.03015853578108363
silberfarbenem; 0.030123720280244015
geliebten; 0.029976077581522986
schlaffunktiondie; 0.029729023983236402
luisa; 0.029557304587797262
dieser; 0.029554877310147276
lieferunglieferhinweislieferung; 0.02948618274240289
circa; 0.029416579462122172
optischen; 0.029280532806296833
fügt; 0.029274232299940195
mittelfesten; 0.029250247542222496
cleveres; 0.02921568666897656
begeistert; 0.029086922550050076
abziehen; 0.028891332185594365
gewünschte; 0.028709601170703536
schlafcouch; 0.028706055585644208
verfügen; 0.028697475190710975
behagliche; 0.02868654097255785
damit; 0.028593159565389215
hellbraun; 0.02842893556226045
taschenfederkernmatraze; 0.028365015819872497
