Wort; Durchschnittlicher Wert
dekor; 0.060207170181797665
wotan; 0.053258624964598766
einrichtungsstile; 0.05197940933305745
grauton; 0.043487335033546515
derselben; 0.04307778381311067
grauen; 0.04284303476538298
reise; 0.040101414171431315
massiver; 0.03941383706887791
sitzgarnitur; 0.03920822463624063
charme; 0.038743821554589886
stellen; 0.03755668903636433
rückenlehne; 0.037372056957281075
zugleich; 0.0368840653981124
gradlinigen; 0.03686965035990397
jederzeit; 0.036675886904845356
klasse; 0.03646654790145476
schwarzer; 0.036280110925645204
förmige; 0.035777357307850366
modern; 0.03541012401673527
wirkungsvoll; 0.03517743770886028
bettschublade; 0.03500779662692821
einlasstiefe; 0.03499371070097368
mars; 0.03477347799127983
tiefen; 0.034649538599438756
räume; 0.03439296118668267
aktuellen; 0.03433402919077366
linken; 0.03398428031798062
lotar; 0.03367712255214883
schaffen; 0.03359479889484618
schönes; 0.03322810527122577
holzoberfläche; 0.033059862721472655
trendigem; 0.03268903494228681
flexibles; 0.032566296838240305
nimmt; 0.03227072628379801
neigungswinkel; 0.03222444243965583
einzelbett; 0.03212921523153511
mordernen; 0.03201107203653919
senfgelb; 0.03192518526627808
schlichtem; 0.031606018810521164
versprüht; 0.03154219721523077
hautfreundliche; 0.031248279104545418
trendiges; 0.0312255292764263
längssteppung; 0.031178362722698694
carrol; 0.03116209330607944
aufstellen; 0.0309960829435596
jugend; 0.03094324320625219
geneve; 0.030636944151069656
ausgezeichnet; 0.03062520322407636
kompakten; 0.030605263283462136
offen; 0.030594614608304482
