Wort; Durchschnittlicher Wert
beinen; 0.06346391128317919
inkludierte; 0.06271065537293907
einrichtungsstile; 0.06197292450815439
rollrost; 0.05736968605197035
grauton; 0.05727118969662115
zeitloser; 0.057157431976520456
funktionen; 0.05581789833922812
verführerische; 0.052953971884562634
kautschukholz; 0.05113893299130723
einlasstiefe; 0.0506523081130581
weißer; 0.05020263310143491
jersey; 0.050038601497362833
montageanleitungdrucken; 0.04996846744325012
einrichtungsserie; 0.04992638318799436
versprüht; 0.04910436685895547
reise; 0.04882231121882796
la; 0.04835748238838278
queen; 0.0480545853060903
charme; 0.04768367735960055
fünffach; 0.046717280318262056
mini; 0.04651554756128462
formschaum; 0.04618805373320356
anzubieten; 0.04565998275211314
bedienung; 0.0454683534335345
obendrein; 0.04529007511155214
geschnittenen; 0.04489056204329245
gradlinigen; 0.044845351672847755
reicher; 0.044705433829221874
levi; 0.04465813476417679
gitterbett; 0.044638671330176294
mittelgroße; 0.04451170432730578
jeden; 0.04449902390842908
schlafoptionen; 0.044498713374196086
dienen; 0.04443549809366232
dient; 0.044199455731359194
wohnliches; 0.044189383792399894
betonoxid; 0.044176624724059366
kompakten; 0.044069989689887734
sofadie; 0.04394854546785609
kunststofffüßen; 0.04383660707389936
led; 0.0437484242793289
betthälfte; 0.04366032645339146
geschickt; 0.04357786834589206
dunkelgrauer; 0.04348711477359757
schwarzem; 0.04348534379823832
hogan; 0.04343014811092871
trendsetterfürs; 0.043315249553415924
unterwegs; 0.04299585999979172
graue; 0.042608127543644514
großzügigem; 0.042587896783516044
