Wort; Durchschnittlicher Wert
aufgrund; 0.16589703038334846
mischung; 0.15975968196289614
abriebfestigkeit; 0.15313163679093122
durchgehenden; 0.152833269778057
abnehmbaren; 0.15257729892618954
bonellfederkern; 0.1522918184127775
eindruck; 0.14910255809081718
nero; 0.14709096925798804
polyurethanschaumkerns; 0.1460646484629251
ph; 0.14359782432438806
geringen; 0.14313374273478985
pillingbildung; 0.14142226340482011
eckigen; 0.14113638177514076
synthetik; 0.13980293134227395
ausstattung; 0.13805356925877277
liegehöhe; 0.13728435228404123
vermitteln; 0.13566492428071797
edles; 0.13438324275193736
obermaterial; 0.13012081405031495
schlafmöbels; 0.1236915122717619
klaren; 0.11481951098539867
edlen; 0.11375540297012776
angenehme; 0.11339663161197677
inklusive; 0.11088581418152899
doch; 0.10910016862908378
allem; 0.10715049094869755
harmoniert; 0.10526067501632497
während; 0.10459965831250884
vor; 0.10324428259991691
er; 0.10118417831836268
übrigens; 0.09601241126074456
per; 0.09430401457939297
kontinentalmatratze; 0.09015562919375952
luxuriösen; 0.08943137059395667
füße; 0.08924542341264896
höheren; 0.08823287587438244
lichtechtheit; 0.08747833236702718
gefällt; 0.08735201950185001
rechnen; 0.08562598458047432
geeignet; 0.08522848805296235
daher; 0.08070696715731174
reißverschluss; 0.08024059651143034
lagernder; 0.079920817312086
domino; 0.07852407195605338
überzeugenden; 0.0772823290899396
stoff; 0.07619575514399912
verzierten; 0.07581361752818339
liegen; 0.07425546349259093
wir; 0.07385944548150292
wood; 0.07370954228099436
