Wort; Durchschnittlicher Wert
eldes; 0.027888772031474218
freundlichen; 0.026709117391874315
farbiger; 0.023594249156303704
himmelblau; 0.022054155374007678
marlene; 0.022021724264050135
schlichter; 0.021692156929930206
big; 0.021598678002192173
edelstahl; 0.020845981876846054
anpasst; 0.02084033439587074
derselben; 0.019836660343571566
ausgeklappt; 0.01979972453591472
verrutscht; 0.01934344340406824
trägt; 0.01925205868633384
angenehmen; 0.018804772204020992
aufputz; 0.018622800715093035
beautifiul; 0.01838920953014167
handelt; 0.018297832247299084
albero; 0.01799302252720736
ferienwohnung; 0.017825755774538266
vielseitiges; 0.0176720171712077
textilien; 0.017613987884033122
herzen; 0.01751383803457429
belastung; 0.017452940128350747
puristen; 0.01742461719277344
exquisitem; 0.017190899059642106
gasdruckdämpfer; 0.017102855097618885
ergeben; 0.017071279591618804
neo; 0.017023673781295656
sitzgelegenheit; 0.017020241510181222
spezielle; 0.016868928400072036
lookdamit; 0.01683716777461086
höhepunkt; 0.016733091481000884
räumlichkeiten; 0.01660995601923787
reach; 0.016563632151701313
eiche; 0.01643439741746988
höher; 0.016387939355809067
tagsüber; 0.01625636418339127
verfügbar; 0.016153014912561048
rechteckige; 0.015985406458185025
problemlos; 0.01592978243024845
pflegehinweisehinweisdieser; 0.015881812207226176
polstermöbeldie; 0.015825889833649853
dient; 0.01578781574153254
funktionales; 0.015720822040748317
überraschenden; 0.015707261005445616
ausgeklappten; 0.015534891190782218
hellen; 0.015428925296873786
langfristige; 0.015332121238316176
kategorienwohntextilienvorhängestehleuchtenwohnzimmertischedrucken; 0.015280163996067131
aruba; 0.01525469821842762
