Wort; Durchschnittlicher Wert
bonellfederkernmatraze; 0.08111694405670278
spontaner; 0.0759809063965804
reich; 0.07587276620324701
kunststofffüßen; 0.07563100653351285
überzeugende; 0.07178179351467406
variieren; 0.06631022512738127
umwerfend; 0.06476596934771806
gerade; 0.061212566104586585
wandgestaltung; 0.061176210721896496
visocschaum; 0.0609419866304961
erscheint; 0.060309884433536354
querschläfer; 0.05922251181618776
aufgeräumt; 0.058745713147800416
nierenkissenrücken; 0.05846241401377483
zubettgehen; 0.05797201078530634
lagos; 0.05753443542198511
pölstern; 0.05707901922869496
wand; 0.05630345726149244
pink; 0.0559815049127792
lieferumfanges; 0.05553392515867017
hölzernen; 0.054290698702970985
hand; 0.0536750581668457
zugehörigen; 0.05361489739152603
retro; 0.053505686209973646
frische; 0.05297318073280621
ausstrecken; 0.05245893452229211
arezza; 0.05161068244706257
rosa; 0.051604232445242815
sonntagnachmittag; 0.05138845411784132
angesagtem; 0.05134616370196454
raumsparende; 0.05115893413312733
beiträgt; 0.050768959408742376
puncto; 0.05068160473820171
anschluss; 0.05026089543389389
knopfverzierung; 0.049990429211902665
hellbraun; 0.04963858444534708
einrichtungselement; 0.049357753865479026
max; 0.04931286188366357
üppig; 0.048966231443046127
selbst; 0.048384425968833966
lenkt; 0.0481994942529127
komfortabler; 0.04809294152983057
alexandra; 0.04779975510609802
raumgefühl; 0.047418619025847875
maschine; 0.04723058440868044
zwischen; 0.047040695239047636
zierliche; 0.04654898379885708
juist; 0.046204744663555175
zeitlosen; 0.045669585181713046
preiswerten; 0.04536944791107089
