Wort; Durchschnittlicher Wert
matratzenhöhe; 0.07152663631131873
verziert; 0.07037719548679888
rot; 0.06588871651911177
liegt; 0.06192538612322096
vorprogrammiert; 0.05786464537959546
maximale; 0.05690853766282089
beträgt; 0.056291049550054595
einrichtungsstückes; 0.055653813844401157
komplettieren; 0.054835612267197575
griff; 0.054682166781276464
erweist; 0.05374650443991413
schutz; 0.053333038864366245
letztere; 0.053261028304405045
ordnung; 0.05208721896633506
zonen; 0.05183591175045876
frischen; 0.051737152753048576
wäsche; 0.051496315198164666
rollroste; 0.051114866942953086
seinen; 0.05044460095814429
must; 0.05042960935315932
gepolstertem; 0.050341328053036705
wertigkeit; 0.05029287239085534
greige; 0.05018922206363641
ankommt; 0.04996635984571185
tiefe; 0.049935342351091094
variabel; 0.04928227502387017
ausstattungsplus; 0.048907714372035116
liegeposition; 0.04867381586518604
wunderbar; 0.04865151448757388
abnehmen; 0.04859809737172327
misst; 0.04852832926553674
stärke; 0.0484358926769346
marianne; 0.048370812393841334
welt; 0.048199091252172366
hinweis; 0.04813366127200425
stimmige; 0.04813007790653501
eichenholz; 0.04784680293232668
versehen; 0.04783346294425428
jedes; 0.04764361546949658
wurde; 0.047495388749666745
schrankklappbett; 0.047182190930470824
beides; 0.046714178621186875
aufklappen; 0.04645779596057764
kopf; 0.04641848151914019
pflegemontageanleitunghinweisstoff; 0.04637656068734941
quasi; 0.04631490304018371
neinlattenrost; 0.046192939567845315
toppers; 0.04609210491526028
gesamtgröße; 0.04589162355841836
unprätentiöses; 0.045780523934809025
