Wort; Durchschnittlicher Wert
dauerschläfer; 0.04123592857467884
germany; 0.038041450276068645
elegante; 0.03616670983683434
vorziehbank; 0.03548133932235942
schlichten; 0.03517498648943729
stilvollen; 0.03514712806645548
neu; 0.033571434862096794
kopfteils; 0.03326616359845502
flair; 0.03307849438715493
programm; 0.032737939078742784
liegegefühl; 0.031586274730216246
made; 0.03152675793171511
wecker; 0.03108005514150136
einrichtung; 0.031029481792188562
liegeposition; 0.03101457762920745
robust; 0.03082978146358073
komfortschaumkerns; 0.030567270081519382
glänzt; 0.030391818827411043
formschönen; 0.030323378785396926
ausladende; 0.030299701842523064
stabilität; 0.029706232275202638
anderen; 0.029623616392200347
bequemen; 0.029459028042765567
verborgen; 0.029343931084440555
träumen; 0.029337741172639653
liegeerlebnis; 0.02917937831080053
hinweis; 0.029052136706013698
herrlichen; 0.02903246267996451
wechselspiel; 0.028960762433598575
gemütliches; 0.028596884139915346
erzeigt; 0.028583061666722642
boxspringsofa; 0.028367370881824172
gepolstertes; 0.02811664992259466
entspannt; 0.028112062205764232
schlafs; 0.028077169019525172
rückenpölstern; 0.02785573323671997
vollständig; 0.027550338781566097
vereint; 0.02739979031139228
wollen; 0.02727763254006277
zusätzlich; 0.02725704761542147
geschmackvoll; 0.02719523089035647
fotos; 0.027074465507212153
ersatzkissen; 0.027074206430825143
ablagefächern; 0.02696259437479398
ansprechend; 0.0269545672890672
energiereserven; 0.026950034782203147
verleiht; 0.026932796004984993
schlaferlebnis; 0.026712844977737404
guten; 0.026613276702846633
füßenstilvoll; 0.02661132206299044
