Wort; Durchschnittlicher Wert
vintage; 0.06257665346493013
abnehmbar; 0.05994966049911454
edel; 0.05608925668639131
eindrucksvolles; 0.055893331809784286
schicker; 0.054963900620350614
pölstern; 0.054328958998667076
dunkelblau; 0.05294507305370644
toller; 0.05204417239292525
grundlage; 0.050981725100427866
chices; 0.05092654529653373
treffpunkt; 0.05087302436004393
sieben; 0.050801778059394564
nötigen; 0.04965515145158861
kindes; 0.04939261937397532
zugabe; 0.04847171239089221
flora; 0.04839874156641599
liegefunktion; 0.04833844832046452
polyetherschaumkernund; 0.048258395079756156
lieferumfanges; 0.048160766822547885
option; 0.047865329339401796
holzrahmen; 0.047594720705092186
angenehmem; 0.047190264420351014
samtoberstoff; 0.04606180918926839
heiß; 0.04593153201858513
ruhepool; 0.04578856638545403
robuste; 0.04573655326385051
strapazierfähiger; 0.04521274453145452
gewicht; 0.04491714888717979
wobei; 0.044415243246476166
freut; 0.04420506895985454
schlummert; 0.044085376168368384
aufkommen; 0.04407818023173604
sondergröße; 0.044036127858817053
kilogramm; 0.04395806945103686
dicken; 0.04288904697750695
retro; 0.042862040834734216
kind; 0.04273750857100822
sieht; 0.04256880219327286
hand; 0.04247173517069314
komfortschaumkern; 0.04227329741115682
arm; 0.041221762367058545
bezogenem; 0.040181029224186204
ausladender; 0.04013508578645997
absolutentrendfarbe; 0.040029736468568444
verloren; 0.04001026593323331
gästebereich; 0.03977841247979086
himmel; 0.039709979530016426
lino; 0.03955752223555464
kelly; 0.039402012451319024
regi; 0.03926412103464827
