Wort; Durchschnittlicher Wert
höchster; 0.02768666946940357
marino; 0.023995612224098295
verleben; 0.02326810515660327
sonntag; 0.021965766412904486
stützen; 0.01942569194943644
problem; 0.019332374291479937
relaxfunktion; 0.0189688136906625
abhinweisbitte; 0.018747781999991275
freut; 0.01865255363372853
persönlichen; 0.018499662932299543
baumeln; 0.018049543326924322
ruhepool; 0.01691391428175848
satt; 0.016887504709302448
relaxfunktiondie; 0.016862828353623627
einstellbarer; 0.01678452057967661
abgestimmte; 0.01670100358023774
scalea; 0.01663171664404217
wenig; 0.016475238193379482
seele; 0.016091711281660537
formschaum; 0.01591760268274811
motorischer; 0.015764946994750062
redmond; 0.015502361893254601
überbieten; 0.015459424001164734
funktionelle; 0.01521210529608652
kein; 0.015148562320973724
cruz; 0.014957880590372952
q; 0.014661003602668643
liegende; 0.014495874871499836
einrichtungskonzept; 0.014236421260648058
großartigen; 0.014196669049852062
graphitfarbene; 0.014156263547192793
ausgeklügelte; 0.014148680955258897
entspannte; 0.013817289494909346
harmonie; 0.013656893141160253
cream; 0.013625062558276113
platzbedarfgenießen; 0.013607826324005146
polyetherschaumkernund; 0.01350512455013586
zeitloser; 0.013474417486577295
schönem; 0.013398316761595197
erhöhen; 0.013193497974498314
montierbar; 0.01302918727742508
höhenverstellbare; 0.012862558978667948
queenline; 0.01282997414637066
modells; 0.012427252735506045
topmodernen; 0.012420803952409187
sicheren; 0.012409875846060459
silberfarbenden; 0.01237031381469933
einrichtungselements; 0.012362659261270892
faulenzen; 0.012237125556566752
nierenkissenrücken; 0.012210922468511853
