Wort; Durchschnittlicher Wert
kippen; 0.05137668558745645
geschmackvoll; 0.04579801909858361
klassiker; 0.044381757004885
darunter; 0.04327794356595405
elegante; 0.042383770844026
familienmitglieder; 0.041076723631704226
wiederum; 0.03862393321469426
robust; 0.038492633029818535
rahmen; 0.03840047778794542
driver; 0.03828934911734905
bequemen; 0.037535285780904815
lagerung; 0.037406372459372506
samtbezug; 0.03697866975562647
hochwertige; 0.036258423522667727
fjord; 0.03587293918826617
decken; 0.035463348001940176
fach; 0.03523004588805634
weiter; 0.03510774700407637
entdecken; 0.034999878611415625
jedes; 0.03470446640858427
bildet; 0.034660439983781544
mittleren; 0.034613718414902905
adria; 0.03452750146971084
flachgewbe; 0.03452097044646507
perfekten; 0.03416161950735841
stilvollen; 0.03413968721361016
geschmackvollen; 0.03410276129943668
gestaltung; 0.033915983105544
stimmiges; 0.03379285712435376
schieben; 0.0337013246899005
auszeit; 0.033548474515555426
buch; 0.033401874723494984
paketspezifische; 0.0331071666587377
raffinierte; 0.03292031340242829
sitzpölster; 0.032879195554414764
fügt; 0.032468647812493145
wohnkomfort; 0.03231640162994154
rundum; 0.03169284574687481
ziehen; 0.03167871118057519
bigsofa; 0.03149736203340581
abgestimmten; 0.03148198840790428
alaska; 0.031433207681402564
einrichtung; 0.031190084737318102
lehne; 0.030921596109692473
formschöne; 0.030807687318883836
klappe; 0.03040379053891229
stylische; 0.030378649156773463
bank; 0.03028825156070525
lattenroste; 0.030251596443122253
herrlichen; 0.03024576934876677
