Wort; Durchschnittlicher Wert
samtoberstoff; 0.02078605647693621
bezugs; 0.02069340429386557
beerefarbene; 0.01958852298594138
handelt; 0.01937322484627657
vorteil; 0.019061446277191862
ausschließlich; 0.018051715807814617
kontinentalmatraze; 0.017857785344858712
schläft; 0.01784911133472633
elektrische; 0.017762023770046653
chices; 0.01744352931564208
erfüllt; 0.01730047273213131
angesagtem; 0.01710345815808978
wohlfühlwunder; 0.017064959090930643
alufarbenen; 0.016962273621174973
prakitscherweise; 0.016953849379206076
eindrucksvolles; 0.016555359034100547
betonen; 0.01650954843717045
lino; 0.016495872205268824
vorzüge; 0.016319139756888035
edlem; 0.01630620193282084
entführen; 0.016301951649438706
bezogenen; 0.016300636156302062
angenehmem; 0.016278596383926924
einsetzbares; 0.01627144097165001
genießer; 0.01625503875038703
sonoma; 0.016217415119172074
exakt; 0.016169339181942632
wohlfühlzone; 0.016101741457532626
gestaltbares; 0.016072792579507222
harmonisches; 0.01590032452077139
beflockte; 0.01581200593500398
ausgeklügelte; 0.015565028801120206
max; 0.015536175986198941
flachgewebe; 0.015384781550892512
hochwertigem; 0.01536478531488683
erwarten; 0.01532761782164016
spritzwassergeschützte; 0.015259643882018281
farbtöne; 0.015248327210429125
intelligente; 0.01511133883104776
PAD; 0.015093056606019672
q; 0.015027742609163397
zugabe; 0.014981217638705857
verloren; 0.014931339625036344
jugend; 0.014899531257015042
schnell; 0.01468560604553204
polyurethanschaukern; 0.014566772395482985
gehen; 0.014536327857058495
bücher; 0.014410750981369347
kind; 0.014270814121118747
aufbewahrungsmöbel; 0.014238956548069837
