Wort; Durchschnittlicher Wert
rollroste; 0.24828302757759957
samtbezug; 0.23173503221369174
eyecatcher; 0.22307303972775117
misst; 0.21290547822718509
kopf; 0.20756369389710017
dauerschläfer; 0.20706690473889466
holen; 0.20156068289452378
geradliniges; 0.19421607002732344
umfangreichen; 0.19229221228670212
wangenform; 0.1917925794623443
formschönen; 0.18955393919168273
alaska; 0.1887578444002429
wände; 0.188106201676419
harmonieren; 0.18742354834103025
langjähriger; 0.18341464838886168
seitenteil; 0.1827666576100455
pflegemontageanleitunghinweisstoff; 0.18168567604152486
edlem; 0.1814354733651271
flachgewbe; 0.18106221323250793
komplettieren; 0.1775435539566388
unterstreichen; 0.1774849922348949
beige; 0.17706772865130915
schwarzen; 0.17686287519609323
ablagefächern; 0.17659697739145486
fügen; 0.17640227608535497
liegeerlebnis; 0.17606381038240215
marino; 0.17588616410648683
hinweg; 0.17478271919389954
cariba; 0.17209956578881247
versehen; 0.1717266352607112
einrichtung; 0.17128199418220902
platzangebot; 0.1711697173959692
darauf; 0.17042914247122098
verräumen; 0.1696255627903156
geklappt; 0.16938624055183027
verziert; 0.16816418852249626
begleitet; 0.16814094899018528
nachts; 0.16805758588998287
austrecken; 0.16736933740321547
gefallen; 0.16648701501253527
kiefernholz; 0.16577252397382836
absolute; 0.16532409747014754
zweit; 0.16499659001419786
webstoffmax; 0.1637778850417817
gefertigte; 0.16353320215057465
anmutende; 0.16352066776016727
versprechen; 0.16300556472560856
melinda; 0.16293008668799303
offenen; 0.16274365651770495
fliegen; 0.16261773926817114
