Wort; Durchschnittlicher Wert
misst; 0.24283125800138805
samtbezug; 0.23806841595069272
farbton; 0.22585318381607067
edlem; 0.21897556305702892
wände; 0.21558512438787147
silber; 0.21479282707878156
boxspringsofa; 0.20556087308796123
kopf; 0.20471626289509004
beige; 0.20387378022223857
einrichtung; 0.20153740732439474
ordnung; 0.19891739774902817
elegante; 0.1977421089395648
voraussetzungen; 0.1891741084837122
friscokombinieren; 0.1856068897759542
möbelstücke; 0.18505687048309483
geradliniges; 0.18485632351075765
möchte; 0.1845194388224627
darauf; 0.18383789620020252
unterstreichen; 0.18270882457727566
bereichert; 0.1807637691263153
entdeckendrucken; 0.18007875092735048
rollroste; 0.17964217055305198
eyecatcher; 0.17910043794836383
nylon; 0.1783397352173779
austrecken; 0.17824677783210063
alaska; 0.17759137293614913
matratzenhöhe; 0.1775822103008977
wohnambiente; 0.17736538254393963
mitten; 0.1766051145846177
angekündigt; 0.1760432456358103
weiche; 0.1746811447883374
komplettieren; 0.17362645160028478
verleiht; 0.17347483105004358
braun; 0.17290929635055363
flair; 0.17278450481853724
unterschiedlichen; 0.17234589812505874
platzangebot; 0.1703805125071085
fehlen; 0.1699238358414732
genutzt; 0.1684629500232404
flachgewbe; 0.1663220267291763
maximale; 0.16629673152783653
entsteht; 0.16585019492777064
greige; 0.16546561486757128
verwandeln; 0.1649083409611194
pflegemontageanleitunghinweisstoff; 0.16477979957426214
verräumen; 0.16444504674291238
armlehne; 0.16317318330334274
ende; 0.16276175335951848
nackenstütze; 0.16273985527732293
schickem; 0.16251838356765802
