Wort; Durchschnittlicher Wert
hinweisbitte; 0.2393855805066778
bestway; 0.22673209713684628
bonellfederkernmatratze; 0.2181278065454535
luftbett; 0.21785960641136626
grauem; 0.1976979366991145
rollrost; 0.19664242737053428
bettlade; 0.19383008633485588
dekor; 0.1926219155502622
charme; 0.19016091975208838
mars; 0.18963864110264694
einlasstiefe; 0.18899862747639418
empfehlen; 0.18860254433457158
widerstandsfähige; 0.17943475335050607
räumen; 0.1779198801077655
carrol; 0.17712363889222615
minuten; 0.17230160367944336
senfgelb; 0.17198369986363105
geschickt; 0.1704057955589633
mitgelieferten; 0.17030038042503293
person; 0.17020705479717435
wissen; 0.16967076044420537
geneve; 0.16942568978993222
carolina; 0.16817824968893547
modischen; 0.16798175567237195
teilige; 0.16591567273644614
doppelbett; 0.16397918022266822
einrichtungsserie; 0.1638994599961734
gitterbett; 0.16334029181598453
weiß; 0.16292094172422367
pumpe; 0.16196226066313102
stoffbezug; 0.1603260161318758
echtholz; 0.16009201021734043
zeitloser; 0.15969680823764065
lese; 0.1592431909084553
beflockte; 0.15829335930175148
verführerische; 0.15778307238360867
reise; 0.1577450967488403
einzelbett; 0.1575866158309509
grauen; 0.15721477807619522
schublade; 0.1568325814992022
erwartet; 0.1562492971715983
funktionelles; 0.15551269766183395
synthetikmix; 0.15357957961168722
gesicht; 0.1523811880415451
liebesroman; 0.15186491217536968
montageanleitungdrucken; 0.15184347192553105
versprüht; 0.15151549010624876
hautfreundliche; 0.15065177666383534
strapazierfähigem; 0.15052253619069234
gradlinigen; 0.1494643821788486
