Wort; Durchschnittlicher Wert
vintage; 0.2686363346729195
robuste; 0.26694159221369773
angenehmem; 0.2508730154368095
matto; 0.23241604094801005
komfortschaum; 0.2320430680847494
eindrucksvolles; 0.23101427149958909
pölstern; 0.2214079795521684
zugabe; 0.2185895573347807
kilogramm; 0.21274919322604546
xl; 0.21144817281492578
toller; 0.2113357749494753
reich; 0.2095686034008395
frische; 0.2082794768793974
stütze; 0.20425068761687726
farbtöne; 0.2042008950811578
you; 0.20416691933496622
rot; 0.20319554810703266
kind; 0.2029609354067361
dunkelbraun; 0.20210844208486378
braunem; 0.20038116931391414
hand; 0.20020468824077398
prakitscherweise; 0.19891732317046262
wand; 0.19859517019358464
verloren; 0.19522555882576853
mid; 0.195143708930118
kindes; 0.19452512434509117
bedürfnissen; 0.1932921538464143
dunkelblau; 0.19129431812325493
gehen; 0.19091567309806123
synthetikfaser; 0.19031244409052306
lieferunglieferhinweislieferung; 0.18887307766999584
verbirgt; 0.1883090295450529
lieferumfanges; 0.1882881166675361
wandgestaltung; 0.18736180690757465
wobei; 0.18646367502515204
liegt; 0.18491361478663748
schlafgefühl; 0.18366667512827917
hochwertigem; 0.183587503455783
dadurch; 0.1822693504327617
schenkelmaßen; 0.18201450481137726
verspricht; 0.18136526866874192
raumsparende; 0.18088443605665816
großer; 0.18051351529720705
boxspringbettes; 0.18032447205223434
namen; 0.17930373644230713
übernachtungsgäste; 0.17793248823363683
juist; 0.1777570252033911
harmonisches; 0.17767120271673775
fernbedienung; 0.17716269668017048
reißverschluss; 0.1770013877958263
