Wort; Durchschnittlicher Wert
luftbett; 0.38607879681831037
bestway; 0.36855603686399263
pumpe; 0.3150147160299639
hinweisbitte; 0.30394695582617715
beflockte; 0.2809826967668414
minuten; 0.269665529405529
empfehlen; 0.2601214434034773
geneve; 0.25943502349946357
grauem; 0.25419071677242755
charme; 0.2526408827943669
bonellfederkernmatratze; 0.2419994479532761
einlasstiefe; 0.23356169253406733
gradlinigen; 0.23297665745303675
entgehen; 0.2329667184712889
exklusiv; 0.23090610910549003
einzelbett; 0.22915467474376783
zeitloser; 0.22867029808548978
carolina; 0.2280734227733774
queen; 0.22331666377795045
zusätzlicher; 0.2210921222254001
übernachtungsmöglichkeit; 0.21884539025813865
mars; 0.21851901901300153
feines; 0.21782141499352292
widerstandsfähige; 0.217246523434369
rollrost; 0.2139954975082219
verhindert; 0.21361000317847356
lese; 0.21181592073298816
formschaum; 0.2110793952269887
einzigartig; 0.2105755509219307
simon; 0.20993230376802785
mitgeliefert; 0.20971351641856018
hautfreundliche; 0.20870452379494964
reach; 0.2084789537659617
edelstahl; 0.20821224940436878
unterwegs; 0.20559039659292466
mitgelieferten; 0.20542430785553734
reise; 0.20504443863728739
herzen; 0.2040363245678236
airbed; 0.20317689808962314
montageanleitungdrucken; 0.20222166807252506
modischen; 0.20194183323565085
person; 0.20079356745975474
tragetasche; 0.19976419725844607
dekor; 0.19583881229846156
eignet; 0.1956323946815246
hinsetzen; 0.19533506526840938
luftmatratze; 0.19501821680933062
led; 0.19491605128678202
geschickt; 0.19452866720348538
teilige; 0.19443062233585806
