Wort; Durchschnittlicher Wert
inspirierte; 0.025751955952728167
überlässt; 0.02343271519208656
nordisch; 0.019990082291769795
naturgeölten; 0.019136967206577538
mischgewebe; 0.01841319958839449
kopf; 0.0175423248365405
bündnis; 0.017423628269170877
polsterbett; 0.0173790451935929
fjord; 0.017271863482164918
versehen; 0.01711035126936622
funktionales; 0.017003620228024374
entstehende; 0.016885066561371787
fast; 0.016814064296340803
wahren; 0.016770717011240777
stilsicher; 0.01642096251998737
zusammenkunft; 0.016180948841792997
liegefunktion; 0.016104161861221655
letztere; 0.01589647995933774
locker; 0.01565315563857439
schlammfarben; 0.015627095290255966
streichelweicher; 0.015564781999273691
worauf; 0.01556456401340256
milla; 0.015413806955621112
extravagante; 0.015403422275994672
rollroste; 0.015378988508018665
lieferung; 0.015333158294140503
ruhen; 0.015248599377002847
greift; 0.01518901319127508
pure; 0.014960863940359559
ruckzuck; 0.014819228504961757
fester; 0.014621827151131583
abnehmen; 0.014516849907522555
bettkästen; 0.01440335949882865
textilbezug; 0.014276478687861527
schlafens; 0.014077482912398409
armlehnkissen; 0.013778869212956124
mitmaßen; 0.013741999198828125
zugänglich; 0.013676258797204355
mid; 0.013660383825481404
einrichtungskonzept; 0.013657955576491076
textil; 0.013614991112262942
schaumsoff; 0.013545650186642888
potenzial; 0.013456347918236133
zwischendurch; 0.013445775803120341
camelfarben; 0.01337102542129287
seitenteile; 0.013235639889899176
lopez; 0.013156903676645015
langschläfer; 0.013104823818139266
gutem; 0.013083672631182708
dauerhafte; 0.012985037588805426
