Wort; Durchschnittlicher Wert
greige; 0.04918898053074372
entdeckendrucken; 0.0434310881246347
salerno; 0.04183085602380743
polyurethanschaumkernhärtegrad; 0.041151484969304875
raumatmosphäre; 0.03900359407271026
farbton; 0.03870357995037921
eldes; 0.038638234429527074
seitenteil; 0.036228576966095716
svenja; 0.03462913461248718
lindau; 0.0336162136081839
mindestens; 0.03344786637171637
griff; 0.03322804157505743
lavagrau; 0.032909450004808605
pflegemontageanleitunghinweisstoff; 0.03259378334041685
rustikaler; 0.032442274678032845
charlie; 0.032352490292396396
einzelbetten; 0.0322636091914319
ausgezeichneter; 0.03144943778170273
stimmige; 0.031369222939247265
como; 0.03131875049439259
ablageflächen; 0.030991255127332806
sway; 0.030748339093406685
ausgewählten; 0.03062990870239446
andrew; 0.03056088063385687
angehauchten; 0.03050507078296505
bensheim; 0.030289093338069506
organisierter; 0.029970994517498184
mosbach; 0.029862550523830578
ineinander; 0.029606641401187517
aufgebaut; 0.02957630401942879
verlieben; 0.029431052302243188
entdeckenhinweisdieser; 0.02923700628161896
attraktivität; 0.029147801411454566
hinweg; 0.028812673699576408
versprechen; 0.028795387886930257
noppenstruktur; 0.02871807207702659
separaten; 0.028694429667666554
doppelte; 0.02867899526609108
gurt; 0.028639302909141406
augen; 0.028542865635245107
viere; 0.028496556289610453
füßenstilvoll; 0.028442160197300836
zugehörige; 0.02810680028051138
benötigt; 0.027898514540083852
insel; 0.02788329779923515
licht; 0.02777565730502829
waschbarem; 0.02764610422309488
friscokombinieren; 0.027621814981102943
überlassen; 0.027518073591636494
malta; 0.02729584416374564
