Wort; Durchschnittlicher Wert
unterstreichen; 0.25763739268586505
linien; 0.24315448675770313
naturfarben; 0.23810011267050868
augen; 0.2232390146527905
saubermachen; 0.22070803464157507
ende; 0.21812757485895418
friscokombinieren; 0.2179495339182722
garcia; 0.21778106356214266
entdeckendrucken; 0.2174600447897319
angekündigt; 0.20995534557732753
füßenstilvoll; 0.20956699807720724
fußform; 0.20883510135399774
misst; 0.2084975762772956
tipp; 0.2054005937243346
thomas; 0.20252858303138055
diejenige; 0.20107607564568752
lattenroste; 0.20099547515565064
greige; 0.20051922617312812
rückenpölstern; 0.19876760141414707
ästhetische; 0.19831895688245993
geradliniges; 0.1975683274504263
natürliche; 0.19731417334696744
platzangebot; 0.19492701251147082
melinda; 0.18993872207647655
trendfarbe; 0.1894258343236288
nylon; 0.18780643176341982
entstehen; 0.18670875290990807
bereich; 0.1859979924374784
spediteur; 0.1850123114636517
anstrengenden; 0.18489972104453045
zustellung; 0.183343770695501
klaren; 0.18259862319246167
wurde; 0.18167056070524268
gleichen; 0.17991022779460764
wachen; 0.17939183524504188
nächste; 0.17932854964419676
romantisches; 0.1787330033730541
konischen; 0.1779657127117389
gefertigte; 0.1778154891107988
matratzenhöhe; 0.1774701162794372
vereinbarung; 0.1774460253182042
stress; 0.1772035141766537
germany; 0.17696601277384616
wohin; 0.17636882996885106
elegante; 0.1755784257693449
pflegehinweisedrucken; 0.17544695957622025
kontaktieren; 0.1749895063767326
leichtigkeit; 0.1748631976915931
bordsteinkante; 0.17357058595916897
farblich; 0.17315654973208439
