Wort; Durchschnittlicher Wert
geschnittene; 0.021737698509241454
augen; 0.02144603626220487
alpinlook; 0.01643668885662919
karlo; 0.016378262836951762
motorisch; 0.016055854352089227
dunkelgrauer; 0.016026199293264654
zusammenspiel; 0.01551817115432641
geeignetes; 0.015471486763999565
wohin; 0.01534774991159793
acessoires; 0.015267399948697857
vorteilhaft; 0.01500357352597348
armkissen; 0.014830930810603604
dunkelblau; 0.014519764763463172
anzubieten; 0.014032290513569023
optionen; 0.014006388131747372
wahrer; 0.013931899370163592
umlegen; 0.013929719305451727
freundlich; 0.013700652873467334
beste; 0.01366297855065568
außergwöhnlichem; 0.013644895458128303
gitterbett; 0.013625519361085026
schlafsofa; 0.013496995440618775
lieblingsposition; 0.013465415584505536
gefüllten; 0.013443135449506372
ansprechendes; 0.01342268026292004
hinzu; 0.01340355123829795
armlehen; 0.013400221261690604
spritzwassergeschützte; 0.013396223156632914
zeitloser; 0.013266858746646903
wohnideen; 0.013169049914722564
relaxfunktiondie; 0.01310711422206623
stress; 0.013091595115838572
hinreißendem; 0.01295639980253327
freddy; 0.012722308696538676
extraportion; 0.012406768924847711
wertet; 0.012377630418995977
geruhsamen; 0.012334760947851464
hellgraues; 0.012309176587223192
terana; 0.012270748644368723
cuba; 0.012215081951580942
rundrohrbeine; 0.012170841560873669
heller; 0.012098221974156331
formschaum; 0.012050400211592205
fühlt; 0.012031913198370603
blassrote; 0.011976235160545912
falco; 0.011816473403087002
stellen; 0.011720090784365311
rundrohr; 0.011647163585621456
liegeplatz; 0.01164390371400259
farbliche; 0.011622443843691599
