Wort; Durchschnittlicher Wert
braun; 0.2620839931887531
reissverschluss; 0.25546586515702074
sieht; 0.24373554447083734
rosa; 0.2400623462162912
auslad; 0.2309623265537084
unterkonstruktion; 0.2294511127329315
maschin; 0.22934942806023173
bringt; 0.2286076620730455
eindrucksvoll; 0.2270032426895341
zugab; 0.22485193900502054
zugehor; 0.21742142993025482
durchdacht; 0.21520341761743111
insgesamt; 0.21388517925402084
wirkt; 0.2129039908395498
tipp; 0.2125199958209123
nierenkiss; 0.20805604451015824
liegt; 0.20662700732646044
zon; 0.20594598540537845
querschlaf; 0.2035974395184894
geh; 0.20234260652796365
level; 0.19943793752554484
komfortschaum; 0.19688463194324868
dunkelbraun; 0.19372245532940724
matto; 0.1932967065804405
edel; 0.19087955865688855
prakitscherweis; 0.18920199788408354
varii; 0.18859042000258341
frisch; 0.18842611847867374
arezza; 0.18691818750812672
polst; 0.18420089518485838
juist; 0.18407624194514938
kontinentalmatrazedas; 0.18162449072406162
hinweis; 0.18153418309475455
kunststofffuss; 0.18096435740153538
velour; 0.17947879692587776
reich; 0.17898839873669203
filmab; 0.17757100970447937
verlor; 0.1769254085374996
circa; 0.17590245137398597
wurd; 0.17407260273830616
leg; 0.17382331031694775
vintag; 0.1736730448756134
stutz; 0.17328801173607644
wobei; 0.17328198534596595
bonellfederkernmatraz; 0.17311120063823182
ankund; 0.17259953713073628
holzern; 0.16953225008910522
hand; 0.16945839185791556
einrichtungselement; 0.16886715191867552
suit; 0.167189684099867
