Wort; Durchschnittlicher Wert
geeignet; 0.24436427219188772
misst; 0.2332287449244177
liegeerlebnis; 0.23018155960016884
vergang; 0.2209346593808732
beid; 0.21686686329121585
klar; 0.2089311453164555
matratzenhoh; 0.2075251087298966
farblich; 0.2071107855917944
flair; 0.20320138841270818
eich; 0.20223721602815203
darauf; 0.2015540913125733
bereich; 0.20022878573035996
friscokombini; 0.19595199442483135
weist; 0.19050094391423045
gehor; 0.18836675691090932
komfortschaumkern; 0.18656519136129646
schliff; 0.1839342061593925
boxspringsofa; 0.18188542106508976
angekundigt; 0.18102014559553936
verstromt; 0.18086974405741785
allerhand; 0.18067276465080795
ordnung; 0.17986523482977645
einzieh; 0.17875145624566358
cariba; 0.1783473493414931
inklusiv; 0.1781225309173351
wach; 0.17805806186515838
fussenstilvoll; 0.17745293643383775
lichtecht; 0.17606803559808526
mitbestell; 0.17569575493689626
durchgeh; 0.17469680303838686
dauerschlaf; 0.17343687076936476
anstreng; 0.17334000010305317
entdeckendruck; 0.1731193481828086
viscoschaumk; 0.17299008948612027
platzangebot; 0.17287499009398744
ubrig; 0.17169691537856124
puerto; 0.1710973199806176
gefallt; 0.16986226926633208
erfull; 0.1691361826924549
betragt; 0.16873962548925192
greig; 0.1686918173363665
abnehm; 0.16773564649338368
begleitet; 0.16723257287230808
wunderschon; 0.1668245605960692
nie; 0.16678619489539415
angefertigt; 0.16614423859573435
polyurethanschaumkern; 0.16606929745466914
naturbelass; 0.16576772964617703
miss; 0.16493606727181032
eindruck; 0.1648189160914626
