Wort; Durchschnittlicher Wert
dauerschlaf; 0.2862262142589316
ordnung; 0.25976394266763236
entsteht; 0.2469475062098354
platzangebot; 0.2456867661967408
wohnambient; 0.24549620980178588
eich; 0.24402711461880244
wiederum; 0.24118463615650398
silb; 0.23866471264045686
naturbelass; 0.23634385313380335
jeglich; 0.2359998921310762
kief; 0.23395422401517862
marino; 0.23235936812125146
stress; 0.22572278368170373
wangenform; 0.2256781451869756
unterstreich; 0.22559869568794966
komfortschaumkern; 0.2246683380799368
vergang; 0.22337818835512735
geeignet; 0.21972801969241118
angekundigt; 0.21947404969250783
goldfarb; 0.21692502975929528
matratzenhoh; 0.21679655318439472
anstreng; 0.21665359963662922
langjahr; 0.21053293498698622
tagsub; 0.20846217835060088
griff; 0.20725169958313927
bigsofa; 0.2063071106094867
konzentri; 0.206164395873202
himmlisch; 0.20443097232055152
verraum; 0.2042570324265398
schliff; 0.20352152276609559
einzieh; 0.20273273985367268
bereich; 0.20250957971438766
charming; 0.2023210530896904
pflegehinweisedruck; 0.20152465370483696
premium; 0.2006277841865085
erfull; 0.19893810350913554
asthet; 0.19805031595751643
letzt; 0.19695307269284967
chenill; 0.1967241033562459
umfunktioni; 0.1957512873923406
kompletti; 0.19563231838401407
gehor; 0.19389137948746793
charli; 0.1938540199189447
garcia; 0.1932181188622053
kolonialstil; 0.19296400662278756
trendig; 0.19157020415877923
hol; 0.19155018916353583
fussenstilvoll; 0.19138578791171312
unverwechselbar; 0.19105797066004016
spat; 0.19017627314315178
