Wort; Durchschnittlicher Wert
prakitscherweis; 0.07818260243948316
verlor; 0.07200256707142216
puncto; 0.06356561034590413
grazil; 0.05989785530255176
eindrucksvoll; 0.059636692225467414
holzrahm; 0.05927119987245533
arezza; 0.058311724566010525
stern; 0.05791657145891804
vintag; 0.05748179942020215
lagos; 0.057440525812126
geh; 0.057111888396320865
folgend; 0.05653952925786143
zubettgeh; 0.05650832879473455
schlaffunktionbettkastenarmteilverstellungwellenunterfederungkopfteilverstellungsitztiefenverstellunginkl; 0.056279312356309674
trio; 0.05549058728684031
cmsitzhoh; 0.055149881682154955
samtoberstoff; 0.054713086246920284
playboy; 0.05352913387218905
bettkastendas; 0.052498164637654554
raumspar; 0.0519766482320847
retro; 0.051810420685797
antonio; 0.05160527276893845
schlafzimmerambient; 0.05158640414265392
stilbewusstein; 0.0508465604216326
wandgestalt; 0.05061695877520833
rosa; 0.050562486620037816
kautschukholz; 0.05041001110657817
lupo; 0.05028825384215452
varii; 0.049848218352053664
beerefarb; 0.049699776837428544
offn; 0.049619511452874576
abgesteppt; 0.04922595848256606
darub; 0.048912298370225926
rindled; 0.04867904878119589
kraftig; 0.04865220172177942
wohlfuhlzon; 0.04802533136535203
ergebnis; 0.04790161895653
hygien; 0.04790120355937688
spurbar; 0.04747798226253508
komfortvorzug; 0.0474512146320194
akazienholz; 0.04696042284194846
viscoschaum; 0.046853673138684826
regelmass; 0.04681539223565778
perugia; 0.04655974970955867
kontinentalmatraz; 0.046355011694686254
mittelweich; 0.046320898324665905
querschlaf; 0.04614185354876099
wohlfuhlatmosphar; 0.04593274217040744
pink; 0.0458498495281674
reich; 0.04584745341185226
