Wort; Durchschnittlicher Wert
maschin; 0.025538060297719767
betthaupt; 0.025531569990562275
grundlag; 0.02484178138911375
taschenfederkernmatratz; 0.023522121948190033
erholt; 0.023061582804075442
wasch; 0.022848470916414954
anlehn; 0.02187150084228051
ravello; 0.021634722768794745
unterteil; 0.02101169563957228
mammut; 0.020816067590203602
antonio; 0.020379092182338354
schlamm; 0.020374225369096166
nachtruh; 0.020345132106740493
schlammbraun; 0.020125813098275103
zuunterst; 0.01984115835693956
partn; 0.01936771164446327
einfarb; 0.019170216626662295
zusammenwirk; 0.01897702224960085
bettzubehor; 0.018856993428926216
sieb; 0.01881573291029781
zon; 0.01780872629751684
bonellfederkernmatratz; 0.01767380887758918
energiereserv; 0.017492292556198663
kingsiz; 0.017360200992698083
holzrahm; 0.01732504782739852
sitzbereich; 0.017299580355938815
schimmernd; 0.01721744125461555
darub; 0.01718512843399367
mini; 0.016808617001515813
tiagua; 0.016799850843653985
auf; 0.01677198505785782
holz; 0.01666237073368393
anschau; 0.01654485278049833
komfortschaum; 0.016249976375547703
doppeltaschenfederk; 0.01623535800490572
zusagt; 0.0162200607246632
umgekehrt; 0.016085390270745847
luxus; 0.016000921139493585
stauraumob; 0.01596425900788745
garant; 0.01583049463079078
gewasch; 0.015816530962183606
karostepp; 0.01568898094137694
vollendet; 0.015672393417844432
kronend; 0.015600505927068298
reizarm; 0.01549204598632059
kaltschaumk; 0.015404245383251691
verlour; 0.015345611078373622
norwich; 0.015308153806472546
lagos; 0.015303658125048969
komfortvorzug; 0.015278128928912338
