Wort; Durchschnittlicher Wert
schlamm; 0.03183968001462745
nachtruh; 0.029634055452333996
ordnung; 0.027951013900747057
taschenfederkernmatratz; 0.026289277240721276
entdeckendruck; 0.026223626955470536
gewasch; 0.02516032528001233
zuunterst; 0.025154512123663153
griff; 0.0250849711792398
kompletti; 0.024274348125800316
puerto; 0.023722522342723096
spannvli; 0.02302128192059172
webstoffmax; 0.02301323779465747
kingsiz; 0.022643980948487297
wangenform; 0.02251581731297847
schicht; 0.022277462918282254
karo; 0.0221832793977228
c; 0.02211290160266799
schlammfarb; 0.02161253324811696
erholt; 0.020910296643705806
viscoschaumk; 0.020851970290095778
morg; 0.020518999130217708
komforthohemasseliegeflach; 0.020317256006364914
neinhinweisbitt; 0.020242544796928996
mobeldesign; 0.020176036769953498
elefantenmotiv; 0.020095755351576372
granada; 0.02004748753097374
schmerzt; 0.019911680656264252
anlehn; 0.019544428508197598
wer; 0.01937783293760731
via; 0.01885093816895278
holz; 0.018841172612155788
letzt; 0.01883601090958109
ravello; 0.018744362618235755
rundrohrfuss; 0.018740749289008818
liegeerlebnis; 0.01852481401147088
naturbelass; 0.018471616625902243
langweil; 0.01831977760366499
cariba; 0.018289068881131243
ambientedank; 0.018226675607365905
selbsteinzug; 0.018188042644396774
anmut; 0.01810366711288225
johnny; 0.01805892817901622
bies; 0.01783411975435456
gleit; 0.017824880913394736
unterseit; 0.017803002607251983
isabella; 0.01774956275767181
reicht; 0.017588377944775857
edelstahlfuss; 0.017247003366719582
funkeln; 0.01720690180445672
einrichtungskonzept; 0.01710528695548419
