Wort; Durchschnittlicher Wert
luftbett; 4.149326796084642
bestway; 4.107676195725799
cm; 4.0064548019319774
druck; 4.003852809593082
l; 4.00133305825293
UNK; 3.994024055823684
b; 3.9929206922650335
x; 3.9889639899134637
bequ; 3.750753133744001
ca; 3.746775959804654
einfach; 3.715845640003681
person; 3.6870456468313932
bitt; 3.565697181224823
hinweisdies; 3.560928627103567
filial; 3.5543697375804184
abgebildet; 3.5509377673268316
artikel; 3.5491267323493956
beacht; 3.548613978922367
ausgestellt; 3.5460227698087694
enthalt; 3.545232481509447
lieferumfang; 3.545199653878808
bestellbar; 3.544263045489788
dekoration; 3.5216353222727776
elektr; 3.4973125986754896
pump; 3.4828221291303634
h; 3.4813889879733324
bequem; 3.417696728557348
gross; 3.410758110508323
oberflach; 3.338717859238386
integriert; 3.284098057821393
kg; 3.188647986575961
sorgt; 3.0880216512829066
komfortabl; 3.055869373306632
liegeflach; 3.0091487009078266
platz; 3.0072324480861425
bett; 2.9652152579277753
sowi; 2.959936910495162
best; 2.8549770645797254
haus; 2.8047801084816455
gastebett; 2.7944260891526937
schlafplatz; 2.736801966279745
praktisch; 2.734046672657132
spontan; 2.548813457414508
matratz; 2.4568930815905334
mark; 2.4046370044350622
ab; 1.9995291125029326
mitgeliefert; 1.8770875591784715
schlafkomfort; 1.8601530529558659
handumdreh; 1.8431036710739135
flexibl; 1.7218689620494843
ubernachtungsbesuch; 1.7142262034118176
find; 1.7122759900987148
schlaf; 0.7935710776597261
ganz; 0.2505083415657282
nach; 0.125845998339355
