Wort; Durchschnittlicher Wert
Boxbett; 0.32419844683317933
wohltuende; 0.28816895248019136
hinsetzen; 0.2859930671111215
strapazierfähigem; 0.2844601199612953
Schlafunterlage; 0.2827084080199711
graue; 0.27644326713925693
CAROLINA; 0.27528568025445566
Betreten; 0.2741416324279271
Genuss; 0.27232493335031904
Synthetikmix; 0.2722400594793726
aufstehen; 0.27186607208568603
feste; 0.2658145829336718
inkludierten; 0.2651613862835802
widerstandsfähige; 0.2627621458377689
Gesicht; 0.26138942285615485
Raumes; 0.25891021807910874
erwartet; 0.25884856074117124
Unter; 0.2570626097585773
Während; 0.25514286482939497
Entspannung; 0.25307128849090077
schätzen; 0.24474888044642285
verbreitet; 0.24157991840911563
Bonellfederkernmatratze; 0.23256149340886623
Knopfnaht; 0.23132749751675874
befindet; 0.22985962737584487
Schaumstoffkern; 0.22877559353946708
Holz; 0.2256226372846868
HinweisBitte; 0.2242269140915596
sodass; 0.2220492057094816
Gönnen; 0.221025969251059
ergänzt; 0.2205494138324866
Gesamtbild; 0.2203177105402574
gleichzeitig; 0.2145806526968954
Fußteil; 0.213230660330737
wissen; 0.21239143941784278
einladende; 0.2079808932294327
Beim; 0.20214580884203315
NEO; 0.1999136473168619
gekonnt; 0.19903748604156135
beruhigende; 0.19603849644772708
versprüht; 0.1950781922787428
nimmt; 0.19038398790871724
CARROL; 0.1894910619885195
Krimi; 0.1884670539839135
Zusätzlicher; 0.18845689082809258
AZURRO; 0.1872859190334566
verführerische; 0.18607669460470788
trendigen; 0.18602120186551474
hin; 0.1857755272067152
seitlichen; 0.18371495605970267
