Wort; Durchschnittlicher Wert
kleinen; 0.8166072424501181
HinweisBitte; 0.7905208128504455
große; 0.7103196793832467
Boxbett; 0.6608921540901065
Schaumstoffkern; 0.6599948471412063
Farbgebung; 0.6557413241825998
CAROLINA; 0.6417457619681954
KategorienSchlaftextilienNachtkästchenKleiderschränkeKomplette; 0.6408647373318672
Holz; 0.6406183987855911
Unter; 0.6364643527194858
Räumen; 0.6284928093664348
Bonellfederkernmatratze; 0.6271585943177342
aufstehen; 0.6232925755903125
Knopfnaht; 0.6189538510516286
besteht; 0.6182758202776313
befindet; 0.6148686166852713
Fußteil; 0.6134187458083034
Ihrem; 0.6132830122951418
sodass; 0.612861467525363
Gesamtbild; 0.6116030728444457
Während; 0.6102310502901673
angenehme; 0.6061875987797976
inkludierten; 0.606032676063478
Entspannung; 0.6054018922150135
UNK; 0.6037645076285116
Schlafzimmer; 0.6032565946225077
Schlafunterlage; 0.6032505640760064
hin; 0.6020245179533958
gleichzeitig; 0.599660474807024
SchlafzimmerDrucken; 0.5991911175660789
widerstandsfähige; 0.5986920613795519
strapazierfähigem; 0.5967340003699064
neues; 0.5891780126839876
Synthetikmix; 0.588495290838182
schätzen; 0.5880497712641954
Gönnen; 0.5853837518952787
Stellen; 0.58482307754457
Schwarz; 0.5827182438224554
hinsetzen; 0.5807640394195914
interessante; 0.5797308477340266
Weitere; 0.5780483515118249
funktionelles; 0.5770190912298858
leicht; 0.5749762845225632
verbreitet; 0.5741526419296861
Betreten; 0.5704105505719781
wohltuende; 0.5657822331413627
feste; 0.5645153960213065
Genuss; 0.5630415407940745
Gesicht; 0.5623206673189998
Liebesroman; 0.5604261802509427
