Wort; Durchschnittlicher Wert
große; 1.1113206949084997
eine; 0.9314640173688531
UNK; 0.8995668618008494
HinweisBitte; 0.853790732100606
Bett; 0.8508207909762859
H; 0.8454688992351294
im; 0.8429880766198039
Lieferumfang; 0.8324800860136747
Dekoration; 0.8234022501856089
ist; 0.8206127993762493
enthalten; 0.8111267117783427
T; 0.8106022216379642
dass; 0.806077029556036
abgebildete; 0.8013885989785194
nicht; 0.7998274834826589
beachten; 0.7965453993529081
und; 0.793612920679152
Sie; 0.777198014780879
B; 0.7771132355555892
cm; 0.7755543347448111
Weiß; 0.7742240717634559
in; 0.7731878403574228
x; 0.7624152610078454
aber; 0.7589003574103117
Luftbett; 0.7562189605087042
ca; 0.7559041734784842
Schlafsofa; 0.7528810705989599
die; 0.749577677808702
mit; 0.7472889618948102
BESTWAY; 0.7381166126579046
Das; 0.731271174736321
von; 0.7179904491640627
dort; 0.7140788603574038
HinweisDieser; 0.6957997856661677
Weitere; 0.6917948368936777
Schlafzimmer; 0.6819176850840449
Die; 0.6724364319816232
Höhe; 0.6699730232357979
Liegefläche; 0.6681015957146883
schaffen; 0.6676701121032238
interessante; 0.6617751559242606
einfach; 0.6545457094907761
L; 0.652809863910079
beflockte; 0.6487983101978898
moderne; 0.646518237888813
für; 0.645854830276221
können; 0.6449015233665705
bequem; 0.6363282166421413
aus; 0.6343071241863072
Rollrost; 0.6283763581886888
