Wort; Durchschnittlicher Wert
wurfelform; 0.015763866237898584
alexandra; 0.01343113121740771
land; 0.01328061574217827
verspruht; 0.011822124084937968
abnehmbar; 0.011714219395764757
verfuhrer; 0.011005964213291008
carrol; 0.010782876846087674
schlafgefuhl; 0.010704603891645093
boxbett; 0.010655987021436886
kedernaht; 0.010471897377283313
ergibt; 0.010437287693275722
schaumstoffk; 0.010276668064261685
nachtruh; 0.010255053706555373
webstoffbezug; 0.01016756196586357
titaniumbezug; 0.010149160219771147
knopfdruck; 0.010088338809282504
liegeposition; 0.010010977284196088
mitbringt; 0.010001606548780729
main; 0.009967731585834371
sondergross; 0.009835351938954772
korperkontur; 0.009831788306928501
lichtecht; 0.009567913061550826
vermittelt; 0.009532109725614645
aufgrund; 0.009476716360813953
gonn; 0.009463703424398773
raus; 0.009436478398720282
esposa; 0.009434193961646997
beruh; 0.009421358226632037
holzrahm; 0.009414399229081027
bonellfederkernmatratz; 0.009265077119471244
viscoschaum; 0.00920608925016495
zusagt; 0.009161181208048675
wohlfuhlwund; 0.009140501772435528
motor; 0.009089182600837376
synthet; 0.009014764621019822
charm; 0.00898665876029554
ausstatt; 0.00894025873535611
komfortschaum; 0.008890228792597554
wertig; 0.00884250302624423
erwartet; 0.008765071619563969
welt; 0.008709321397708436
federnaht; 0.008654180004486988
must; 0.008602804287829714
domino; 0.00857920192141819
lebensdau; 0.008496489868139178
evolution; 0.008450712105252478
vollend; 0.008380180666244996
reis; 0.008372078314687314
alexandrfa; 0.00836348317975535
nero; 0.008361901619446143
