Wort; Durchschnittlicher Wert
spring; 0.0037425755266667694
pump; 0.0034311435621930285
sitzgeleg; 0.0032848410934093407
spulenballenkonstruktion; 0.003159494978353905
rennfahr; 0.003093545086449012
uberseh; 0.0030793947069923887
homezon; 0.003078253717103507
designstark; 0.0030595828348850772
befind; 0.003032048780005425
ausfuhr; 0.002962954413078478
positionier; 0.0029617563501233234
stuck; 0.002944767845474416
spielt; 0.002880914359775488
aufputz; 0.0028805569063479197
kimi; 0.0028544386364956153
titaniumbezug; 0.00282580635685008
sitzeigenschaft; 0.0028185599694552366
erna; 0.002809552463440923
notig; 0.002799591208804486
kariert; 0.002798637723554975
sattseh; 0.0027722619066480546
schmeichelt; 0.002762411209914717
mikrofasermax; 0.0027595351904892594
polyehterschaumk; 0.0026789448312456443
holzdekorfarb; 0.0026557291761491798
frisco; 0.00264561666190275
paketgross; 0.002637906167365145
beruh; 0.0026373527642135743
schaumstoffpol; 0.002636938991054194
fernsehab; 0.0026244834498356795
licht; 0.002589959278054721
mario; 0.002549782304413384
mediterran; 0.002520867928978987
ubernachtungsbesuch; 0.0025101152110437396
kategorienpolsterbettenboxspringbettenstauraumbettbett; 0.002463417757348907
figur; 0.0024623685676488094
allroundmobel; 0.0024446771589282435
innerhalb; 0.002421200165463233
seitenrand; 0.0024015115399379284
kontakti; 0.0023618700361112133
moglich; 0.002324790470993321
bestway; 0.0023208805854665116
komfortabl; 0.0023179419316875284
sitzend; 0.0023152785546699307
blickfang; 0.0023092696676030753
komfortzon; 0.002308665299642598
umgibt; 0.0023060564424667975
stern; 0.002298564307420747
pakkaholz; 0.0022941095623536965
ubernachtungsmog; 0.002281641663284972
