Wort; Durchschnittlicher Wert
Rückenpölstern; 0.023021256655738398
erzeigt; 0.02227235121472404
Schwarz.Die; 0.021133785967322183
machen.Mit; 0.020540931965115306
einmaliges; 0.019673546912599704
kgZustellungDie; 0.019623199748821207
anmutende; 0.019251186521614727
erfreuen; 0.019029415318073006
226; 0.01874811656853126
Samtbezug; 0.018610641168379516
Ablageflächen; 0.01859278502251982
verborgen; 0.018573849671611242
jeglichen; 0.017897105099109467
angekündigt; 0.0176553951423557
wird.Weitere; 0.017599627977688215
Beisammensitzen; 0.017531231389966706
Möbelstückes; 0.017331698759335268
VILMAR; 0.01726376935857843
Hellbraun; 0.017204157828928146
Lattenroste; 0.0170478007944439
Doppelte; 0.016993645425827708
verräumen; 0.016711288792066625
Simplizität; 0.01647265005749432
“; 0.016471180164444377
Asiatisches; 0.01605747929761492
Nylon; 0.01605056996163512
Auffälliges; 0.015786969059263356
Kollektion; 0.01559957490189845
ästhetische; 0.015597563605297182
verstauen.Dieses; 0.015409692853609158
verrutscht; 0.015323639623602503
Chenille; 0.015303597909223754
FüßenStilvoll; 0.01515330307847762
harmonisch.Da; 0.015089262427579797
verströmt; 0.014969289809414477
Anthrazit-Grau; 0.01496698875871516
anstrengenden; 0.014884216759128321
Optik.HinweisDieser; 0.014879375520649774
konzentrieren; 0.014702992210004595
cm.Optisch; 0.014687496538044797
authentischen; 0.014573524522347725
umfunktionieren; 0.01447026083314995
gestepptem; 0.014416297633943032
Bordsteinkante.Paketspezifische; 0.0142728590826664
erhält; 0.014190068277457613
jedes; 0.01416005914870766
verschiedene; 0.014072481947550841
Ein-; 0.014044401191767975
langweilige; 0.014027528904989595
liebsten; 0.013786763449388673
