Wort; Durchschnittlicher Wert
Reich; 0.037611151579767466
insgesamt; 0.03515378274860268
JUIST; 0.03321707379582221
Komfortschaum; 0.032787143220775763
Wandgestaltung; 0.03258823387150187
Edles; 0.032444696698803455
eindrucksvolles; 0.03199880114361804
Eindruck; 0.03187729399651289
Wand-Klappbett; 0.031583568175847176
Pölstern; 0.031462808928336014
hölzernen; 0.031174596454002314
20; 0.03103254591987934
Holzrahmen; 0.03081022115657106
Bonellfederkernmatraze; 0.03071319536102237
raumsparende; 0.030500116260373033
Basis; 0.03015762807044666
MATTO; 0.03015688912346377
passt.Weich; 0.030155061499681324
Buchenholz; 0.030150744298589417
geöltem; 0.029969737344435997
aus.HinweisStoff-; 0.02995269725943217
Ausklappen; 0.029546806897269563
FLORA; 0.029497466230532156
Kg; 0.029294185715843923
Zonen; 0.029284107963030694
Komforthöhe; 0.02922964047174901
gehalten.Ein; 0.029134362859622343
hohe; 0.028628128272976026
Lieferumfanges.JUIST; 0.028439612346119247
elegant; 0.028389668025192806
vermitteln; 0.027911923849023877
Boxspringbettes; 0.0277905131544685
verloren; 0.027728144247521413
Er; 0.02771910068622674
MARA; 0.027341321075709857
H3; 0.027289055773871952
klaren; 0.02721096836903598
braunem; 0.027169268266879952
Raum-; 0.027087369814398698
Fernbedienung; 0.026727952027795255
Schlaf.HinweisDieser; 0.026261275651631878
ist.Mit; 0.026260568100042292
durchgehende; 0.02614620676940831
übrigens; 0.0261125412711408
53; 0.02593492368760053
ausgestattet.Optisch; 0.02591405569692142
Eichenholz; 0.025887631405203136
Körper; 0.02587234831007663
Pillingbildung.Auch; 0.02582928875926882
Stütze; 0.02575710148739745
