Wort; Durchschnittlicher Wert
Luftbett; 0.2991495574824512
BESTWAY; 0.2975958832539618
Pumpe; 0.24796176617383026
192; 0.24157821273547597
grauem; 0.2328525671036914
beflockte; 0.2291373633488547
97; 0.21783717758080456
Minuten; 0.21709702335647307
grauen; 0.21038115888950415
Dekor; 0.20938994396402677
zeitloser; 0.2078494048328139
Zweisitzer; 0.20672465142797591
Rückenlehne; 0.20599530774052255
84; 0.20369400367417256
AIRBED; 0.1947685299674049
Praktisches; 0.1946030487815733
verhindert; 0.19431087070552167
sind.Drucken; 0.19291011756286025
QUEEN; 0.18966948083834723
HinweisBitte; 0.18906515813432634
schwarze; 0.18861174765334
Bonellfederkernmatratze; 0.1870598783425521
empfehlen; 0.18094022606965154
ein.Mit; 0.1803157598769758
cm.Die; 0.1796578444482293
Rollrost; 0.17888952945941128
Bettlade; 0.17626581234799232
Weiß; 0.17575426960502227
Einrichtungsstile; 0.17530611331312684
Zwei; 0.17364414015901275
Dreisitzer; 0.17167434934526682
Schnellverschlussventil; 0.17144915160315577
schon; 0.17106003752269316
Oberseite; 0.1710178126959363
unterwegs; 0.17079391422157642
zusammen; 0.1699997855048423
gradlinigen; 0.1697143048804719
Träume.HinweisBitte; 0.16966121495352127
Schaumstoffpolster; 0.16911419734242372
Dafür; 0.16786756209330633
Charme; 0.16775333431723993
Schlafplatz; 0.16767758049536496
Senfgelb; 0.1668661805742886
145; 0.16678351702285
152; 0.16661348086199723
Schöner; 0.16535357186512556
Doppelbett; 0.1650775314483326
Schublade; 0.16405371585278772
mitgelieferten; 0.16291666151664685
HAVANNA; 0.16166732658166438
