Wort; Durchschnittlicher Wert
Schwarz.Die; 0.06092226536711678
Rückenpölstern; 0.05018337750225328
FüßenStilvoll; 0.04963224938837811
misst; 0.04915278673870489
Ordnung; 0.04578327895724214
erfreuen; 0.04563448084518314
saubermachen.Die; 0.04391396314604208
gestalten; 0.04352373760775663
Bordsteinkante.Paketspezifische; 0.043275039209402164
Webstoffmax; 0.042791711808240505
51Gesamtlänge; 0.04226646047027316
Komfortschaumkerns; 0.042091726517537606
letzten; 0.040796236720052545
Sonoma; 0.04078102622297593
214Gesamtbreite; 0.040721426461823286
edlen; 0.04047022479353472
Matratzenhöhe; 0.040431784163229165
FRISCOKombinieren; 0.040405440699032624
83; 0.04013473353697918
ALBERO; 0.04010624890579493
Tasse; 0.040036807085380134
einziehen; 0.039766741916537285
Romantisches; 0.03941702748998068
226; 0.03937555580050685
GARCIA; 0.03882227146677906
ab.Lassen; 0.03865818823396694
Komfort.Weich; 0.03859549144326593
verziert; 0.03846117457724176
Wangenform; 0.038387122435960916
Ende; 0.03816129721235484
97AusstattungLattenrost; 0.03810574684757739
entdeckenDrucken; 0.037854639906436206
wachen; 0.03769701053533936
Vorstellungen.Jetzt; 0.03761552919750102
modernem; 0.03722678017074941
Ausstattung; 0.03709280539769679
Federkern-Innenleben; 0.03695420650474261
Waschen; 0.03695344162697438
sattem; 0.03677605867269449
unterstreichen; 0.0367592239897931
PUERTO; 0.036728839797797265
allerhand; 0.03666266483342042
Matratzenfixierung; 0.036489200335927306
adeliges; 0.036394141236814906
verbringen.Tipp; 0.036374106953189767
Unterbau; 0.03632833576994017
101; 0.036284055470605384
Wände; 0.03626771299459506
105Besonderheiten; 0.03622467464301735
rautenförmiger; 0.036116983962710944
