Wort; Durchschnittlicher Wert
Luftbett; 0.07145561977522448
BESTWAY; 0.06990697695873678
Pumpe; 0.05713325307151536
beflockte; 0.0563408944173716
grauem; 0.05403472161742684
empfehlen; 0.05337692777393386
sind.Drucken; 0.05321805186686106
192; 0.052726326195988805
Zwei; 0.049411967003834434
unterwegs; 0.04837431405467214
Einlasstiefe; 0.04791115401312709
84; 0.047796762417419814
11,5; 0.04632453465601429
MARS; 0.04627019677736825
152; 0.046097907520015725
73,4; 0.04567153993411921
QUEEN; 0.04505545153515413
grauen; 0.045052082924667045
verhindert; 0.044813352439086886
mitgelieferten; 0.044600687451020346
Minuten; 0.04441269428352825
Bonellfederkernmatratze; 0.04432867360956152
GENEVE; 0.04363788737682626
Einrichtungsstile; 0.04349629458301933
geschickt; 0.04337268460658379
zeitloser; 0.043324541363745084
Dreisitzer; 0.04299643988488242
Einzelbett; 0.042615332390414554
HAVANNA; 0.04241091095318552
ein.Mit; 0.04200445422902703
Schnellverschlussventil; 0.04174766397754866
Person; 0.041714084093109706
Stellen; 0.0415765326411929
Bild; 0.04134610167811843
AIRBED; 0.04114779075462138
Oberseite; 0.04102487455820665
funktional; 0.04101195834227837
Schaumstoffpolster; 0.041000526788411665
Träume.HinweisBitte; 0.040915175844565964
eignet; 0.04064211412041914
Edelstahl; 0.04054313805487482
zusammen; 0.04049572008807445
CAROLINA; 0.04040821027010679
Reise; 0.04038128916872665
widerstandsfähige; 0.040260578691959384
Schlafengehen; 0.04021417734475108
Sitzgelegenheit; 0.04010163780294533
robustem; 0.04002014421857893
werden.HinweisBitte; 0.03989586397947278
nimmt; 0.03979735759785399
