Wort; Durchschnittlicher Wert
Entdecken; 0.01824426638440855
Anthrazit; 0.01594439679647621
Zuhause; 0.011404390824935717
40; 0.010816796779909054
elegantes; 0.010736101670772769
Gästezimmer; 0.010600779476953903
In; 0.010361187678972783
fürs; 0.01030464566865703
ins; 0.01024797434147331
Maßen; 0.01002852232195437
schicker; 0.009867222868160752
maximale; 0.009619675111935067
20; 0.009599449230518076
160; 0.009315253878230578
seinen; 0.009204731960926438
Eiche; 0.009039935405144205
praktisches; 0.008871596588869579
Dekor; 0.008810963668747718
Matratzen; 0.008650237957772334
Webstoff; 0.008451823493669509
passenden; 0.008445641024991346
Schickes; 0.008404899769084295
nach; 0.00821582185162697
Kinderzimmer; 0.008106591249088524
Wenn; 0.008085370608750964
nie; 0.008042974647833035
Morgen; 0.00785780071919362
213; 0.007832453998889832
schlafen; 0.007825822433369467
Topper; 0.007822105387731426
Fernbedienung; 0.0077932756070367756
Raum; 0.007698075287771644
ihr; 0.007682290526111047
Highlight; 0.007648770938976668
besitzt; 0.0076436164868027845
perfekte; 0.007629227337383781
Wohnung; 0.007522564764985873
Schlafgefühl; 0.007506179658230394
je; 0.007449461620126385
optimale; 0.00737144823287963
Ihrer; 0.007262432162860932
Tonnentaschenfederkern; 0.007237078015259612
modernen; 0.00719978049673955
140; 0.007084395662968745
bringt; 0.007072909928683657
Onlineshop; 0.006936769534604537
6; 0.006916695775726111
durchgehenden; 0.006909598836728037
schöne; 0.006859655013977317
kommt; 0.006825993580787326
