Wort; Durchschnittlicher Wert
JUIST; 0.005317545133584645
flexible; 0.005221623563556932
Hochschläfer; 0.004828391664341325
verloren; 0.004693883599247784
Schlaf.HinweisDieser; 0.004674106209131423
Lieferumfanges.Entdecken; 0.00454872666450683
156; 0.004231809569319012
8; 0.0041666441204142755
toller; 0.004131165547005366
Farbkombinationen; 0.004010131290124263
WohnlandschaftDie; 0.003978890676808078
zurückhaltende; 0.003969288295775186
raumsparende; 0.0038930846629227746
28cm; 0.0037535788040258923
machen.Richten; 0.003726747485598025
Sitzqualität.Die; 0.0036997902405346396
überzeugende; 0.0036505770025542007
5-Zonen-Matratze; 0.0036461131630289856
ausschließlich; 0.003557398905104492
Zumal; 0.003519968845648691
Kilogramm; 0.003509231028147042
LIVETASTIC; 0.0034868361239205115
Mikrofaser-Bezug; 0.0034378138901956846
Himmel; 0.003424707984959241
aufgeräumt; 0.003404048873926513
Ausstattungsplus; 0.0033870449668029325
maximale; 0.0033861047255413722
Edles; 0.003350998892710777
umrahmt; 0.0033398263080471223
dürfen; 0.0033222450296307216
Einrichtungselement; 0.0033122726701549253
wertigen; 0.0033096548926550896
Lieferumfanges.JUIST; 0.003308057552203536
Rosa; 0.003301116112925229
Gespräche; 0.0032825157501065404
lackiertem; 0.003280014849769941
197; 0.003263376660470385
ausgezogen; 0.003261409006881877
erweitern.HinweisDieser; 0.0032474142266437412
blitzschnell; 0.0032339548677555287
anlehnen; 0.003231730469269678
Bonellfederkernmatraze; 0.003225614337134175
prakitscherweise; 0.0031935129780322315
Kopfteil-; 0.0031827027094550433
vollwertigen; 0.0031682678918059535
einladend; 0.003138003794447286
Würfelform; 0.003135815932182595
Braun; 0.0031358058458863525
Details; 0.003120542870601639
gehen; 0.00311601092107594
