Wort; Durchschnittlicher Wert
Anthrazit; 0.0334524851416063
Entdecken; 0.028108055810662336
MID.YOU; 0.020408052527068322
Maßen; 0.01912839838623768
213; 0.01876278603449464
ins; 0.018656648779142415
Ihrer; 0.01660861886521161
Matratzen; 0.015646287780691638
Schickes; 0.01524893178284401
passenden; 0.014740679631358944
anderen; 0.01463585009369126
robust; 0.01453274271752889
moderner; 0.014474840753973695
besitzt; 0.014079777042934439
bringt; 0.014072716120426775
Grau; 0.014043037576175265
10; 0.013972829535669007
Wenn; 0.013655836338512018
ihren; 0.013576572293095524
Wohnung; 0.013484656994842225
Stil; 0.013476976689707954
praktisches; 0.013404187266496592
rundum; 0.013356631919305074
Somit; 0.013325926985999104
Tonnentaschenfederkern; 0.013277403939719079
seinen; 0.013262216001385241
Morgen; 0.013257039003656245
gleichnamigen; 0.013187204257701524
bereits; 0.012490452683050535
Topper; 0.012410429916781141
190; 0.012392718365390465
ihr; 0.011630199932915275
nie; 0.011432716610579518
Webstoff; 0.011420676350098802
schlafen; 0.011409287497372134
Fernbedienung; 0.010734887421131134
perfekte; 0.010709387068709475
Highlight; 0.009823658175446327
durchgehenden; 0.009443632049806184
Wohnbereich; 0.009390713939956186
bequemes; 0.009219888959432865
Ausgestattet; 0.008088196157405036
Es; 0.00774603541358374
Lösung; 0.007717096010492241
diese; 0.007536921426617482
Wohnzimmer; 0.007432544682001207
hohen; 0.007062431089980237
140; 0.006992308182634588
bezogen; 0.005881599971689866
gefertigte; 0.005631450839064201
