Wort; Durchschnittlicher Wert
einstellbarer; 0.004780162450333592
Ausruhen; 0.004285095062368782
PAROLE; 0.0036940995778422803
bewahren; 0.0036896625097142532
195; 0.0036162289405183403
AREZZA; 0.0034984689234988766
Außergewöhnlichen; 0.003407098725438118
Sollte; 0.0032566468318691475
ihren; 0.003255888938838325
Zentrum; 0.0032409455758170224
NEO; 0.0032285411056363956
45; 0.0031700055958935993
stehender; 0.0031284748615235
Features; 0.003123436906025745
beeindruckt; 0.0030963889381382614
hervorragende; 0.0030250250340031924
komplettieren; 0.002894125648890622
traditionellen; 0.002874962084388244
Mega-Sofa; 0.0028262766885745806
Familie.Die; 0.0028041036701552
moderner; 0.002780859909762512
ankündigen; 0.0027564161122427323
Rolle; 0.0027205077405596965
NOVA; 0.002693535139405867
Kopfteil-; 0.0026262686336849584
56; 0.0026117971938219853
spannenden; 0.002580692232004367
Relaxfunktion; 0.0025546208649757317
ausgeklügelte; 0.0025348460341774624
baumeln; 0.0025306309427833183
geschlossenem; 0.0025148584413727804
Wänden; 0.002514203307509888
Standfüßen; 0.0025090881601499858
entspannende; 0.0024685211246833205
montierbar; 0.0024452916055452078
maßgeblich; 0.002438976473058574
223; 0.0023690914444159717
RA; 0.002310842198494356
machen.Richten; 0.002305567151051946
zwischendurch; 0.0023010567671008174
186; 0.002286854002159089
motorisch; 0.0022529793946887366
Erholungsphase; 0.002229165211610962
Besonderem; 0.0022164357013934933
erweitern.HinweisDieser; 0.0022147542535094545
Samtbezug; 0.0022090037353336813
Arm-; 0.0022087994177127255
stilvollen; 0.002205465978840948
ausgezogen; 0.002200431608798681
ein.Mit; 0.002123520566965453
