Wort; Durchschnittlicher Wert
optisch; 0.002254778819138892
Schlafgefühl; 0.001994426621922685
Onlineshop; 0.0018034486709439079
gepolstertem; 0.0017193044670420932
besticht; 0.0016531497840333031
Tonnentaschenfederkern; 0.0016493155064381427
Gästezimmer; 0.0016168869715329492
sieht; 0.0015287656409782358
gefertigte; 0.0015236121144198479
darüber; 0.0015230857366987038
Highlight; 0.001511662592929497
Da; 0.0015076368744075808
215; 0.001488441964647791
Erleben; 0.0014626727628183288
bezogen; 0.0014544706929882523
Ihrer; 0.001445089480102979
35; 0.0014447411778746755
Webstoffbezug; 0.0014082799205880291
zudem; 0.001406818873965676
sie; 0.0013653820768467994
ihr; 0.0013355686938666621
höchste; 0.0013129450568158062
Form; 0.0013069301266114054
stilvoll; 0.001286671027327202
fürs; 0.0012801652188500156
jedem; 0.0012653890864385176
erfolgt; 0.0012595816766406641
Körperkonturen; 0.0012469223399421026
optimale; 0.0012450227082354103
echten; 0.0012321328561711198
verwandelt; 0.0012223264508975263
je; 0.0012163162894239577
zeitlosen; 0.0012149850512287231
schicker; 0.0012128808286433923
180; 0.0012121612709506736
Funktion; 0.0012111219989378696
8; 0.001208986903384357
Vereinbarung; 0.0012073444830093649
verstellbar; 0.001196757672919091
elegante; 0.0011953365305089393
240; 0.001188682827341836
Füßen; 0.0011883177769050235
1; 0.0011861315808346263
erhält; 0.0011485796711610875
Wohnzimmer; 0.0011467195579484724
Mikrofaser; 0.0011156773329275894
rechts; 0.0011131226379802683
zur; 0.001106071982485446
Linien; 0.0011059287911848515
Informationen; 0.001097461390963872
