Wort; Durchschnittlicher Wert
ganze; 0.011838783594794223
äußerst; 0.011002668702042228
ob; 0.010123204784758855
Bequemlichkeit; 0.009990168634976726
Hause; 0.009714286733651534
seine; 0.008673482088488527
Doppelbett; 0.008517966634826735
Freunden; 0.007862166868289933
Abmessungen; 0.007670331744884606
komfortablen; 0.007570470377322636
bequeme; 0.007350364038029511
praktisches; 0.007252329743641895
verstaut; 0.006927787751192227
kg; 0.00658620396789047
dieses; 0.006233479535148944
passenden; 0.006209365680115297
Ihnen; 0.006186969651753316
jede; 0.005895193622563966
Schickes; 0.005851810523017776
Familie; 0.00563128917819995
Maßen; 0.005535834588226862
So; 0.005326718557626009
seinen; 0.005236011816305108
Stil; 0.005143997205595952
Ihrer; 0.005099460975907277
ideal; 0.005051233777339803
95; 0.004841418872092618
Wenn; 0.004753585122671211
ins; 0.004735003584937658
); 0.0047278835812903704
Besonders; 0.004467005194237572
ab; 0.0044415834854589775
hohe; 0.004435202163767827
Handumdrehen; 0.00441559187445364
185; 0.0042374675467726775
besitzt; 0.004234405010356568
Zudem; 0.0041427264413869125
Komfort; 0.004135310099081834
anbieten; 0.004089822114656272
verstauen; 0.004000670639288728
über; 0.003967808278321172
ihren; 0.003901193684214377
Wohnung; 0.0038994778064079584
188; 0.003811566844706249
4; 0.0038007605959137435
drei; 0.003773893424659036
aufgrund; 0.0037687099411414238
zwei; 0.0037507923203520476
wieder; 0.003737289904984209
Schlaf; 0.003721878149735858
