Wort; Durchschnittlicher Wert
Design; 0.20826371283328626
misst; 0.1955835393732741
edlem; 0.19102458261477295
Rollroste; 0.18625741350115277
90; 0.18583020229561953
jedes; 0.18428057984601764
Ordnung; 0.17417666665278375
Samtbezug; 0.17316342101230475
Einrichtung; 0.17201292483605357
Farbton; 0.16898043631226756
Kopf-; 0.16883832174062263
es; 0.1678934964511427
Dauerschläfer; 0.1663247540127486
fürs; 0.1656940276043315
Voraussetzungen; 0.165422141799354
96; 0.16352953917521518
Ablageflächen; 0.16239465840044431
möchte; 0.1599765180144459
Federkern-Polsterung; 0.15867803191940766
Silber; 0.1578727944579441
Boxspringsofa; 0.15782658188254572
höchsten; 0.15556563616883068
Matratzenfixierung; 0.15177920926362276
360; 0.1500957881216891
126; 0.1492127158853691
Lounge; 0.14880618581082672
ersten; 0.1485545854357042
94; 0.14836411319811305
formschönen; 0.14783565048128366
Waschen; 0.1474957563332282
unterstreichen; 0.14728850102983415
Wände; 0.14667285754694603
Boxspring-; 0.14653131195836977
bereichert; 0.14648861328169005
Schwarz.Die; 0.14601097416016273
Möbelstücke; 0.14552875945810229
erweitern; 0.14536188828060403
später; 0.1449880775035126
Gemütliche; 0.14486511873838026
Kiefernholz; 0.14413981045072433
Lattenroste; 0.14354241635010112
darauf; 0.1433754654135555
elegante; 0.1431568966327177
Sonoma; 0.14313239371040254
verräumen; 0.1424511054647155
Hellblau; 0.141736240053433
maximale; 0.14167364765307866
PflegeMontageanleitungHinweisStoff-; 0.14114696538308635
außergewöhnlichen; 0.14112983318045735
Auf; 0.14112188723083818
