Wort; Durchschnittlicher Wert
214Gesamtbreite; 0.006296283533447422
AnthrazitMaterial; 0.005934922237065621
Waschen; 0.005354307546804193
Ordnung; 0.004918060110503575
wird.Hier; 0.0049157644210936265
51Gesamtlänge; 0.004889123581233434
Farbkombinationen; 0.004881158999342006
bezogen.Bei; 0.004868628553958842
Eck-Sofa; 0.004630270574853057
Armlehne; 0.004576074923716078
Sofas.Das; 0.004572911657305667
VIOLA; 0.004556168623116719
Wangenform; 0.004553372474038042
verstauen.Dieses; 0.004524001875324757
Bettteil; 0.004523426675586961
Hinzu; 0.004446214881318156
Vorzüge; 0.004438085231595323
wohlfühlen; 0.004421191940127756
Zur; 0.004310893554793438
Selbsteinzug; 0.004310368912410922
hervorragend; 0.004303167783655226
Sitzkomfort.Ein; 0.00429503120121808
Farbton; 0.004293637262890115
später; 0.004284777746215695
ab.Lassen; 0.004236796796612907
verziert; 0.004234420696593588
dauerhaft; 0.004229851252603112
unterschiedlichen; 0.004228253386281721
Überzüge; 0.004208151753118727
Fliegen; 0.004196963281719946
verwandeln; 0.004131910788964887
Kollektion; 0.004127532685379265
Verfügung.HinweisDieser; 0.004122200761776185
restlichen; 0.004038336594749126
130; 0.004038046472123824
Boxspring-; 0.00403691747742414
hellbraunem; 0.004010432185896207
STILO; 0.004009620597207686
102; 0.003993811891450605
beitragen.Die; 0.003993249878112693
authentischen; 0.003991070881602355
aus.Denn; 0.0039546208485262465
Wohnambiente; 0.003938887007461744
Erweiterung; 0.003927953090396841
erweist; 0.003903812208591262
geschmückten; 0.003894476269488223
zweit; 0.003887218712407048
Besonderem; 0.0038747648119169752
verborgen; 0.0038726552331354467
einfügt; 0.0038717907581485634
