Wort; Durchschnittlicher Wert
Braun; 0.053959921112982555
Reißverschluss; 0.04000037179284845
73; 0.03989123969804496
Buchenholz; 0.039341062129824425
liegt; 0.0381683858584438
Zugabe; 0.037590119674860034
213; 0.03716937623394188
Sitztiefe; 0.036752127345175724
69; 0.036641503148712215
64; 0.036140496795997026
Maschine; 0.03587293241653242
Rosa; 0.03557746234873775
bringt; 0.03514091697688855
Fernbedienung; 0.03505113146893564
Kopf-; 0.03496009858790785
Komfortschaum; 0.03445474319159984
Rot; 0.03407150492143955
Bordsteinkante.Die; 0.03341535199433565
197; 0.033075515463133344
eindrucksvolles; 0.03305437078233808
Sitzhöhe; 0.03303143848097534
geöltem; 0.032598677583155225
InformationenPaketgröße; 0.0325273791429936
LIVETASTIC; 0.032422556266465105
toller; 0.032411810162011535
MID.YOU; 0.032328061960288326
wurde; 0.03224201016237203
richtig; 0.03190612312819212
Boxspringbettes; 0.031880125810130264
selbst; 0.03148323542154685
stets; 0.03138912679669374
gemütlich; 0.031261517378152345
Kilogramm; 0.031221090197504964
Federkern; 0.031172721380426083
dieser; 0.031030291183287772
schönen; 0.030943278483755422
Rücken; 0.030713807250140234
Dunkelblau; 0.03063081424916163
Querschläfer; 0.03036532744881697
107; 0.03026696454617195
196; 0.030261890554538696
robuste; 0.030247917632368625
Zonen; 0.03002240386485937
Hinweis; 0.02999879157214309
Hellbraun; 0.029982717870734633
harmonisches; 0.029957218578783796
MATTO; 0.029847207582133706
prakitscherweise; 0.029793355154106395
kgHinweisDieser; 0.029617993618740002
echt; 0.029567574496104497
