Wort; Durchschnittlicher Wert
Braun; 0.038816255572601224
Reißverschluss; 0.03392160789007903
Maschine; 0.03345286988769658
angenehmem; 0.03335776072344743
Rosa; 0.033315272215986624
64; 0.03182716868177522
MID.YOU; 0.03125240687186306
73; 0.030949814728228376
Zugabe; 0.03057834047358483
liegt; 0.03036975406575948
213; 0.03024084117205348
Buchenholz; 0.030157222220441326
Bettschubladen; 0.029560854358715007
69; 0.029301157587906346
Hinweis; 0.029039385603027768
JUIST; 0.028747124327492202
toller; 0.028727110504405573
Federkern; 0.02859758308331948
Hand; 0.028524284019658806
Kopf-; 0.028414156701182948
braune; 0.0279924161011877
gehen; 0.02793063891076599
Stütze; 0.027731616416713224
gewaschen; 0.02761138432797452
197; 0.027420952857096382
erleben; 0.027273028867784887
maximale; 0.027239626136724836
REGI; 0.02680928501067683
weiteren; 0.02660409278178122
107; 0.02641192695227801
MATTO; 0.026272991974838077
Komfortschaum; 0.026083339887554756
wirkt; 0.025775351325864903
Pölstern; 0.025774814089527354
Schlaf.HinweisDieser; 0.02574298969702795
20; 0.025686516288260464
richtig; 0.025681301309668926
Reich; 0.02555958598095458
5; 0.025526323266967667
-; 0.025393142270331737
Kilogramm; 0.025232693295401988
Paketgewicht; 0.025190966669470072
Bettkasten.HinweisStoff-; 0.025024560966994614
Bettkästen; 0.0249846839453312
selbst; 0.02492589397006668
Vorteil; 0.02471394876665727
Klappbett; 0.02455532770254649
bringt; 0.024443851142495986
Zonen; 0.02441335080075078
klappen; 0.02432348160800757
