Wort; Durchschnittlicher Wert
Entdecken; 0.026132695068372413
Anthrazit; 0.024840185680659488
fürs; 0.01827904298552312
In; 0.017100802867207675
Zuhause; 0.01668394721345976
elegantes; 0.016151584284671117
160; 0.01596743069239892
schicker; 0.014899663228425198
213; 0.013965717348037287
Matratzen; 0.01391647181008011
MID.YOU; 0.013658176816534251
ins; 0.013421991583891213
40; 0.013131813865038566
Maßen; 0.013044273303239606
seinen; 0.012122958188410849
Gästezimmer; 0.011858717625727877
Ihrer; 0.01166019901575055
modernen; 0.011333768808981404
Wenn; 0.011261990840466751
durchgehenden; 0.011149579103221185
schlafen; 0.011084986476635094
schlichten; 0.011031455511692911
Kinderzimmer; 0.011004556404077447
nie; 0.010964548989431933
20; 0.01080402389052324
moderner; 0.010789012756731609
Raum; 0.010708279459504411
je; 0.01068676187096571
passenden; 0.01058392384002218
optimale; 0.010577877298055682
Tonnentaschenfederkern; 0.010488349021761679
Schickes; 0.0104698095965432
maximale; 0.010441577830351888
Topper; 0.010426691776956432
ihr; 0.010289021913195029
besitzt; 0.010240539506776258
bringt; 0.010208937339484692
Highlight; 0.010207380483916496
Stil; 0.010194433006108738
Fernbedienung; 0.010176829301053658
Morgen; 0.010055598824692424
gleichnamigen; 0.010035406542010605
Wohnung; 0.009974356801831164
perfekte; 0.009912753326352686
Dekor; 0.009788328454305883
Look; 0.009595335087215062
praktisches; 0.00951596268278081
6; 0.009490499447565526
Erleben; 0.00948322718613781
Onlineshop; 0.009412432936369442
