Wort; Durchschnittlicher Wert
bieten; 0.011956307549553458
Akzente; 0.0119074432142952
echter; 0.011677644976589362
Edles; 0.011617987783392892
Diese; 0.011308319971431047
gerne; 0.010721265360007236
integriert; 0.01068070960609475
95; 0.010360144294099882
modern; 0.010213438594655599
genügend; 0.010210350819397718
was; 0.010046443217106571
Lederlook; 0.009654294567008037
edlen; 0.009585061264806427
Zudem; 0.009402921088621952
setzt; 0.009161521603164146
zieht; 0.00898141751968069
gepolsterte; 0.007904824856086633
Gestaltung; 0.006271307332644938
maximale; 0.004663414919923526
optimale; 0.004037131677614525
10; 0.003839713984052651
Morgen; 0.0035813359718304127
schlichten; 0.0031082139888894745
Zuhause; 0.003013409021514235
an; 0.0029416639781629783
Webstoff; 0.0028134870604844763
Eiche; 0.002686326495313551
Schlaf; 0.00261659620446153
perfekte; 0.0025772952154511585
gemütlich; 0.00253414820326725
nach; 0.002522340242012433
Kinderzimmer; 0.0023566800693515686
160; 0.002337241978602833
ihr; 0.002330480566888582
Onlineshop; 0.0023233193292981013
rundum; 0.002310214524914045
je; 0.0022931864485144617
jedes; 0.002277435514042736
U-Form; 0.0022326273577164104
bereits; 0.0022321628013742155
190; 0.002214835326594766
entspannte; 0.002194755180903485
Maße; 0.002152809116341814
höchsten; 0.0021465732073920663
Hellgrau; 0.0020949018085957504
hat; 0.0019935262582293943
20; 0.001963075215462595
kommt; 0.0018808132677804678
Einen; 0.0017872123135020956
Dekor; 0.001772375494329026
