Wort; Durchschnittlicher Wert
Anthrazit; 0.005336748520494439
Entdecken; 0.0044510491719847774
fürs; 0.0037606407335260884
elegantes; 0.003121115535032004
In; 0.0029482799145625904
modernen; 0.0022267755950451827
Matratzen; 0.0021386552529293113
160; 0.002130297297844663
MID.YOU; 0.002123432102962397
Zuhause; 0.0020860790493316015
ins; 0.0020434708989341744
20; 0.0019143628989695572
moderner; 0.0018934990533125528
40; 0.0018865350604755804
Ihrer; 0.0018633580111782067
verbringen; 0.0018312934960704296
Kinderzimmer; 0.0017787041157134808
schicker; 0.0016844301513629033
anderen; 0.0016708465405827154
Praktisch; 0.001646664794679964
190; 0.0016074679748271591
seinen; 0.0015997682203305885
213; 0.0015970462773111649
Gästezimmer; 0.001580879685934633
Es; 0.0015557380407699383
Look; 0.0015477691238629631
Sitzposition; 0.001541206935507944
können; 0.0015325559408665868
gleichnamigen; 0.001532296116783982
Flexibilität; 0.0015090204593434463
gleich; 0.0014976585232943762
Erleben; 0.0014869485312374309
Zustellung; 0.001480260405514855
Spediteur; 0.0014519241580273957
perfekte; 0.001426175079541281
kommt; 0.0014011363731697203
195; 0.0013926383388024987
besitzt; 0.0013838506463798694
per; 0.001380133268685313
8; 0.0013762762726400978
schlichten; 0.0013666095532244072
ihrer; 0.0013495380961103364
Körperkonturen; 0.0013384977286477807
praktisches; 0.00133660021238029
Schaumstoff-Polsterung; 0.0013239680578408298
Maßen; 0.001316731606493704
Schwarz; 0.0013137551077534227
unserem; 0.0013106474325468298
6; 0.0013015778837143443
passenden; 0.0012955829195561818
