Wort; Durchschnittlicher Wert
Luftbett; 0.075789417559281
BESTWAY; 0.07393993468722329
Pumpe; 0.060500262095592915
Minuten; 0.058024004462640735
152; 0.056773298827465624
Zweisitzer; 0.05563422134364373
Bonellfederkernmatratze; 0.052846246883564166
beflockte; 0.05261431630933657
unterwegs; 0.05018810040783137
192; 0.049311212821339725
17; 0.04834894949162845
QUEEN; 0.04791871936176904
verhindert; 0.04739035895618145
84; 0.04708297174202016
elektrischen; 0.04679130788426846
grauem; 0.045573310018517076
Dekor; 0.045004745112964886
CAROLINA; 0.044848721870221195
Schnellverschlussventil; 0.0448307673126692
AIRBED; 0.044106724294397284
Stellen; 0.04389019568852746
Sitzgefühl.Erweitern; 0.043780235428130254
ungewolltes; 0.04307190557883587
zusammen; 0.042039413967722795
MERCURA; 0.041677907425150804
Kabel; 0.040947939807665534
OUTDOOR; 0.04082978522856138
Staufach; 0.04058649463113397
Dreisitzer; 0.04020337664842373
verschwinden; 0.03967054016829934
Charme; 0.039508614398073405
verführerische; 0.03891939952154644
aufgeblasen; 0.03825408648699522
Reise; 0.03820249979908112
grauen; 0.038141405190981456
Wotan; 0.03807635122502688
abnehmbarem; 0.03780939713760745
Senfgelb; 0.03736763997003436
erwartet; 0.03722508930950426
platzsparend; 0.037141514508402904
Träume.HinweisBitte; 0.03709906302392483
Boxbett; 0.03688237901696993
hinsetzen; 0.03684416118194349
Person; 0.03680558253909112
mitgelieferten; 0.03627179919276387
integriertem; 0.036269243092101534
Gönnen; 0.03620797603216488
CARROL; 0.0361238397017587
Oberseite; 0.03596868134245597
versprüht; 0.035795889928704125
