Wort; Durchschnittlicher Wert
Wohnzimmer.HinweisStoff-; 0.2367589651962021
angenehmem; 0.2258438408425718
107; 0.22040397079035756
64; 0.2170987160934601
MATTO; 0.2110305881833483
wobei; 0.2096910091177051
Bordsteinkante.Die; 0.20787640729213308
73; 0.20604131169784523
richtig; 0.1998059509126051
Buchenholz; 0.19858756056078164
Dieser; 0.19856593965505454
Zugabe; 0.19854702321117657
Hand; 0.19711497007847356
liegt; 0.1956291940750816
Querschläfer; 0.19529414814769552
toller; 0.19357949055483914
selbst; 0.19323941075981566
eindrucksvolles; 0.1930960172576306
Garnitur; 0.19264710213974467
wird.Paketspezifische; 0.19209123097562042
kgHinweisDieser; 0.19143893545424362
bringt; 0.19031866069599346
machen; 0.1900959786698877
Maschine; 0.1892535113552185
MID.YOU; 0.1881942066611373
robuste; 0.18765619485566276
begeistert; 0.18687174025762943
InformationenPaketgröße; 0.1866107526639098
graue; 0.18432875167491147
Kind; 0.18416207490008674
weiteren; 0.1832611948293561
45; 0.18119897847645916
Hinweis; 0.1784793282145074
Nierenkissen; 0.17750199725560378
69; 0.1772370413164026
LIVETASTIC; 0.17601456499096457
Reich; 0.17569315991204348
53; 0.17564822977874428
Komfortschaum; 0.17548560297655058
rund; 0.17387518531768364
Paketgewicht; 0.17336583044561849
213; 0.1719875198068621
harmonisches; 0.17198268862557597
hochwertigem; 0.1687185518503611
Stütze; 0.16842819426869937
136; 0.16682628118724097
braune; 0.16588992214565224
Stilvoll; 0.1654782748701109
sieht; 0.16500556590102633
stets; 0.16401243702784996
