Wort; Durchschnittlicher Wert
graue; 0.006475609118933789
schwarzem; 0.005655887263128534
107; 0.0055241112888325
verloren; 0.005382298975018784
Raum-; 0.005338046891847625
alleine; 0.005255466583184898
Boxspring-Polsterung; 0.0050945328577654434
Wandgestaltung; 0.005092481826432049
behaglichem; 0.005067081908782712
Kautschukholz; 0.004936336592436419
puncto; 0.0047925441689585565
optimal; 0.004733985248094541
Arm-; 0.004718495751149021
Drei; 0.0045574431744171305
raumsparende; 0.00452743316127453
120; 0.004458631176385097
Dunkelblau; 0.004453780245967209
genau; 0.004435781999927712
Schaumstoffpolster; 0.004383817822963465
Wand-Klappbett; 0.0043578872238867914
U-förmige; 0.004330038801708724
91; 0.004315760595545726
Pölstern; 0.004306198150152341
Breite; 0.004217163571593119
exklusiv; 0.004213518448523246
237; 0.0041659844275272915
Querschläfer; 0.004159947988227941
toller; 0.0041312117464258336
Regalfächern; 0.004038232060338487
87; 0.0040175756585085765
deren; 0.003970713344574506
Lederoptik; 0.0038408135442296043
bildet; 0.003787429478688864
ausgezeichnet; 0.003778723775758408
Co; 0.003751142168766819
vielfältig; 0.003750451140513178
harmonisches; 0.003746945438615512
durchdachte; 0.003745023032388417
komfortabel; 0.003732672538717452
wohnliches; 0.003718083970306907
REACH; 0.00371534603254986
spontaner; 0.0037032029882539063
reinigen; 0.003693951742752688
Polster; 0.0036703968537040053
42; 0.003640198131688521
daher; 0.003616387597139692
PERUGIA; 0.003542890233802609
hellen; 0.0035376009482206427
Stütze; 0.00350808551593218
zeitlosen; 0.00350462777314533
