Wort; Durchschnittlicher Wert
grauem; 0.04357542685611406
Minuten; 0.041575125308008866
grauen; 0.04143384339656677
97; 0.04120114254644136
152; 0.04027296163403662
Zweisitzer; 0.04015917577416985
ist.Weitere; 0.03968139290368526
84; 0.037301029781883696
sind.Drucken; 0.03709788504784228
Dekor; 0.03687252799754788
192; 0.03669528708851431
Rückenlehne; 0.036401728239798106
Weiß; 0.036206122383009645
Doppelbett; 0.03600336071312995
Jugendzimmer; 0.035396908280381466
QUEEN; 0.03421378388884477
HinweisBitte; 0.03399124835013936
schwarze; 0.03328960572198412
17; 0.033010254969667585
MARS; 0.03289207005291246
zeitloser; 0.03251256666262634
Oberseite; 0.0323993046360556
Person; 0.03215986865543528
elektrischen; 0.032023826491786166
zusammen; 0.031969074037806425
Senfgelb; 0.03170782335218973
Ausruhen; 0.03158550747302798
Charme; 0.031513503193491485
11,5; 0.03133368085836992
Staufach; 0.031234354866319335
Kabel; 0.030828885556547902
eignet; 0.030536194437172526
Übernachtungsmöglichkeit; 0.030295520531035437
Stellen; 0.030293062728014776
funktional; 0.03028049886597728
Stoffbezug; 0.02999152491829591
Praktisches; 0.02995835887991234
Einlasstiefe; 0.029828727251151578
bequeme; 0.029769897500955267
aufgeblasen; 0.029723815101897345
Zwei; 0.029410890865256077
HAVANNA; 0.02930666269385256
Bettlade; 0.029123592855466996
Fernsehsessel; 0.028801361938531046
somit; 0.02873279932391597
Echtholz; 0.028725472356018144
nimmt; 0.028429360600421207
Bonellfederkernmatratze; 0.028415096829849062
platzsparend; 0.028342376856016926
robustem; 0.02825631892774254
