Wort; Durchschnittlicher Wert
96; 0.002468045738987712
viele; 0.0024254884148831478
gepolstertem; 0.0019588819892305764
Topper; 0.0019271162419499887
Erleben; 0.0018604726843761909
Korpus; 0.0017095916172365833
zeitlosen; 0.0016701483575161547
Hellgrau; 0.0015604509002514534
120; 0.0014436225375220602
durchgehenden; 0.0014224591035599588
schlafen; 0.0013799076288705692
optimale; 0.0013592214723757933
Stauraum; 0.001358204205871516
optisch; 0.0013383236913341533
lagernder; 0.0013222490239826357
zusätzlichen; 0.0012730083863232266
ob; 0.0012024149395074347
befindet; 0.0011263700950394195
schön; 0.0011195038209699248
MILLA; 0.0011099709704780025
perfekte; 0.001102632728361641
Insgesamt; 0.0010633151679400044
Perfekt; 0.0010582703554973705
also; 0.0010462735700741631
gleichzeitig; 0.0010256626674049584
Einfach; 0.0010256084741058658
Highlight; 0.001023095138828012
Buch; 0.0010202065940575268
Dekoration; 0.0009900560724190655
88; 0.0009745778785259062
verstellbaren; 0.0009646490603302027
je; 0.0009620030489259079
breiten; 0.0009604373771708197
beiden; 0.0009542339330891991
angenehme; 0.0009455108301153814
Finden; 0.0009321145055309898
SchlafzimmerDrucken; 0.0009153058130834779
KategorienSchlaftextilienNachtkästchenKleiderschränkeKomplette; 0.0009021321907312085
darüber; 0.000893684142033635
schaffen; 0.0008922898824948788
Tonnentaschenfederkern; 0.0008881429026587284
125; 0.0008850346736608116
Drucken; 0.00087199775556428
Buchenholz; 0.0008695897866118685
Abend; 0.000857808020793982
JAMES; 0.0008554327240176462
Morgen; 0.0008520742983819218
3,5; 0.0008457595974959986
Verfügung; 0.0008428313536455789
Box; 0.0008311380877103147
