Wort; Durchschnittlicher Wert
Dauerschläfer; 0.030962368448035703
Federkern-Polsterung; 0.028448166138332454
Ordnung; 0.0280804277092102
Letztere; 0.026291369436512467
Bettkasten.Ein; 0.025676564209425122
Waschen; 0.025568384742655326
ALASKA; 0.02525111797294812
Matratzenfixierung; 0.025237711084628245
umfunktionieren; 0.025038585350557696
werden.Die; 0.02471861459343927
SVENJA; 0.024668875062229745
Eyecatcher; 0.024609973420592724
Samtbezug; 0.024028275566524825
STELLA; 0.023978626408643323
später; 0.023527321043184203
verräumen; 0.023316427396639482
Füßen; 0.02328062571650662
ALBERO; 0.0229993010418184
51Gesamtlänge; 0.022918155875231605
markant; 0.022887703654851065
101; 0.02283639402864992
gehören; 0.022773982506623724
Boxspring-; 0.02266960653141723
Wände; 0.022665549822886533
Webstoffmax; 0.02249443023465574
202; 0.02245535076399392
verrutscht; 0.022354633696522797
modernes; 0.022213071370151737
90; 0.022074605671150493
AnthrazitMaterial; 0.02206522218930331
PflegeMontageanleitungHinweisStoff-; 0.022030271640687715
können.Mit; 0.02201065589324571
hervorragend; 0.021943670791006297
möchte; 0.02192961026848934
40; 0.021899373006999668
226; 0.02189244628098095
Ende; 0.02183543158462271
erweist; 0.021779553120359195
misst; 0.02175836062306189
360; 0.02172208542433509
Greige; 0.02170152527387472
Möbelstückes; 0.02169483417419542
Tagesdecke; 0.021412204025909886
Einrichtung; 0.02123759774840437
Sonoma; 0.021125150817351824
Klappe; 0.02110503288467953
keinem; 0.021094799360798788
Kopf-; 0.02104303112719208
Nylon; 0.0210307944123997
fehlen; 0.020964308366183106
