Wort; Durchschnittlicher Wert
Farbton; 0.04451172629251232
90; 0.04213497825803643
edlem; 0.042008716705458936
Rollroste; 0.04102044457249576
erweitern; 0.039796515741909386
Dauerschläfer; 0.03871453452957212
101; 0.038109536793490405
möchte; 0.03787271523542586
Boxspring-; 0.03764280953546404
genießen; 0.037201051749798354
Einrichtung; 0.036809860912762817
Wände; 0.03663223733601626
schöne; 0.036535128955620166
Greige; 0.036398623310378755
Ordnung; 0.03596384393177345
gestalten; 0.03586180052443524
wohlfühlen; 0.03585576942678017
Kopf-; 0.03576215916255023
verziert; 0.03566661613949691
liebsten; 0.03553918835968943
202; 0.03511088109517004
unterstreichen; 0.034888561131083407
überzeugen; 0.03466197971365546
verstauen.Dieses; 0.03465605343662901
Matratzenhöhe; 0.034571286082064036
226; 0.034550076107552743
ästhetische; 0.03436698007753876
Auf; 0.03432678173376189
40; 0.034305377929649696
Lattenroste; 0.034166752479359276
Silber; 0.03415973481060064
Bettkasten.Ein; 0.03386314215458697
Platzangebot; 0.03386294656665996
43; 0.033850660795724255
83; 0.033669938283692066
gemütlich; 0.03321961097244639
jedes; 0.03303066654698341
Sitzkomfort.Ein; 0.03299055945681175
anderen; 0.03295424302868923
genutzt; 0.03285913860895562
machen.Mit; 0.03285629058227642
Möbelstücke; 0.03277746961903176
modernes; 0.0327579653914654
Voraussetzungen; 0.0326776787671406
nachts; 0.032608371469359555
Schwarz.Die; 0.03238933456595987
Rücken; 0.03232505979394773
Letztere; 0.03231649300432764
Waschen; 0.032192337635206056
Eiche; 0.03196915476510185
