Wort; Durchschnittlicher Wert
120; 0.01925936090410687
sieht; 0.017971964661410312
Stauraum; 0.016339737277121458
96; 0.015843970012792852
Mikrofaser; 0.015358942711281997
Hellgrau; 0.015011141777722514
zeitlosen; 0.014636894889554242
gepolstertem; 0.014471372200932819
optisch; 0.014386028929584427
viele; 0.014323052953113802
Korpus; 0.013937503829947673
verstellbar; 0.013163308525690809
Polyester; 0.012926688559491594
inkl; 0.012806578592062579
Blick; 0.012767272210999181
entscheiden; 0.01147102967988758
gepolstertes; 0.011431117338361219
Bezug; 0.011053780051588547
Kopf-; 0.010977762755419462
gefertigte; 0.010899541038816097
Handgriffen; 0.010780995941604487
wählen; 0.010752469564067724
Wahl; 0.010737748280371306
wenigen; 0.010576058113173303
durchdachte; 0.010415093521123709
sie; 0.010188497605122393
rund; 0.009924315669104544
Weiß; 0.009796338334149368
ausgestattet; 0.009325081676797709
ebenso; 0.00912088282420882
selbst; 0.008811562243226944
43; 0.008810796171565017
Option; 0.008693130950223348
zeitlose; 0.008573607908965641
Schlafgelegenheit; 0.008287811832269653
überzeugt; 0.008136588495108298
Belastbarkeit; 0.007981456935104348
bezogen; 0.007434563298556895
erholsamen; 0.007028971537420148
Wohnzimmer; 0.006867385822260985
maximalen; 0.006704159441379432
großzügigen; 0.006523221238239785
Lösung; 0.006401145725976676
140; 0.006086231362132821
komfortablen; 0.005672305874031736
hohen; 0.005620455916505307
bequemes; 0.005556833731679945
Wohnbereich; 0.005448940044152551
diese; 0.0050896163287688975
dieses; 0.004747997616868815
