Wort; Durchschnittlicher Wert
inkl; 0.007900618197891163
gepolstertes; 0.0074875089405395555
Blick; 0.006943871716794092
verstellbar; 0.006758221621930715
Mikrofaser; 0.0066731147220707495
Polyester; 0.006630976173983072
Kopf-; 0.005670502840439439
geformten; 0.005646751484891866
vier; 0.005483718228242651
Fußteil; 0.005170864453248214
bezogen; 0.004923403755856271
Weise; 0.004893956569867441
Kissen; 0.004792295060542529
Bezug; 0.004735913402328151
schwarzen; 0.004702903464635711
erhältlich; 0.004580731713213026
versehen; 0.004557954769825301
leicht; 0.004531875500924798
102; 0.004427231589909297
240; 0.0044056363785784924
gutes; 0.004267896772034874
Steppung; 0.0042473570676520465
elegante; 0.004237702218051709
Ihr; 0.00409826606119168
Belastbarkeit; 0.00408212836177313
Kilogramm; 0.004047331286710687
215; 0.003895011366876133
Modell; 0.0038726266138837673
Füßen; 0.0038389445711345615
noch; 0.0034819134529243457
Polsterbett; 0.003459467952052364
Größen; 0.0030380531252376386
Schlafgefühl; 0.0030077854030423623
zudem; 0.0028513704564829823
Farben; 0.0028498014096840054
bei; 0.0027317259860865305
weiteren; 0.002642209641635418
140; 0.0025897253344282943
Ihre; 0.002519252499041613
185; 0.0023999111537705174
einem; 0.002222517740301555
Dieses; 0.0022218857033294626
kg; 0.0020890036426862934
steht; 0.0020764949626027374
sorgt; 0.002007125277850719
schwarze; 0.001994659645311003
So; 0.0019111218222860771
integrierter; 0.0018827167358722364
einer; 0.0018401162378268055
Eine; 0.0017066661885223767
