Wort; Durchschnittlicher Wert
Polyester; 0.0023435856104470076
Kilogramm; 0.0022869198008265814
140; 0.002232788661331142
Fußteil; 0.0021669111873052318
schwarzen; 0.0019837554347759577
gutes; 0.0019418857995333384
leicht; 0.0019168545446518691
Blick; 0.001902480902208481
robust; 0.001869875549346034
240; 0.0017626971861318453
Stil; 0.0017324130915312708
Kissen; 0.001586314112500986
elegante; 0.0015793899263371713
Mikrofaser; 0.0015557024114968953
Ihr; 0.001554553327150643
ihren; 0.0014262435480532076
Füßen; 0.00141508407486981
noch; 0.001373698534007417
Polsterbett; 0.0012777735864801798
bringt; 0.0012578620486237923
Standfestigkeit; 0.0012125580562496908
bezogen; 0.0011969679060712223
U-Form; 0.0011468476041045506
inkl; 0.0011322508013108744
praktischer; 0.0011287480978353416
Liegekomfort; 0.0010986147961375536
ihre; 0.001088995986356167
215; 0.001070689816151571
gleichnamigen; 0.0010512990156712476
Bezug; 0.001047092581165998
bei; 0.0010304449060640763
befindet; 0.0010268586328038508
Sitzgefühl; 0.001007177588326158
Kopf-; 0.0010069965603179299
Somit; 0.0009896345465108425
Komfortschaumkern; 0.00097529834110901
Matratzen; 0.0009740417872308171
gesunden; 0.0009683875016889942
Funktion; 0.0009573864430763024
welche; 0.000941655694578003
beiden; 0.0009360630720038898
Zusammenstellung; 0.0009330040779332194
gesamte; 0.0009082822846266936
Zweisitzer-Sofa; 0.0009079348026716616
Kuscheln; 0.0008981572493212298
Edle; 0.000896517600176594
Größen; 0.0008894693317415658
geformten; 0.000880776628764579
voll; 0.000873589689444998
außerdem; 0.0008615515715632682
