Wort; Durchschnittlicher Wert
eindrucksvolles; 0.03591380398720503
Kilogramm; 0.03512949814030435
durchdachte; 0.033299051721587605
graue; 0.032845095309312455
toller; 0.03207763900063583
Querschläfer; 0.03136042523910874
angenehmem; 0.03085082067264011
verloren; 0.030819150918978265
Braun; 0.02978315939690219
Wandgestaltung; 0.02947059333528159
Reich; 0.029257600264099893
gehen; 0.029236336922622286
erhältlich.Dieses; 0.02893810159876011
LIVETASTIC; 0.028708819492021576
28cm; 0.028407132672145962
Gefertigt; 0.028304092725011287
Wand-Klappbett; 0.028283882958930917
JUIST; 0.02823580520635005
Pölstern; 0.02818379116652068
sieht; 0.028045223660592457
Raum-; 0.02789348463306851
prakitscherweise; 0.02771126397419721
Kind; 0.02759876876079943
besitzt; 0.026829948157865147
Kopfteil-; 0.02671091898737359
Buchenholz; 0.02655624361104856
raumsparende; 0.0264677240016681
69; 0.026076106246910057
MATTO; 0.025636900130484717
passt.Weich; 0.025628084514755754
Schlaf.HinweisDieser; 0.025497494827141053
braune; 0.02539007599116303
Komfortschaum; 0.025344618104281836
Lieferumfanges.JUIST; 0.02507820911705494
Ausklappen; 0.025007907459803393
puncto; 0.02492094476474449
Federkern; 0.02491210887901616
64; 0.02434712189133279
Bettschubladen; 0.024173774531664093
FLORA; 0.024143510026624425
73; 0.02399054091256403
Wohlfühlmöbel; 0.02396985123050399
klassisch; 0.023943727231380763
Dunkelblau; 0.023832127935020254
royales; 0.023782588486210444
Rosa; 0.023748878210608382
Hinweis; 0.0235935148630233
Gasdruckfeder; 0.023362297117273556
variieren; 0.023251748003531247
45; 0.0230638654626091
