Wort; Durchschnittlicher Wert
Luftbett; 0.05596360935378471
BESTWAY; 0.05253062502124521
192; 0.04706730989855714
Pumpe; 0.044461317117747964
grauem; 0.04360573931462568
Zweisitzer; 0.04190266606201476
Bonellfederkernmatratze; 0.040655917138792574
große; 0.03872354089398868
ist.Weitere; 0.038604252082586756
Schlafplatz; 0.038136185247276445
Minuten; 0.03800784004233719
84; 0.03795563405110443
grauen; 0.037573522014645276
152; 0.037488862474310734
beflockte; 0.03719948983941777
Webstoff; 0.03597540651462623
Stoffbezug; 0.035344984207040395
Schlafsofa; 0.03439644634781871
verhindert; 0.03392859542873339
T; 0.03373861361071136
17; 0.03372356592344659
AIRBED; 0.03348976045344898
zusammen; 0.03312161931753508
schwarze; 0.03293824846550706
Bild; 0.03241793897977914
QUEEN; 0.0322397222633299
unterwegs; 0.03207286671567999
zieht; 0.03193327592962305
elektrischen; 0.0315529854487977
gradlinigen; 0.03138722502771998
Dreisitzer; 0.03122023581599933
MERCURA; 0.031212178626446985
Schlafengehen; 0.031146444726618937
nimmt; 0.030983219321933576
HAVANNA; 0.030957206014863913
Dekor; 0.030503806931665167
SIMON; 0.030388093402143566
zeitloser; 0.0303839750791667
97; 0.030356995130205178
geschickt; 0.03008403728272242
Charme; 0.029943865324457874
kleinen; 0.029785119863663567
integriertem; 0.02949918859421814
Dafür; 0.02948685592091351
sind.Drucken; 0.029468290830845945
mitgelieferten; 0.0294581587841094
versprüht; 0.029338933047620232
GENEVE; 0.029161754579035915
verleihen; 0.02915313135044926
Gästezimmer; 0.029140572936012177
