Wort; Durchschnittlicher Wert
Ordnung; 0.04479938596487045
misst; 0.04477266523754224
Farbton; 0.04403887719381601
erweitern; 0.04308445275382837
unterstreichen; 0.04298765552812256
Schwarz.Die; 0.04236200907325838
Rollroste; 0.04036765003838809
Relaxen; 0.040121433811145836
später; 0.03928442390897544
verstauen.Dieses; 0.039162733062403275
101; 0.0388145503035048
weiter; 0.03853229493834078
angekündigt; 0.03835559357285092
Dauerschläfer; 0.038319484220119195
fürs; 0.0379095176118426
machen.Mit; 0.037219316174741834
Sitzkomfort.Ein; 0.037217675786814654
226; 0.03695717237133067
werden.Die; 0.036949549525161274
Samtbezug; 0.03681838317279471
Schlafgemach; 0.03646593236189801
321; 0.03596048767212778
Wangenform; 0.035783844909747134
möchte; 0.03556512084978749
Lounge; 0.03512876739841886
Matratzenfixierung; 0.035091930452472296
überzeugen; 0.03497652620135341
Romantisches; 0.03490436455176678
gestalten; 0.0348781122796936
Bereich; 0.03486519537109416
Wände; 0.03485170557105448
Sowohl; 0.034830029608565384
Ausziehen; 0.03479565988527611
Möbelstücke; 0.034712072054389864
Kiefer; 0.03469588233419927
FüßenStilvoll; 0.034643256428535094
verräumen; 0.0345129516790621
komplettieren; 0.034363501268671826
Raum; 0.034281562744581606
gehören; 0.034194649904384276
202; 0.033980331622296946
Geradliniges; 0.033940716352663006
puren; 0.03392707574530505
Rückenpölstern; 0.03388910896028392
wird.HinweisDieser; 0.03369186079798965
Beisammensitzen; 0.033670263164094646
PflegeMontageanleitungHinweisStoff-; 0.03366739765915554
126; 0.03351432095805649
Bettkasten.Ein; 0.03347487366991118
Sonoma; 0.03337083818914834
