Wort; Durchschnittlicher Wert
Entdecken; 0.002406420650368091
Anthrazit; 0.0021196139336097986
seinen; 0.001691836435929872
richtig; 0.0016360639485355933
erhältlich.HinweisDieser; 0.0014539689687808276
Wohnung; 0.0014175348593198577
Hocker; 0.0013401994481682777
Fernbedienung; 0.00133603399808635
Insgesamt; 0.001278656229214903
jedem; 0.0012786493240128038
Eiche; 0.0012281919429369737
kommt; 0.0011899336175702046
tagsüber; 0.0011355947623087558
maximale; 0.0011217747407499701
garantiert; 0.0011075714638536737
sehen; 0.0011036675996365375
guten; 0.001093781755986356
nach; 0.0010595628409646451
extrem; 0.0010078207318656497
40; 0.0009884002298349514
Tonnentaschenfederkern; 0.0009661997763032559
Matratzen; 0.000956279132515192
durchgehenden; 0.0009468585099966731
Abriebfestigkeit; 0.0009300705011810351
MARA; 0.0009133946766269219
Komforthöhe; 0.0009012943593916134
Schlafmöbels; 0.0008938892435708112
Dekor; 0.0008873535320162773
persönliche; 0.0008726184178158292
andere; 0.0008600526865393477
Maßen; 0.0008471528191876132
moderner; 0.0008397128032811452
pro; 0.0008198602880838734
nichts; 0.0008187457435269608
Ausstattung; 0.0008133006692787603
Da; 0.0008121604398183991
Maße; 0.0008100009104964556
gleichnamigen; 0.0007961283321492374
18; 0.0007869763333872015
58; 0.0007850930502627307
vermitteln; 0.0007744393058601417
jedes; 0.0007703788403887301
schlafen; 0.0007572183392767328
Co.; 0.0007487104722713412
Querschläfer; 0.0007370054941929993
elegantes; 0.0007338612544117495
chromfarbenen; 0.0007321750253140635
schlichten; 0.0007268603436386911
Gästen; 0.0006873956066556275
Stil; 0.0006871818543004338
