Wort; Durchschnittlicher Wert
FüßenStilvoll; 0.06661505202646367
möchte; 0.05317372122226516
Vorstellungen.Jetzt; 0.04862501847674139
Auszeiten; 0.04833918050280772
erfreuen; 0.048008744488470256
Ablageflächen; 0.04786905237779138
erweitern; 0.04649450672150124
Wände; 0.046278922105557285
dauerhaft; 0.045418105757562444
Geradliniges; 0.04452729104013997
Premium-Feeling; 0.0438327051961096
verrutscht; 0.043699991059838794
Großes; 0.04328638301012688
jene; 0.04276922979624942
101; 0.04218060796847567
Möbelstücke; 0.04165517423825804
gestalten; 0.04151600419754686
ANTONI; 0.04150648569338955
Schwarz.Die; 0.041418291642912664
begleitet; 0.04134324579354143
Möbelstückes; 0.04131658251208137
naturbelassenem; 0.04129140545410337
JOHNNY; 0.041056995920371264
Matratzenfixierung; 0.04057210640166886
Samtoberfläche; 0.04041864874307066
Rundrohr-Optik; 0.03976968187998864
25; 0.03900416859687539
PUERTO; 0.03882779777632095
Wohnelement; 0.03874718447968917
Doppelte; 0.038547413918422535
Verfügung.HinweisDieser; 0.038476885070849676
CARIBA; 0.038422698504291475
umfunktionieren; 0.0382253140614921
Einrichtung; 0.03782934943592409
konzentrieren; 0.03779723125626333
PATCH; 0.03772230062895687
360; 0.03749431083269883
puren; 0.03748478878696915
321; 0.037341688857850386
afrikanischen; 0.03725698130438104
liebsten; 0.03713986738875974
Matratzenhöhe; 0.03711800083692651
ab.Lassen; 0.03697106596882804
Ende; 0.036810060249990784
Gold; 0.03663811268052086
Lieblingsromans; 0.03659570703894133
Chesterfield-Design; 0.036572603770764545
Kapitel; 0.036429804044018965
angekündigt; 0.036339157006295864
Trumpf; 0.03633455563976895
