Wort; Durchschnittlicher Wert
Drucken; 0.015540935203898699
gemütliche; 0.014826729085143597
bequeme; 0.013872957040985057
ab; 0.013702804390413803
Marke; 0.01364223322889302
Luftbett; 0.013410409833886661
203; 0.012877408911299426
ganze; 0.012859446054790169
Auf; 0.012730159496277338
dank; 0.01269136230548611
ob; 0.012637279652699363
integrierte; 0.01261693729320541
genügend; 0.012468462788456236
modern; 0.01243589486257406
188; 0.012322248965210747
über; 0.012095372957992368
gefertigt; 0.011885980001534336
Zudem; 0.011866476414252248
Diese; 0.011819352825204988
95; 0.011598332994617521
wir; 0.011481711878877832
4; 0.011384523440210615
bestens; 0.01137556311005028
was; 0.011311094800475985
äußerst; 0.011258471234759782
integriert; 0.011224834874883526
Edles; 0.011119838339072884
verstaut; 0.01110526749107521
rundet; 0.01109795255761128
Besonders; 0.011054420223808847
Schlafen; 0.011015792858233907
macht; 0.01096528146736091
edlen; 0.01094254713407281
seine; 0.010735680972993577
Akzente; 0.010676204167248215
haben; 0.010651138207504119
Hause; 0.010328436335839797
Schlafplatz; 0.010276029256237962
einmal; 0.010239343339344486
echter; 0.010059719128184952
gerne; 0.0098806564717961
bieten; 0.009735090500180376
gemütliches; 0.00968443292513257
lädt; 0.009682234752108342
integrierter; 0.009677399993961444
So; 0.00963356789725367
beim; 0.009622518977994331
Übernachtungsgäste; 0.009586061493951092
Eine; 0.009501583312521688
Dann; 0.009472215666028206
