Wort; Durchschnittlicher Wert
Braun; 0.03553793777391547
69; 0.028768158984894397
73; 0.02845719988690689
107; 0.027983799009234644
Rosa; 0.02761907623207662
Komfortschaum; 0.02688721492595505
liegt; 0.026858143592835403
Raum-; 0.026132741422043183
angenehmem; 0.02579451701021753
Nierenkissen; 0.025642742122181518
Maschine; 0.025563192678964695
bringt; 0.02552049698006158
MATTO; 0.02548332489823224
raumsparende; 0.025442864921933504
Hinweis; 0.02535627831457532
robuste; 0.025233107450185345
Synthetikfaser; 0.025131112459348515
Kopfteil-; 0.025010239743278363
197; 0.02490948860940989
Gefertigt; 0.024865495882113463
Bordsteinkante.Die; 0.024854437223257263
toller; 0.02462187010914931
Wandgestaltung; 0.024599502549972386
kgHinweisDieser; 0.024594424474344123
dieser; 0.024420341389486566
Querschläfer; 0.024416823830688373
147; 0.02401472953206394
Dunkelblau; 0.02378125470713712
richtig; 0.023572529601005955
320; 0.02350185957184294
Dunkelbraun; 0.02347694456257159
Holzrahmen; 0.023473744600778446
109; 0.0233919263464486
Wand-Klappbett; 0.023344671056838705
machen; 0.02329493717134028
Zugabe; 0.023258355482539628
ausladender; 0.023175578498921823
-Matratze; 0.02315486346342368
eindrucksvolles; 0.023060776514466853
Reich; 0.022988468195399035
lackiertem; 0.022956096333655297
Kilogramm; 0.022938173517468387
echt; 0.022888715715635045
Komforthöhe; 0.02285982368484838
wurde; 0.022843252585334994
Stütze; 0.02260110780771356
Kopf-; 0.022542540540598566
64; 0.022452128499571698
Einrichtungselement; 0.02243983218277208
InformationenPaketgröße; 0.022439471553661862
