Wort; Durchschnittlicher Wert
misst; 0.028994919524120633
Rollroste; 0.02892393754882505
gestalten; 0.028768936302003566
möchte; 0.028767349342160742
angekündigt; 0.027660576265770943
Farbton; 0.027361293718058732
Matratzenhöhe; 0.026990565754294947
erweitern; 0.026423805452577654
Schlafgemach; 0.02624994969000909
Matratzenfixierung; 0.026126056720931955
Möbelstücke; 0.02590683076600726
Schwarz.Die; 0.025411046191584317
321; 0.025054697506129743
Ordnung; 0.024802169489248627
Lattenroste; 0.024734348099809723
Ausziehen; 0.024640731645195046
unterstreichen; 0.023975350534055907
Ende; 0.02389044979827304
edlem; 0.02383755219154864
Dauerschläfer; 0.02383351790922461
genießen; 0.023575003118094174
machen.Mit; 0.023530535654572304
Samtbezug; 0.02345449264976196
verstauen.Dieses; 0.02334617855376564
Sowohl; 0.02334140371385729
FüßenStilvoll; 0.023279977892525495
verziert; 0.022834276926482745
25; 0.02282401462434791
Boxspring-; 0.022789095980260753
Bereich; 0.02272281815421593
226; 0.02269429242114711
Sitzkomfort.Ein; 0.022626146738184617
PUERTO; 0.02261296431097435
101; 0.022581534343589737
126; 0.022394682166486747
Platzangebot; 0.022370894476625835
Silber; 0.022304130930933752
wohlfühlen; 0.02228177772994968
360; 0.022192853531487346
83; 0.022180724533336617
Kopf-; 0.02209779393451754
formschönen; 0.02200663991741294
Holen; 0.02193328435641888
geometrischen; 0.02184874720314838
genutzt; 0.0218262464352847
unterschiedlichen; 0.021823464023327688
Sonoma; 0.02174271556741587
mitbestellen; 0.0216808131142443
Rücken; 0.021667095372686164
96; 0.021591152485780186
