Wort; Durchschnittlicher Wert
43; 0.003424379357602447
Weiß; 0.003236531269430998
erholsamen; 0.003127362891973462
wenigen; 0.002962555277190404
gefertigte; 0.0028065033853636122
sie; 0.002680757189227734
Handgriffen; 0.002665931257615739
Gästezimmer; 0.0026631535685737616
entscheiden; 0.002651948896891554
Option; 0.00253406939409615
bequemen; 0.0024993530696519883
Wohnzimmer; 0.002460861085273791
selbst; 0.0024584546496043912
bequemes; 0.0024044090182542277
zeitlose; 0.0023134821116400418
Schickes; 0.0022586330640478993
diese; 0.002247619979607407
ebenso; 0.0022461034555817604
Ausgestattet; 0.002144833973579807
wählen; 0.0021385706822911743
stets; 0.002131109270158049
stilvoll; 0.0020804700572625732
Schlafgelegenheit; 0.002070999043280608
komfortablen; 0.0020383090035466012
durchdachte; 0.0020065431654074928
Lösung; 0.0019696578150615097
hohen; 0.001968154585483717
Grau; 0.0019536254923878003
Dekor; 0.0019384019171411638
überzeugt; 0.0018624774957061163
geeignet; 0.0017931067344761687
Wahl; 0.0017480718066508415
Wohnbereich; 0.0017444329290810857
ausgestattet; 0.0016899917485716288
120; 0.0016461076244013383
40; 0.0016304387427226175
dieses; 0.0016241822675510775
rund; 0.0015860311508731685
Kinderzimmer; 0.0015788468681421364
zwischen; 0.0015736471907985105
vielen; 0.0015509055712755071
Gästebett; 0.0015306075030821376
Bedarf; 0.001526963637661538
praktisches; 0.00152541631978238
schlichten; 0.0015215200983220711
unserem; 0.0015132015447306912
213; 0.0015031243215162249
sorgen; 0.0014929724621651984
kleine; 0.0014867990621496574
nach; 0.0014740744685695973
