Wort; Durchschnittlicher Wert
FüßenStilvoll; 0.18976287831173977
Schwarz.Die; 0.18484727669419954
möchte; 0.18433247301709343
misst; 0.1719965847732965
Dauerschläfer; 0.17028297481192567
liebsten; 0.16657243698864477
101; 0.16397108322416898
erweitern; 0.16320562908731517
321; 0.16267634598443692
Relaxen; 0.16052240767385229
Farbton; 0.16036782725450394
Lounge; 0.1567239866417367
verstauen.Dieses; 0.15661518150591291
Hell-; 0.15578203432596638
Möbelstückes; 0.1538494304595588
PUERTO; 0.15169443739796407
angekündigt; 0.15166805729586486
25; 0.15149010867207835
Geradliniges; 0.15033539184355504
Anthrazit-Grau; 0.15010862956296478
Matratzenfixierung; 0.1500591234471358
Holen; 0.1500141567648825
umfunktionieren; 0.1489007654603256
Matratzenhöhe; 0.14881666174915154
verrutscht; 0.14876120072585763
gestalten; 0.14873797616883166
Stück; 0.14835776986728888
Schlafgemach; 0.14786047175584827
Romantisches; 0.14655745513300644
Samtbezug; 0.14606161836127285
Eiche; 0.14590121099581665
werden.Die; 0.145145603133642
machen.Mit; 0.14510702986081014
Möbelstücke; 0.14510266175784636
Unterbau; 0.14427230396540835
genutzt; 0.1442439189149809
Silber; 0.14406069234610186
edlem; 0.1435523023865244
puren; 0.14248304237662524
jedes; 0.14216044189652166
türkisem; 0.14180042556108674
Überzüge; 0.14114100820734166
Platzangebot; 0.14088908031772007
umfangreichen; 0.14067465340485796
Einrichtung; 0.1403022233134834
Tagsüber; 0.14018511391304855
Boxspring-; 0.13977397674898384
formschönen; 0.1395068419378731
Ende; 0.13911532163911033
Sitzkomfort.Ein; 0.13890709819679614
