Wort; Durchschnittlicher Wert
Luftbett; 0.19836555363144726
BESTWAY; 0.1927455915720202
Pumpe; 0.1813225090791093
beflockte; 0.1680198154072059
AIRBED; 0.14953025290742517
Minuten; 0.14659580654551974
grauem; 0.13584963480752776
192; 0.13565395431760408
Schnellverschlussventil; 0.13329984806478024
mitgelieferten; 0.13244601646874798
verhindert; 0.1290688823319215
unterwegs; 0.12826465170292067
Zweisitzer; 0.12809258875859086
QUEEN; 0.12280018276942428
Staufach; 0.12058068557053048
empfehlen; 0.12002418859856334
152; 0.11509537594611174
Tragetasche; 0.11271676583783119
ungewolltes; 0.11255821194936289
sind.Drucken; 0.11138947873041616
ein.Mit; 0.11120229368316359
Kabel; 0.11094588900459712
elektrischen; 0.11040949213929707
grauen; 0.10982101609988604
GENEVE; 0.10951178319555765
Schlafplatz; 0.10889679124738905
Dekor; 0.10666751544249564
widerstandsfähige; 0.10659013916301774
17; 0.10645425311668077
Schöner; 0.10637073501311534
Reise; 0.10635390840980108
CARROL; 0.10513446319419018
eigentliche; 0.10490473390018451
große; 0.1040096860670019
OUTDOOR; 0.10372471949085593
exklusiv; 0.10356212728220271
Oberseite; 0.1026612413697876
cm.Die; 0.10265747697849292
gradlinigen; 0.10246347889187746
Träume.HinweisBitte; 0.10214035475291894
Style-Puristen; 0.10154268418955326
Schaumstoffpolster; 0.10118155700592979
verführerische; 0.10086435219636769
Bonellfederkernmatratze; 0.10084936774728703
zeitloser; 0.10047745331303304
11,5; 0.10042262195565854
modischen; 0.10040564358314441
Sitzgefühl.Erweitern; 0.09969035898211587
Stellen; 0.09930734119097906
hautfreundliche; 0.09908071812424168
