Wort; Durchschnittlicher Wert
über; 0.016144965740386395
Luftbett; 0.01611519771249732
Drucken; 0.015633415238880843
gemütliche; 0.015468071654322558
203; 0.015347806374484208
verstaut; 0.01502646119624842
bequeme; 0.014696082174668845
äußerst; 0.014510210140724667
ob; 0.014501960316556506
dank; 0.01447387711959891
Marke; 0.014430635826283834
integrierte; 0.014374686517112423
188; 0.014272715165861882
gefertigt; 0.014228289384118398
integrierter; 0.014035035912820603
bestens; 0.013927690606215038
Auf; 0.013751492615301685
macht; 0.013530963558878284
ab; 0.013512434643052984
einmal; 0.013264544130652211
Zudem; 0.013160790032998193
ganze; 0.01312101413950586
Akzente; 0.01311428689805325
wir; 0.012997383621404878
edlen; 0.01279639129061252
haben; 0.012788616957550403
Kunststoff; 0.01264159575512167
drei; 0.012617925058293622
echter; 0.012567262841912452
Denn; 0.012308785843197256
95; 0.012287895474582911
lädt; 0.012263934738439276
integriert; 0.01225213257712312
bieten; 0.012034509930526838
genügend; 0.0120127623755252
Schlafplatz; 0.01197945924322994
modern; 0.01193150031613186
Besonders; 0.011861362712807022
Übernachtungsbesuch; 0.011818386279264815
Eine; 0.011799367557978257
Edles; 0.011747871353873052
Diese; 0.011576116396463476
seinem; 0.011473101421142929
HinweisDieser; 0.011453355275443755
besten; 0.011453077357145958
Übernachtungsgäste; 0.011449771400657482
komfortables; 0.011437064611163806
alle; 0.011395058994821738
wenn; 0.01139136776473606
Schlafen; 0.011331619996053633
