Wort; Durchschnittlicher Wert
192; 0.011511086084647104
BESTWAY; 0.010157632132177241
beflockte; 0.00947746261372231
Stoffbezug; 0.00929269215266686
145; 0.009091039327904582
Luftbett; 0.008598134096246213
Senfgelb; 0.00839491502265446
Kautschukholz; 0.00834127968573739
Bettlade; 0.008082118499442004
Boxspring-Polsterung; 0.008019627245812445
Übernachtungsmöglichkeit; 0.007816194984479807
unterwegs; 0.007624941908579786
RACER; 0.007619088378851302
Charme; 0.007536612692638301
grauem; 0.007506993816787144
mitgelieferten; 0.007501904160017147
81; 0.007501350401435047
Person; 0.00748927300592186
Einzelbett; 0.0074553431593813
genau; 0.007381427420477848
dienen; 0.007346309820422903
Pumpe; 0.007179428715608083
schwarze; 0.007127525494433939
ansprechendes; 0.007102533302941083
Richtige; 0.0070670048866304565
Bettschublade; 0.007054279194562696
Staufach; 0.007019359496189282
inkludierte; 0.006969851384928916
Zweisitzer; 0.006953166844323277
Schnellverschlussventil; 0.006887110968818888
Webstoff; 0.006839819101514877
Schaumstoffpolster; 0.006829733245831448
Kabel; 0.006810367660364136
Schlafplatz; 0.0067932647943962365
Einrichtungsserie; 0.00677980603359174
eignet; 0.006766105408314615
ein.Mit; 0.006753794074757025
elektrischen; 0.0066859489365015175
aufeinander; 0.006659712953842245
91; 0.006656812665460166
3-teilige; 0.006623499683337286
platzsparende; 0.006599610912962817
zeitloser; 0.006572694418719038
Von; 0.006562396972731222
ebenso; 0.006487373473282787
HinweisBitte; 0.006453383580083028
kompakten; 0.006446956212312216
seine; 0.006417441520534339
gewachstem; 0.00641127086164488
schon; 0.006384418627567357
