Wort; Durchschnittlicher Wert
Braun; 0.03714275379024912
69; 0.02854800701552449
machen; 0.027000348390720318
Maschine; 0.0264610721351346
richtig; 0.026315076666651293
Zugabe; 0.026256758708041162
liegt; 0.026186539081390948
MATTO; 0.025750231051642914
-; 0.02571660319226794
Bordsteinkante.Die; 0.025459610909456386
64; 0.025301356305135414
107; 0.025070638957549816
MID.YOU; 0.025067691814911086
etwa; 0.02481448278103926
harmonisches; 0.024701275004190393
angenehmem; 0.024545868174755014
Pölstern; 0.024378276911738793
gemütlich; 0.02434981505302858
toller; 0.024348915976588614
robuste; 0.024249842307472135
REGI; 0.024165951152099296
Stütze; 0.02401546829059953
Komfortschaum; 0.02395261693018256
Hand; 0.02391639369307086
Hinweis; 0.023601843332653517
Buchenholz; 0.023459966420341517
Komforthöhe; 0.023444375771214256
Hellbraun; 0.023397462822322267
197; 0.02335484626382822
kgHinweisDieser; 0.022886494738486363
Rosa; 0.022885012262850068
Rot; 0.02256920497966348
maximale; 0.022544034939164702
selbst; 0.022443830195697956
InformationenPaketgröße; 0.022440868071862498
LIVETASTIC; 0.022315448393055704
Federkern; 0.02221472886049014
Wandgestaltung; 0.022203397497651167
weiteren; 0.022118076156039022
Querschläfer; 0.02205297499021981
-Matratze; 0.021958977823305758
Raum-; 0.021956585864245426
wirkt; 0.02194572224834701
Möbels; 0.02191551584546687
besitzt; 0.02182189436389308
105; 0.021794643242901656
Dunkelblau; 0.021642066419008187
Paketgewicht; 0.021400445247854803
147; 0.021361974548199214
Bettschubladen; 0.021270932618062944
