Wort; Durchschnittlicher Wert
BESTWAY; 0.05281340357905719
Luftbett; 0.04997346806921996
192; 0.04749865309568122
beflockte; 0.045435492967953905
Zweisitzer; 0.044382928161940075
grauem; 0.04397122931550257
Pumpe; 0.0406307851546444
grauen; 0.03990270645590499
mitgelieferten; 0.03952638939081225
Senfgelb; 0.03883393992728088
große; 0.03873854604171356
Bonellfederkernmatratze; 0.03870214397466043
Minuten; 0.03791069507278735
84; 0.036845314691890965
Stoffbezug; 0.036438193598587534
eignet; 0.03617070068139583
145; 0.03602460053079994
sind.Drucken; 0.03599140873702709
97; 0.035687521600630136
Praktisches; 0.03556560951619758
Person; 0.035543014154245614
Schlafplatz; 0.035441391613858286
17; 0.0341963959595887
152; 0.03416698533837916
Dekor; 0.03416071789106354
Bild; 0.03409885491419118
Schnellverschlussventil; 0.033982104071765204
verhindert; 0.03380464831134304
Runden; 0.03360726831306238
Übernachtungsmöglichkeit; 0.03337667283194605
Dreisitzer; 0.03327736761712004
gradlinigen; 0.03326156418042956
AIRBED; 0.03301224914612248
HAVANNA; 0.03295141234848416
Kabel; 0.03253450942429481
cm.Die; 0.032472109716036354
schwarze; 0.03246827361290343
Rückenlehne; 0.032454171112476615
Webstoff; 0.0323859860545781
HinweisBitte; 0.032222380535677074
ist.Weitere; 0.03220552835991839
ungewolltes; 0.032128268422093244
verbreitet; 0.03179590617476151
Charme; 0.03158170887691085
Oberseite; 0.031372594358981584
verriegelnde; 0.03110844208713388
zieht; 0.03103635484148981
QUEEN; 0.03102838004633668
Dafür; 0.030970759273623118
Einzelbett; 0.0309498427901417
