Wort; Durchschnittlicher Wert
möchte; 0.03002791934995912
Möbelstücke; 0.029054760807775894
misst; 0.029048177180811763
360; 0.02867675436427817
angekündigt; 0.028140532434917986
Farbton; 0.028035647371143568
Schlafgemach; 0.02785233077884186
83; 0.02687271175091155
Augen; 0.026687175207189284
erweitern; 0.026566972662112675
einziehen; 0.026026224589804768
Sitzkomfort.Ein; 0.02597431947651785
edlem; 0.025901664741104467
101; 0.025880503450753167
liebsten; 0.025862041467917152
226; 0.02583797538536601
formschönen; 0.025791048575774765
Relaxen; 0.025761999376118182
Einrichtung; 0.025760541099589317
unterstreichen; 0.02575254882540321
gestalten; 0.02563147414766718
Bordsteinkante.Paketspezifische; 0.025496432071668094
Wände; 0.025324837598600426
puren; 0.02478126701025758
überzeugen; 0.02476834846311249
25; 0.024760145033360458
Voraussetzungen; 0.02470684335276019
später; 0.024669743957929313
Dauerschläfer; 0.024615035718670696
214Gesamtbreite; 0.024600656816619448
96; 0.02454081583164225
verstauen.Dieses; 0.02438784569094423
Rollroste; 0.024279305193340407
Federkern-Polsterung; 0.024074562366877217
Matratzenhöhe; 0.024048299172864062
hellbraunem; 0.02403589491150342
Eyecatcher; 0.023970224166987464
202; 0.02393287189224793
Boxspringsofa; 0.02368031850492116
Schönes; 0.02364783479424659
hervorragend; 0.023637921779300086
langjähriger; 0.02360273058220628
verstauen.HinweisStoff-; 0.023568933470232877
Nosagunterfederung; 0.023496825134861864
wiederum; 0.02341313534670917
PflegeMontageanleitungHinweisStoff-; 0.023321644445240965
machen.Mit; 0.023148570788907818
Matratzenfixierung; 0.023146860525594094
entdeckenDrucken; 0.02306219675228931
Ablageflächen; 0.023031811325927264
