Wort; Durchschnittlicher Wert
elegantes; 0.028930319912615233
fürs; 0.02807706348648935
Entdecken; 0.022674146733334056
40; 0.016520431269645995
Matratzen; 0.016285790444999292
ins; 0.016042455462411453
Maßen; 0.015155959211051595
Gästezimmer; 0.015046616852123407
bringt; 0.014801753213032499
213; 0.014789122014826716
Somit; 0.014516767087297922
robust; 0.014346574417686497
Dekor; 0.01376488589287419
natürlichen; 0.013636077883859343
Schickes; 0.013575829107116988
moderner; 0.013566460299080063
Wohnung; 0.013544797674512665
gleichnamigen; 0.013368366047598102
anderen; 0.013126333295440417
praktisches; 0.013058637776020987
je; 0.012862759353356523
optimale; 0.012852317657689127
nach; 0.01278252126719508
schlichten; 0.012778341900775559
besitzt; 0.012711246125763864
Stil; 0.01270263541937311
Eiche; 0.012518282160272065
Onlineshop; 0.012438594793275115
20; 0.012295941858246806
seinen; 0.012152820239316497
passenden; 0.012074627407855587
erhält; 0.01202546037548018
Form; 0.011982589632839335
Preis; 0.011890056838115014
ihren; 0.011867631361474196
maximale; 0.011550777568663762
Fernbedienung; 0.011458850007966249
Da; 0.01142207047305419
nichts; 0.011337183640262084
nie; 0.010896147088715225
Wenn; 0.010839154245513783
Webstoff; 0.010725791507957183
schlafen; 0.010657945539060165
perfekte; 0.010501639031826927
Highlight; 0.010198574568494222
durchgehenden; 0.010112280746307078
Topper; 0.009980016875306318
ihr; 0.009946846895400086
Tonnentaschenfederkern; 0.009802233167101803
Kinderzimmer; 0.009667353936356449
