Wort; Durchschnittlicher Wert
120; 0.03686739380400468
wählen; 0.022967737236831452
zeitlose; 0.022402414214047893
Möbelstück; 0.02203259367197461
selbst; 0.02161320290961157
Korpus; 0.020255727372205
zeitlosen; 0.019972995946409354
maximalen; 0.019834889411322366
ausgestattet; 0.019568469085243123
ebenso; 0.01956258283717034
Belastbarkeit; 0.019561355522728262
gepolstertem; 0.019491205664053268
rund; 0.019479440332725063
96; 0.019147958987741732
viele; 0.01841024893019494
Stauraum; 0.018248395272894413
Hellgrau; 0.01822736287067528
Gäste; 0.01818834027435514
180; 0.01598967301506491
Handumdrehen; 0.015474883221031632
verstellbar; 0.009575076972032548
Blick; 0.009122988194303617
dieses; 0.00901650421837985
gepolstertes; 0.00855150600327761
Polyester; 0.00830760059216118
inkl; 0.008195300911528137
Mikrofaser; 0.008035886952279725
Bezug; 0.007703413150011329
Schlafkomfort; 0.005428453804779565
geformten; 0.003970365731333914
212; 0.003960406028272701
verstauen; 0.0038421709879003173
Kissen; 0.0037797993480126026
besten; 0.003252788201098156
Kopf-; 0.0029730573782217108
komfortablen; 0.002775731483961863
vom; 0.0024740619593103474
220; 0.002444720537687317
oder; 0.002359559501928743
Weiß; 0.00234350844839355
durchdachte; 0.0022962397016272006
LUKKA; 0.002269633040850749
hohen; 0.002238942441135805
113; 0.002230722068748037
Füße; 0.0022261706191784468
Mit; 0.0021530281625018687
diese; 0.002145276093506254
etwa; 0.0021370197645410372
Dieses; 0.0020998401948418175
Raum; 0.002063082911445235
