Wort; Durchschnittlicher Wert
Einrichtung; 0.24575923767406493
Boxspringsofa; 0.21959637734107673
Schlafgemach; 0.2169304726703558
96; 0.216253853373928
Schwarz.Die; 0.2161487162229605
Ordnung; 0.21510492295055883
Boxspring-; 0.2128457830840489
erweitern; 0.2103670604483341
Relaxen; 0.20929271774366498
Farbton; 0.20736198278609663
Greige; 0.20638848232920282
101; 0.20498128667532
werden.Die; 0.20443160459399223
möchte; 0.2032166353892535
Dauerschläfer; 0.20285835477989167
überzeugen; 0.20226372199431353
Wände; 0.20084344666975085
Bettkasten.Ein; 0.20079639277537353
Anthrazit-Grau; 0.20066982629941776
jedes; 0.20033874167711474
Silber; 0.19990356097832773
hellbraunem; 0.19958973076427355
226; 0.1993408569105668
Rückenpölstern; 0.19909022079082206
GARCIA; 0.19869492843281478
FüßenStilvoll; 0.19730708346469328
ihre; 0.1968363138148561
202; 0.19530821210355498
Möbelstücke; 0.19073118244705256
schlank; 0.18994114061933942
schickem; 0.18963697124490864
gestalten; 0.18728728289715946
Eiche; 0.1865856417134637
verräumen; 0.1865046473321854
Romantisches; 0.18637901343754493
aus95; 0.18637116547324695
erfreuen; 0.18567215745861176
90; 0.185175902035553
Federkern-Innenleben; 0.1849894135921204
Möbelstückes; 0.18448910887673264
25; 0.18357531135552563
trendige; 0.18311380775412545
Großes; 0.18219166726339608
misst; 0.1818021345534362
San; 0.17832583756535314
Auszeiten; 0.17828672677569557
wohlfühlen; 0.17815647918905597
jene; 0.17782548913965002
Waschen; 0.17722093552583829
liebsten; 0.17692333385639358
