Wort; Durchschnittlicher Wert
hat; 0.0023070745137374615
gleichnamigen; 0.0021949722751742227
perfekte; 0.002019645266409498
Übernachtungsgäste; 0.001980166431167163
anderen; 0.0018500547885196283
gemütlich; 0.0018340049879043362
robust; 0.0018042292111204005
Eiche; 0.0017512739432277158
zieht; 0.0016275778049021027
bequeme; 0.0015930817407934228
Einen; 0.0015271754033165052
Dank; 0.0014919103683496359
verstaut; 0.001468233081686776
einmal; 0.001464546361239627
ihren; 0.0014431018513278103
viel; 0.0014150021088426001
Somit; 0.001339602391817607
Highlight; 0.0013256866288429592
komfortables; 0.0013234302132332232
spontane; 0.0013203718775912422
welche; 0.001310754545920645
Matratzen; 0.0013082219589144017
wunderbar; 0.0013080758889827849
Wohnlandschaft; 0.0012825890311432887
Option; 0.0012796049832104472
durchgehenden; 0.0012652309145778418
Rücken; 0.0012613620124284353
Gewicht; 0.001260819109302247
zeitlose; 0.0012460988946259022
möglich; 0.0012302824695325399
Stil; 0.0012281186223844997
bezogen; 0.0012104993471439228
hoher; 0.0012068956515577157
Belastbarkeit; 0.0011723375530891644
130; 0.0011684210967359832
Möbelstück; 0.0011624085080256918
Stauraumbett; 0.0011156604669849911
88; 0.0011059176815251704
unserem; 0.0010913253939179412
nie; 0.0010772777168313041
gleich; 0.0010684247223252895
ganze; 0.0010648340627085417
bringt; 0.0010547012483584695
Hier; 0.0010519167592974554
Entspannen; 0.0010486450438747853
Kopf-; 0.001036724428558955
stilvolle; 0.0010292620130940122
62; 0.0010268577872011519
TACOMA; 0.0010230181751467171
Rücken-; 0.0010142735592125972
