Wort; Durchschnittlicher Wert
Zweisitzer; 0.06282242431188934
152; 0.06008056183927692
grauem; 0.05868918050546199
192; 0.05773380756145343
QUEEN; 0.05445846046786755
Schlafplatz; 0.05218025183712598
Dekor; 0.05215698576212162
17; 0.050743969903851396
sind.Drucken; 0.05056761180749163
verhindert; 0.049611471290700135
GENEVE; 0.04736185544606997
empfehlen; 0.046562538878060875
Schnellverschlussventil; 0.046139895438682285
grauen; 0.04489402518956922
zusammen; 0.04466479674883885
Bonellfederkernmatratze; 0.04425959812942892
Sitzgefühl.Erweitern; 0.044134201167616995
Stellen; 0.043583356321323666
feines; 0.04297331297129858
Einzelbett; 0.042699289554730055
11,5; 0.04206048333144281
Gästezimmer; 0.04196635987900663
203; 0.04167916513251839
MARS; 0.04103784617036581
OUTDOOR; 0.040732237801421434
Einlasstiefe; 0.040614856965839864
hautfreundliche; 0.04059410530608147
Beinen; 0.04032051743852207
SIMON; 0.04023926924564876
73,4; 0.0399813535856083
ungewolltes; 0.039797054522205146
derselben; 0.03962503914626723
Bettlade; 0.03957072665798478
zeitloser; 0.039299909136025234
Einrichtungsstile; 0.03906661743106952
gradlinigen; 0.038854421151336284
Schaumstoffpolster; 0.03883832191349938
Zwei; 0.038830044085625556
81; 0.03849136602075305
HinweisBitte; 0.0383930101437727
geschickt; 0.03838068750774255
exklusiv; 0.038255259569268674
Grau; 0.03745304447802482
ein.Mit; 0.03735006958304439
Runden; 0.03691588896326721
Praktisches; 0.036811096494784576
295; 0.03674634745111689
Senfgelb; 0.03662196933291852
Bild; 0.036586378468200564
Räumen; 0.036563461341120276
