Wort; Durchschnittlicher Wert
64; 0.03483037624391727
eindrucksvolles; 0.03462418708077166
107; 0.03446528512577061
Querschläfer; 0.0328856729745894
20; 0.03238444891358085
Kg; 0.03230990270967595
Rosa; 0.03191856772536994
Kilogramm; 0.031866073251876514
Komfortschaum; 0.030858160766365474
Pölstern; 0.0306410549354041
prakitscherweise; 0.0299392873828765
verloren; 0.029843126705964097
Maschine; 0.029399084048054646
69; 0.029322448593302398
angenehmem; 0.02888205402996391
LIVETASTIC; 0.028554153606819455
147; 0.028473077426315285
edel; 0.02841809278470464
Bordsteinkante.Die; 0.028323384945542783
Braun; 0.028255557439115363
gehen; 0.028165538140456192
besitzt; 0.027918739550659665
harmonisches; 0.027905062717036345
braune; 0.027768352995917667
Raum-; 0.027727775246603414
53; 0.02772363139083609
197; 0.02758926699316362
ausladender; 0.02720656375895487
Kopfteil-; 0.02714237868785858
Zugabe; 0.026998862931213806
Federkern; 0.026407300452774507
Dunkelblau; 0.0261700167611707
Buchenholz; 0.02589960514395102
220; 0.02588952897422132
geöltem; 0.025801545006470406
gesteppten; 0.02565437641351309
raumsparende; 0.025614807494275738
231; 0.02559429141692817
Hand; 0.025448998044885228
Wand-Klappbett; 0.025416113188839518
toller; 0.025408239640819376
45; 0.025238513846124987
wird.Paketspezifische; 0.025036737029222423
Zusätzlichen; 0.02500668181965011
Wandgestaltung; 0.02499482072162209
passt.Weich; 0.02495820317126345
ist.Mit; 0.02494546354355407
Reich; 0.024895665762596764
MATTO; 0.02461458766047144
Reißverschluss; 0.024475670886749866
