Wort; Durchschnittlicher Wert
MID.YOU; 0.02061042668792652
ins; 0.016666298152995297
Somit; 0.016452208063128637
bringt; 0.016334513589390552
Maﬂen; 0.016181837368640116
G‰stezimmer; 0.01548501947108889
bezogen; 0.015442337817330554
moderner; 0.015191428082471248
40; 0.014984800824458943
anderen; 0.014761785784503444
robust; 0.01443970711698057
MontageanleitungHinweisDieser; 0.014374918004978098
gleichnamigen; 0.0143693150501349
Stil; 0.014097989416768542
ihren; 0.014002469430852215
Kopf-; 0.01380725706139856
Matratzen; 0.013451475272775326
maximale; 0.013393572748464066
Wohnung; 0.013367018529970664
Schickes; 0.013032482574635651
passenden; 0.01296355999656953
Dekor; 0.01295695891858486
Wenn; 0.012896848688978935
Raum; 0.012832497488852823
praktisches; 0.01271312369935913
Eiche; 0.012547171152255033
schlichten; 0.012405319008394144
besitzt; 0.012320728659324232
durchgehenden; 0.01217766852296336
optimale; 0.012060438049957156
Fernbedienung; 0.011953720849123783
ihr; 0.01184750856300525
Webstoff; 0.011617229699186282
perfekte; 0.011582736403579475
seinen; 0.011514655297651189
Ihrer; 0.011464324851476703
Tonnentaschenfederkern; 0.01145532848345283
modernen; 0.011369925417966442
90; 0.011353873697953532
je; 0.01129837174230488
20; 0.011242124196724036
Kinderzimmer; 0.01119783230315079
nach; 0.011151745199094875
nie; 0.011151332196459408
Topper; 0.011124972964898916
6; 0.011022358138870914
Highlight; 0.010756546896664077
Onlineshop; 0.010717939204187132
Morgen; 0.010539827093816711
schlafen; 0.010426421341480818
