Wort; Durchschnittlicher Wert
eindrucksvolles; 0.01281435212586075
prakitscherweise; 0.01160101731074974
53; 0.011349074181634933
verloren; 0.01077419026842108
angenehmem; 0.010621946346509504
107; 0.010491074543097056
64; 0.01013988080449053
FLORA; 0.008876952940772754
passt.Weich; 0.008530711741332197
AREZZA; 0.00848434365761932
Reich; 0.00848333315734635
LAGOS; 0.008293731200683396
harmonisches; 0.008051238883490441
braune; 0.008040823962801369
BELLA; 0.007949706613726449
Dunkelblau; 0.007820682697274605
Halt; 0.007747385081165703
Kopfteil-; 0.0077174914564238865
REGI; 0.007622743506726692
Kg; 0.007583987338875886
28cm; 0.007454320199394715
gehen; 0.007395499006088357
spontaner; 0.007157544072106248
Komfortschaum; 0.007149547284643632
197; 0.007037068168574479
variieren; 0.006975162312301109
Gasdruckfeder; 0.006820682009856682
Tagesdecken; 0.006642449801438488
schlammfarbene; 0.006619385106750997
Querschläfer; 0.006618581650036504
XL; 0.006615991426224354
147; 0.00661296602083894
NORWICH; 0.0066086735252611105
52; 0.0065558300389966465
Kautschukholz; 0.006518913949321359
Gäste.Eine; 0.006499055585663882
69; 0.006468757053335139
überzeugende; 0.006451732434652513
bezogenem; 0.006414440248045139
PERUGIA; 0.006355191155307693
Körpergewicht; 0.006315824596458697
231; 0.006304215820273384
Liegevergnügen; 0.006236014404930756
Rosa; 0.0061425628220604265
Stütze; 0.00611104527288262
erhältlich.Dieses; 0.006108456628862768
raumsparende; 0.006058717279302073
hölzernen; 0.006029052742997009
ausladender; 0.005978938449334237
Personen.Die; 0.005966738783899928
