Wort; Durchschnittlicher Wert
Farbkombination; 0.020349404740954924
75; 0.02013569508198998
TWIN; 0.02003854793656501
kompakten; 0.019767243658861844
SILVIA; 0.019739464390568173
Erweitern; 0.019021742080781223
Klasse; 0.018882180063883425
Dekor; 0.018665594896447146
Kuscheln.Und; 0.018543670670624124
Möbelix.HinweisBitte; 0.017424718313122867
verschiedenen; 0.017418941303731117
AusstattungLattenrost; 0.01670595493288829
zieht; 0.016705276339052944
OUTDOOR; 0.01666790847593802
Sitzgelegenheit; 0.01646723503654357
spiegelverkehrten; 0.016440141437442435
mitgelieferte; 0.016284289578720745
flexibles; 0.016237002944762935
immer; 0.016097273886316543
keilgezinkten; 0.016077194464742206
Innen-; 0.016034166414328865
zweckmäßig; 0.01581010964946472
geschickte; 0.015467971201928776
aktuellen; 0.01545142478789785
flexibel; 0.015438479847944109
Beim; 0.015281319996574894
einkuscheln; 0.015205778706558704
Futonbett; 0.01510152886726246
aufgeblasen; 0.014842896120171645
ergibt; 0.014799953747569816
Wohlfühlinsel; 0.014783564025947271
Jahre; 0.014678527448268142
Schwebetürenschrank; 0.014633844708214383
hautfreundliche; 0.01462605745109613
ungewolltes; 0.014621753874962451
Fernsehzimmer; 0.014555068982190278
präsentiert; 0.014532769190282124
zeichnet; 0.014531822139360884
66; 0.014470968391151473
3in1-Kompressionssack; 0.014389977619430283
dezente; 0.014236738245017477
wenigen; 0.014224992886738619
graue; 0.014223683465388604
Wotan; 0.014188901393936248
schickes; 0.014109370302321622
Reise; 0.014015073769769515
umgeklappt; 0.013809911648422712
Bettlade; 0.013802433046294027
Extraklasse; 0.01374200903410383
seine; 0.013717759586143075
