Wort; Durchschnittlicher Wert
Weiß; 0.033736372392741035
120; 0.027605887890968007
Gäste; 0.025456245786335784
Stauraum; 0.022354227874893697
Schlaf; 0.021866314778162633
gepolstertem; 0.02174536661768798
96; 0.021244806938921102
zeitlosen; 0.0208203275615233
viele; 0.020750122627941892
Korpus; 0.0205853116029175
Hellgrau; 0.020334495455608705
verstellbar; 0.015935458957756055
Mikrofaser; 0.01425231426837854
inkl; 0.01395203443025821
gepolstertes; 0.013307662797160447
Polyester; 0.01325582058270811
Blick; 0.013047664417535998
Wahl; 0.012848541831772309
Lederlook; 0.011551417267037322
Bezug; 0.010482967497955542
So; 0.009717617477144813
90; 0.009193547426366421
Kopf-; 0.00865033755544573
T; 0.006465305512665509
MontageanleitungHinweisDieser; 0.006419584040122573
bequemen; 0.00516279233052046
bezogen; 0.004752966254454804
dieses; 0.004068226121671614
212; 0.0034980372783138592
schöne; 0.0032001625237171537
diesem; 0.00310848736025946
nützliche; 0.0030671781805722276
rund; 0.002902812915908726
Filialen; 0.0028896244028146613
wählen; 0.0028307713781032364
vor; 0.002781936810424668
Polsterbett; 0.00277986255750875
durchdachte; 0.0027512959382875123
Mikrofaser-Bezug; 0.0027042485166020925
sein; 0.0026908164250926347
Optisch; 0.0026830446746316738
Möbelstück; 0.0026646297024853992
des; 0.002654301833172212
ebenso; 0.0026450273151567673
Kopfteil; 0.002620371732336935
machen; 0.0026029065198827084
entscheiden; 0.002561274330855667
maximalen; 0.0025183438919725632
passt; 0.002512554142776935
Schlafzimmer; 0.002502895983889175
