Wort; Durchschnittlicher Wert
Einrichtung; 0.04038681903111865
Dauerschläfer; 0.03819661179531977
misst; 0.03760283358788001
Boxspringsofa; 0.03744579202430032
Farbton; 0.036272954913874854
202; 0.035775779702998986
erweitern; 0.03564276355559741
außergewöhnlichen; 0.03524175327584089
Schwarz.Die; 0.03492817933756669
Möbelstücke; 0.03478631266480079
90; 0.034318187875396686
226; 0.033609496471035526
formschönen; 0.03360421113538905
Ablageflächen; 0.03353529281739611
Ordnung; 0.03342983341772197
214Gesamtbreite; 0.03330659350722272
möchte; 0.03317729144910118
Rollroste; 0.03317645631614141
schlichten; 0.03251204843518281
Doppelte; 0.03247601971015683
Schlammfarbe; 0.03240425641015463
101; 0.032325209331702354
Federkern-Polsterung; 0.03228703714103176
Matratzenhöhe; 0.03216377642293082
verstauen.Dieses; 0.032143104353053786
Sonoma; 0.03204382609183085
überzeugen; 0.03201854264298163
Sitzkomfort.Ein; 0.031967631653969875
Ausziehbett; 0.0317832256319889
321; 0.03164400637688232
Kiefer; 0.03155617563443229
türkisem; 0.03146993521877448
Tagsüber; 0.031450515712458584
96; 0.03134636496652092
verziert; 0.03131735069655406
Matratzenfixierung; 0.031247614470339614
360; 0.03118856259425229
Silber; 0.030958879811078078
Federkern-Innenleben; 0.03078940665945993
später; 0.030746411175277898
Schönes; 0.030527408960006143
umfunktionieren; 0.030526885594372288
hervorragend; 0.030361595426802522
machen.Mit; 0.03022199391234608
Relaxen; 0.030208807301460184
Lounge; 0.030036560055668814
erweist; 0.03000888713504537
Anthrazit-Grau; 0.029894537190739357
werden.Die; 0.02984139964220276
jedes; 0.029823479222977768
