Wort; Durchschnittlicher Wert
120; 0.028015319273407613
gefertigte; 0.014057165336089384
gepolsterte; 0.013932516909153491
sieht; 0.013899428255081147
Korpus; 0.013343973711380385
viele; 0.0132912539958852
Hellgrau; 0.012927822267465671
Stauraum; 0.012839331623682426
96; 0.012809228366677416
optisch; 0.011621587946115142
zeitlosen; 0.011420235768309795
gepolstertem; 0.010945359543779887
komfortable; 0.010130718198615796
bequemes; 0.00987544784743477
vor; 0.009632356385918684
Lösung; 0.008935088886482844
großzügigen; 0.008810003751750627
Qualität; 0.008726010246937222
Jugendzimmer; 0.008699647016783274
Wohnbereich; 0.008570712145683501
210; 0.008353429519274869
Wohnzimmer; 0.008208987487705599
diese; 0.008124461296938534
hohen; 0.0076738118357752684
Wahl; 0.007352696770067268
Ausgestattet; 0.007096310429005825
Lederlook; 0.0065981706209640835
machen; 0.0065900494048037215
Komfort; 0.006238085920267622
vielen; 0.0061419671539624686
bequemen; 0.005989025233247958
Fußhöhe; 0.005677357816193762
Farbkombination; 0.005669492491233541
35; 0.005437842750416167
jede; 0.005416263880761107
Linien; 0.00519850997229696
verspricht; 0.0051306298859572054
wirkt; 0.005029473210265678
besten; 0.0047228209707100175
angenehmes; 0.00471820940147154
erholsame; 0.004685546078781045
dabei; 0.004671212009418469
Ihren; 0.004631422780221328
echten; 0.004233687791020202
kombinieren; 0.004143287104693627
allem; 0.004070338610506497
höchste; 0.0040344547735912785
100; 0.0038650408644116396
15; 0.0038225554501877925
klaren; 0.0037838499461940955
