Wort; Durchschnittlicher Wert
Einrichtung; 0.042563975837583715
Dauerschläfer; 0.041780088638188315
Schwarz.Die; 0.041743252595188095
misst; 0.03896518639521673
Ordnung; 0.03895445896778256
40; 0.03794354839483276
Farbton; 0.037496589682632475
Relaxen; 0.037129345237917735
möchte; 0.036793012177804486
erweitern; 0.03660859447845723
werden.Die; 0.03584917933330871
Möbelstücke; 0.03573444982757792
Sitzkomfort.Ein; 0.03555733212851919
edlem; 0.03538011513010133
weiter; 0.035293937023743636
101; 0.03518626876466442
verstauen.Dieses; 0.03491060393862426
321; 0.033851852861698714
Wände; 0.033616948072449304
Boxspringsofa; 0.03346287421372836
mitten; 0.033454682445153594
Rollroste; 0.03335134834169366
liebsten; 0.0330845640914049
202; 0.03305561568995472
Bordsteinkante.Paketspezifische; 0.03299896867829375
Greige; 0.03298750972680864
genutzt; 0.03294165360493935
verräumen; 0.03272531856800924
Eyecatcher; 0.03259373612672789
machen.Mit; 0.03232351082842797
angekündigt; 0.03217901705356781
Stil; 0.032177614097236074
wachen; 0.0321576803959033
Kiefer; 0.031899711146797925
Beige; 0.031879231763014104
Wangenform; 0.03184030898664787
360; 0.031817893983679825
240; 0.03174012164527085
Schlafgemach; 0.03163023589804652
Sonoma; 0.031587276948994256
Lattenroste; 0.0314790273521794
Matratzenfixierung; 0.031298905503354034
Lounge; 0.03125819648994366
schöne; 0.031157154229003937
elegante; 0.03115455188526539
fürs; 0.031041430015466175
Matratzenhöhe; 0.03103516591072548
möchten; 0.031031166380853393
damit; 0.03092252827627817
rechts; 0.030854075390379876
