Wort; Durchschnittlicher Wert
verstaut; 0.0259362498534756
4; 0.024670116131892426
gemütliche; 0.024523883109213784
188; 0.02382176053870353
äußerst; 0.023388787877320284
185; 0.022641771292546763
anbieten; 0.021690191901871003
ganze; 0.021459651348413898
Ob; 0.020453289811848664
Übernachtungsgäste; 0.020365719818801153
Auch; 0.019577846682659585
sechs; 0.019397887993545738
Schlafen; 0.018800040855421685
spontane; 0.018494867874687772
echter; 0.018316247766051674
So; 0.01766124934438267
flexibel; 0.017612978875331465
viel; 0.017524673199659446
Diese; 0.017369057012547272
gerne; 0.0172439516914892
jederzeit; 0.017218517310720927
setzt; 0.017027791777582024
gemütliches; 0.017018992787052413
was; 0.017013477336877258
Einen; 0.016973706500721164
Edles; 0.016908898157998918
erhalten; 0.01685888404972502
Nu; 0.016657903416489716
edlen; 0.016465783900821408
pflegeleicht; 0.016448030303581617
lässt; 0.016087076303665526
genügend; 0.01608094482089655
integriert; 0.01602680323012464
moderne; 0.01593220406321052
komfortables; 0.01590130971817416
Entspannen; 0.015505044457495388
Neben; 0.015344759117579088
bieten; 0.015196003951223247
Stabilität; 0.015078124372121238
modern; 0.015017481578979641
breite; 0.01496224568982143
graue; 0.014888904156759964
Dank; 0.014839094001217745
95; 0.014834720132114398
angenehmen; 0.014757896602532128
stehen; 0.01470860379122314
übrigens; 0.014705658009916078
Akzente; 0.014682440711476374
beträgt; 0.014675402465218212
Durch; 0.01426184234169341
