Wort; Durchschnittlicher Wert
Luftbett; 0.057650275346532
Dekor; 0.055633235978893934
BESTWAY; 0.05151044151716633
97; 0.0498706710539409
Pumpe; 0.04778308943714364
84; 0.04761755215367884
sind.Drucken; 0.047381018888336256
Zweisitzer; 0.04673475720774149
Bettlade; 0.04458251075993758
HinweisBitte; 0.04111233330186224
beflockte; 0.03919890379111166
Wotan; 0.03908487004882773
empfehlen; 0.03904455018637236
Minuten; 0.0390128430131881
Rollrost; 0.03864162907120772
17; 0.03821957395994104
funktional; 0.03807290480544907
AIRBED; 0.03736044480974669
unterwegs; 0.035976117564860036
MARS; 0.035917033572332
schlichtem; 0.03540061141065962
mitgelieferten; 0.035220449941334664
Bonellfederkernmatratze; 0.035150470526423304
QUEEN; 0.03489655177982058
Einzelbett; 0.03478600110975094
werden.HinweisBitte; 0.03467692016856745
Einlasstiefe; 0.03466488700651098
Stellen; 0.03466380145982839
Sitzgefühl.Erweitern; 0.03443656459276099
CAROLINA; 0.034116625096066854
Zwei; 0.033600007262430155
eignet; 0.033417745034967083
Modernes; 0.0334163399848876
zeitloser; 0.03334747326152865
73,4; 0.03332211486413143
GENEVE; 0.033305739884963256
Edelstahl; 0.03322972796158865
152; 0.0332141525199404
Räumen; 0.0330891399524262
elektrischen; 0.03306703135313001
Gästezimmer; 0.032928323965461456
192; 0.03283697413280606
grauem; 0.03258281184535008
LED-Beleuchtung; 0.032502576608385424
Jugendzimmer; 0.03220212272717617
modischen; 0.03218977791111684
Stoffbezug; 0.03210168887744658
11,5; 0.03209686850314029
145; 0.03197764350334183
funktionelles; 0.031976483689504676
