Wort; Durchschnittlicher Wert
hölzernen; 0.10415126103907824
royales; 0.087800930486992
mittelfester; 0.07968670967966318
schlanken; 0.07880937017034739
mittelfesten; 0.07792347064241767
entführen; 0.07302146474830806
einrichtungselements; 0.0721088164136745
vintage; 0.07114511309191585
erstens; 0.06857278384268284
dunklem; 0.06820659223012626
visocschaum; 0.06667269114404917
bonellfederkernmatraze; 0.06555848219431937
welt; 0.06354017509147525
höhenverstellbares; 0.0628817908000201
sternen; 0.06222388683818281
reich; 0.0614041390363127
liegevergnügen; 0.06100535509176552
krönenden; 0.06050553033128381
tagesgeschehen; 0.059425249841297045
entspannendes; 0.0579625217942521
maschine; 0.057836872758343816
angenehmeres; 0.0576236885972321
nadja; 0.05634501646272838
zukünftig; 0.05599807435646653
taschenfederkernmatraze; 0.055751474341377616
ribera; 0.05542548606172204
eichefarbenen; 0.0553779439869686
verregneten; 0.05461961391847581
gestützte; 0.05449581705033779
arme; 0.05444652144797146
himmel; 0.054098673863336444
grazilen; 0.0539162727072835
angenehmem; 0.05342057812958956
blitzschnell; 0.05201900029715034
gründe; 0.0519229267956689
liegefunktion; 0.05176087003201246
bettkästendas; 0.05128980550216511
boxspringbettes; 0.05068952361034462
behaglichen; 0.05018775376083795
kind; 0.049661849320727924
herausziehen; 0.04878500540507957
rosa; 0.04874982264891514
dreistufige; 0.04806426854338497
erleichtern; 0.04787496221251786
satt; 0.04764294985216111
lieblingsbuch; 0.04759551378083415
viscoschaum; 0.046993137686513364
lenkt; 0.04696764063555747
abklappbaren; 0.046301961643621325
tüll; 0.046064966823905706
