Wort; Durchschnittlicher Wert
maine; 0.07939113862812519
welt; 0.07459510676562786
regi; 0.07242146821226925
sternen; 0.06741646766022313
royales; 0.06628511645976687
jonna; 0.06088760355487466
lino; 0.06084573826410633
einsatz; 0.06052632938371971
nadine; 0.059609868680126965
schlaffunktionbettkastenarmteilverstellungwellenunterfederungkopfteilverstellungsitztiefenverstellunginkl; 0.05580168485175818
davon; 0.05496391232009046
handhabung; 0.05493620948982425
himmel; 0.054481050436152145
wohnideen; 0.053716002588771516
rundfüßen; 0.053089145170815755
kindes; 0.05270055834989762
heimkino; 0.051835342397680506
dunklem; 0.05162789887981489
dora; 0.05127610603813082
rastenverstellung; 0.050297232635784894
dunkelgraues; 0.049367322339094244
letzte; 0.04914315853420703
hölzernen; 0.04894699779106304
schlummert; 0.047957709757611156
neinhinweisdieser; 0.04724149248795584
starke; 0.04656214109854773
brunello; 0.046445578496786766
mitbringt; 0.0463542166253319
lenkt; 0.0460759443230927
aufgebaut; 0.04587501628702739
kanten; 0.04565644820104353
sitzvergnügen; 0.04552769516885746
tiffy; 0.04546529904473573
taschenfederkernmatratzegönnen; 0.045286988897714764
tagesgeschehen; 0.044513430635561235
erholsamer; 0.04371878538222518
märchen; 0.04363182547967881
solide; 0.0435872441958054
fräsungen; 0.043359350456739776
ausschließlich; 0.04250647701701382
spielzeug; 0.04237257834756747
verstellbarkeit; 0.042297689942643046
raumsparende; 0.041819192992988974
geschlafen; 0.041523040519678034
authentischen; 0.04143782595929224
ausladender; 0.041138197848340496
paradebeispiel; 0.04097670532792108
gewünschte; 0.040755679132416844
optimales; 0.04074775868502911
rindleder; 0.040646523077157326
