Wort; Durchschnittlicher Wert
accessoires; 0.08272228651912883
sonntag; 0.07067324649324291
laufen; 0.0686801060801372
duos; 0.06859320608782582
manuela; 0.06654739391524345
frische; 0.06493057547777425
unterzustellen; 0.06358533265301958
landhaus; 0.06300920859212056
flachen; 0.06298844097182155
neutral; 0.06230855931062251
charakter; 0.061951101757586
bert; 0.0611597019887995
lieferunglieferhinweislieferung; 0.06000066449632868
gem; 0.059641703293891624
räkeln; 0.059249785568681546
paketgewicht; 0.057279499917058274
schutz; 0.05615669093094766
alter; 0.0561309942859225
montageanleitungdrucken; 0.05402502039214596
elias; 0.05400552255741786
bastelmaterialien; 0.05374757735864932
künftig; 0.0533839809068013
ruhepool; 0.051370329107157886
märchen; 0.050977029954083264
informationenpaketgröße; 0.05042294249869883
produkt; 0.05016420007450506
hinweislieferung; 0.05010252847569063
kghinweisdieser; 0.04939401030424051
nina; 0.049372464542102534
positioniert; 0.04924804755137302
serien; 0.04821697113357004
griffbereite; 0.04798950770054944
stapelbett; 0.047893738621496595
kinderbett; 0.04770205629938573
einrichtungsstückes; 0.04696093042366556
freundlichen; 0.04687232512515038
schlafambiente; 0.04677268804516643
ablageflächen; 0.0456037093535997
en; 0.04533914892090252
verdankt; 0.04514416272286326
unbestechlich; 0.04514035428292118
behaglich; 0.044703720370307565
rustikaler; 0.044279258625465445
vilmar; 0.04424224173271796
neigungswinkel; 0.04414410423487425
echtes; 0.043831749571836554
kuschelort; 0.04371739668567898
zierliche; 0.04335598717443645
schaumstoffpolstern; 0.04324016743339598
zustellung; 0.04307029186747968
