Wort; Durchschnittlicher Wert
angenehmeres; 0.12650068942457438
reich; 0.12556123360991478
vintage; 0.12498045526444912
taschenfederkernmatratzegönnen; 0.11488928925246
entführen; 0.11390101909637451
bettenbreite; 0.11303756944835186
laufen; 0.11113496497273445
unvergleichlich; 0.1101337680593133
durchgehendes; 0.10816166643053293
darin; 0.10783989634364843
anthrazitfarbenes; 0.10467463498935103
maserungen; 0.10400454606860876
gilt; 0.10319686494767666
suite; 0.10113190347328782
bonellfederkernmatraze; 0.10093109717126936
unterzustellen; 0.10055758617818356
bietende; 0.10038031172007322
duos; 0.10034006740897894
serien; 0.09882950037717819
herausziehen; 0.0980623010545969
kontinentalmatrazedas; 0.09652333240956068
passgenaue; 0.0963074960745871
einrichtungsergänzung; 0.09443668182939291
hautnah; 0.0943595115095377
himmel; 0.09284593164920807
platzbedarf; 0.09250984992831945
eindrucksvolles; 0.09143888019025326
perugia; 0.09049589466303587
ergebnis; 0.08864542003720999
mittelfesten; 0.08840935956686735
kostbares; 0.08806244097650051
luxuriöser; 0.0873968512751162
organische; 0.08687528409063816
farbtöne; 0.0858703600242734
dicken; 0.08576602768152952
hölzernen; 0.08531755488365889
futonbetten; 0.0852969205006957
freut; 0.08490681275725365
kontinentalmatratzedas; 0.08397521520964801
wohnzimmerje; 0.08363009709864855
taschenfederkernmatraze; 0.08309981692582369
absoluten; 0.0827205153182149
zierliche; 0.08242026250809431
waldgrünem; 0.0821048086763767
teenager; 0.0815098462626338
abrundet; 0.08059870125725865
maschine; 0.07967544527491555
mittelfester; 0.0792769342660904
entsprechen; 0.07800431363284588
samtoberstoff; 0.07595495553687215
