Wort; Durchschnittlicher Wert
unterbringen; 0.023328129049332347
paketgewicht; 0.021587450515198725
outdoor; 0.020187578859577116
abgebildete; 0.019255880843047635
leichter; 0.019129707080310254
zusätzliches; 0.018784862420488935
gehobenen; 0.018642178035406687
sachen; 0.01798996041418377
edlen; 0.01794588892835236
standfüße; 0.01784917014765597
egal; 0.017739341487867932
überraschende; 0.01762936074192112
surf; 0.017584192335561966
pulverbeschichtetem; 0.01704553075342119
zurück; 0.016728104431422253
holz; 0.01669471749846707
UNK; 0.016561010685109068
vermeintliche; 0.016460960133372282
entspannte; 0.016420397338151815
rahmens; 0.016336220693119685
belieben; 0.01630714187376725
mehr; 0.016242460797002423
dichtet; 0.01618881056583632
vielseitigen; 0.01585765096660907
polyesterfüllung; 0.015795814568264177
nardo; 0.015631655152901658
verriegelnde; 0.015501850131386163
beeren; 0.015487124488117843
dunkelgrau; 0.015483604662222206
kiefernholz; 0.015389428019261686
praktisches; 0.015365481624940003
saba; 0.015112414173017896
flexibilität; 0.015076247123943176
britischer; 0.015033342811875627
verhindert; 0.014943205461349862
bett; 0.014743635216291295
natürlicher; 0.014560978058398177
rita; 0.014486630115953858
shop; 0.014472355674342907
bezüge; 0.014394841408829961
reparaturflicken; 0.014377596680787974
freundlichem; 0.014366555913511547
hampton; 0.014329053239634959
schnell; 0.014259312501962995
gefertigte; 0.014226492215698272
robustes; 0.014156448086339424
modernes; 0.014054016410540271
einrichtungsstile; 0.014038293295016047
abnehmbaren; 0.01400590917091904
überzeugende; 0.013856954439688707
