Wort; Durchschnittlicher Wert
goldfarbenen; 0.06352387597871711
polyurethanschaumkern; 0.06019172049127519
angebracht; 0.057564960115996655
montageanleitunghinweisbitte; 0.05389371767978446
platzsparende; 0.05385202535399003
klassische; 0.05308952834457159
mercura; 0.05304353030351194
vielfältig; 0.052657251711934805
abgesetzten; 0.051926741754869
azurro; 0.05174360767705366
ebenso; 0.05168100504670292
arbeits; 0.05152406691922806
boxspring; 0.051485172036336735
vollbringt; 0.051037610275670886
struktur; 0.050814625058592355
zudem; 0.050813088193535805
hierbei; 0.05074860898821498
verstellbare; 0.05068983050296083
samtbezug; 0.050505859064287506
rollrost; 0.04991171648725867
kuscheln; 0.049786999239586294
silberfarbenem; 0.04911662033555331
herausragende; 0.0488133238395676
bemessenen; 0.04873181528819259
dennoch; 0.048529177671298385
ungefähr; 0.04831219569314271
englischen; 0.04757362312011537
onlineshop; 0.04684757417999208
monaco; 0.04676721716532484
waschmaschine; 0.0462798624066636
gereinigt; 0.04623609181817301
erwarten; 0.04614808199403342
entspannt; 0.04546436853706837
lust; 0.0454272145871073
weiche; 0.04523345304187387
begeistert; 0.0451166748534888
kunstleder; 0.0449964533909224
kautschukholz; 0.04482551323599182
gehört; 0.044801742158597335
selber; 0.04458725548465736
kein; 0.04439721564995125
dekoelemente; 0.043798207809231826
polyurethanschaumkerns; 0.04362854082137346
repräsentativen; 0.043591540517809335
abnehmbar; 0.04355723923072219
nichtgebrauch; 0.04343339428305626
lattenrost; 0.0434277599597408
wecker; 0.04332291568789515
sitzposition; 0.04331849468871951
jugendzimmern; 0.0432931671384722
