Wort; Durchschnittlicher Wert
versehen; 0.02282607115284918
sie; 0.020341079851277755
integrierte; 0.019442064194052477
höchsten; 0.018314625680432073
motorischer; 0.0180448694613915
energiereserven; 0.017871450342681783
bereit; 0.01749989428299159
komfortschaum; 0.0174449201100515
anthrazitmaterial; 0.017204972241415817
persönlichem; 0.016930678106291452
rückenpölstern; 0.016821973127662204
eignen; 0.016771639071066602
designliegefläche; 0.016744899568038818
velours; 0.016445276625290717
wieso; 0.016270229228211974
abend; 0.016172851961982815
fester; 0.01606185943728633
erhält; 0.016061524123188065
eichefarbene; 0.01603693706897502
eines; 0.015868202282717903
kissen; 0.015811630490816242
mal; 0.01574420008000743
unterschiedlichsten; 0.015588731925618049
besucher; 0.015395813668419578
karomuster; 0.015236004481266718
beliebt; 0.01518787376085129
puristisches; 0.015028487933534507
fläche; 0.014921000413323782
alma; 0.014867697705085448
leichtes; 0.014796486183314528
hohem; 0.014781001607843791
laptop; 0.014677358461312906
über; 0.014388842430435034
beigefarbene; 0.014377929784131993
bringt; 0.01436962395973751
schnörkellos; 0.014339046484565188
hohen; 0.014335641482830397
genutzt; 0.014308083184914722
decken; 0.014271430376936678
ottomane; 0.014200657756191504
viola; 0.014132392340002298
reichweite; 0.014107005632922665
zufall; 0.014043844585103216
universalrollen; 0.013996953983905769
verona; 0.013779458436601999
besonderer; 0.01372160058758709
umfasst; 0.013706170403679607
höchster; 0.013704464342254141
bettkästen; 0.013662524977462454
dachschräge; 0.013509594384345291
