Wort; Durchschnittlicher Wert
hinweisbitte; 0.08761015708732885
schwarze; 0.07505932149651925
kategorienwohntextilienvorhängestehleuchtenwohnzimmertischedrucken; 0.07218421704601496
grauen; 0.07145822920865612
anthrazit; 0.07055449309700634
luftbett; 0.06676963110585347
fernsehsessel; 0.06400117951998255
erweitern; 0.06374943819682813
eignet; 0.06338688526593614
bestway; 0.06305740064781276
interessante; 0.061675788508728145
weitere; 0.06139705812383909
feines; 0.05897678091932903
zweisitzer; 0.058638596050150225
praktisches; 0.05838893190666568
pumpe; 0.058108287661889337
sitzgelegenheit; 0.05749125472502783
schlafplatz; 0.0569862928983639
dekor; 0.05650753058034752
senfgelb; 0.05641694615187589
massiver; 0.05617058798234211
zusammen; 0.05609084647876443
grauton; 0.05586621774709784
empfehlen; 0.05538111311252578
jugendzimmer; 0.055273968835535925
ombra; 0.05499471368821105
geneve; 0.05494721930153901
verbreitet; 0.05469048706872855
minuten; 0.054366177080373744
beflockte; 0.054067314303756574
person; 0.05391815991461044
nichtgebrauch; 0.05389468639332336
einzelbett; 0.053645973893799236
boxspringsofa; 0.053547779460495805
somit; 0.053534516195941254
liegekomfort; 0.05346591510315193
bessoni; 0.05315120352897793
unterbringen; 0.05239400667524023
kategorienschlaftextiliennachtkästchenkleiderschränkekomplette; 0.05219865698745707
teilige; 0.05211166047520237
tollem; 0.0521040025545517
wotan; 0.052099875538260676
grauem; 0.05182060596998781
bettlade; 0.05142992917099036
hautfreundliche; 0.051277976138226225
vielseitig; 0.05119477602420375
luca; 0.051143088665412506
zeitloser; 0.05062789001240162
mitgeliefert; 0.05055895075784065
komfortables; 0.050505494235403604
