Wort; Durchschnittlicher Wert
hinweis; 0.08438680808758363
buchenholz; 0.08397847118903883
linien; 0.08044518146198243
paketspezifische; 0.07765890819719061
diejenige; 0.07751874562818557
paketgewicht; 0.07677530311630107
maximale; 0.07666804733453318
thomas; 0.07618967003681973
zustellung; 0.07616626594390255
tipp; 0.07556558932410554
bordsteinkante; 0.07547534087789246
pölstern; 0.07508384775137529
zugabe; 0.07416743083740585
spediteur; 0.07407637753058224
lackiertem; 0.07390172684099525
kghinweisdieser; 0.07342327024816768
liefertermins; 0.07334372075856663
hellbraun; 0.07327147999603767
informationenpaketgröße; 0.07293315024580807
belastbarkeit; 0.07188145344844088
vereinbarung; 0.07182829941157251
robuste; 0.07141427519381978
kontaktieren; 0.07101448907342274
verspricht; 0.0698734646604862
rollroste; 0.06928643776336685
farbtöne; 0.06742174825631082
einsatz; 0.0669614261656534
xl; 0.06663996925344691
ausschließlich; 0.06603901572525502
lieblingsteil; 0.06567247020793729
flecken; 0.06558510070899501
kilogramm; 0.06536173939239234
kopf; 0.06518006952246651
trendfarbe; 0.06496156908688136
matto; 0.06446970630204304
bezüglich; 0.06407685442827642
wohnzimmers; 0.06368789090192876
kombinierbar; 0.06312088262056932
wohnlandschaftdie; 0.06287903692573309
paketgröße; 0.06223471756093204
fußform; 0.06105762987281196
überraschende; 0.061031080500106326
raffiniert; 0.060521627822890875
tuch; 0.06039365799515508
gehen; 0.060027841210830955
stan; 0.05933869020664133
zweifellos; 0.0592492550087627
fußbeine; 0.05918494124780409
einrichtungselement; 0.0591459499381017
darf; 0.058734780503436924
