Wort; Durchschnittlicher Wert
sitzplatz; 0.01069456452387385
hochschläfer; 0.009500262868823484
nierenkissen; 0.00852072419365868
einzigartiges; 0.00822430083353538
kopflehnen; 0.008210252998105716
frischen; 0.008155106549384072
antara; 0.008066784684524464
zusammenkunft; 0.007996100118180038
mondänen; 0.007906869682483376
decke; 0.007810128561686724
ultimative; 0.007698329948470928
leichten; 0.0075622001453666595
park; 0.007541083516116487
ersten; 0.007538859375927132
bettdecke; 0.007535042063318542
türe; 0.007529636501567438
abklappbar; 0.007509879815552267
nacken; 0.007432234543375671
raffinierte; 0.007250857709732372
orange; 0.007191868057270767
wohnerlebnis; 0.007126423745648936
schlammfarben; 0.007108480672468431
verschiedene; 0.007006010517216055
abklappen; 0.006958263763226569
nachmittag; 0.00688950808212212
verwöhnt; 0.006886780050990637
spontaner; 0.006879966622364009
sitztiefenverstellung; 0.0068300213893962795
garnitur; 0.006660887687758077
angesagtem; 0.0066550163755891845
verkleidet; 0.00659992168075405
entspannenden; 0.006589527609321522
milla; 0.00650974964373745
brunello; 0.006496297880948987
traditionellen; 0.006484520208323375
allerhöchsten; 0.006459750497015193
wohlfühlzentrum; 0.006412738307699328
kopfteile; 0.006303069181740284
ungefähr; 0.006248367996886372
großartigen; 0.006241308964672498
vielseitigkeit; 0.006220285956806038
unvergleichlichen; 0.006179464736487716
richmond; 0.006174402998294681
zumal; 0.006172277289442718
querschläfer; 0.006169399900863936
verbirgt; 0.006115038431016728
seitenverkehrter; 0.006057519938622136
nylonbezug; 0.005998440759140067
fußhöhe; 0.005976079858373851
sport; 0.0059400245896540586
