Wort; Durchschnittlicher Wert
braun; 0.09748115437105298
hinweis; 0.07736865757033229
hellgrauen; 0.07532417000475107
reißverschluss; 0.07319611367420294
rollroste; 0.07009497957769781
livetastic; 0.0699543458642438
bringt; 0.06990932901389897
buchenholz; 0.06750388094224036
kilogramm; 0.06682731323235203
schlafgefühl; 0.06672988316277043
wurde; 0.06610362309729681
fest; 0.06600143706891685
zweit; 0.06577105140313506
maschine; 0.06576004255912267
hochwertigem; 0.06503765718080104
boxspringbettes; 0.06398351212847046
zonen; 0.06290760732954367
robuste; 0.0625103352125734
verspricht; 0.06197554636746645
versehen; 0.06162021120544523
wand; 0.061355053749866786
c; 0.061042490846011786
nierenkissen; 0.06038053386437241
stunden; 0.06026236964389682
braune; 0.06000727906357497
zugabe; 0.05995711882133037
ankommt; 0.0599360823398456
komforthöhe; 0.059834758285433054
vollenden; 0.059656743449158965
bezug; 0.05963767564389855
matto; 0.05953834215179086
legen; 0.05880540313664824
worauf; 0.05840478781610727
gewicht; 0.05797032956033945
liegt; 0.05786514007486403
kopf; 0.05780075864167884
pro; 0.057503341921255925
basis; 0.05743469460867345
toller; 0.05699190779123455
stilvoll; 0.05691180258872919
lackiertem; 0.056591752893291415
stets; 0.05605060199741274
kombinierbar; 0.05604650168679655
rosa; 0.055966275022365154
langlebig; 0.055854530166834594
querschläfer; 0.05580136541102547
falls; 0.05566619355231524
gepolstertem; 0.0554651902828482
gut; 0.055302758011384866
bringen; 0.05526985954493284
