Wort; Durchschnittlicher Wert
braun; 0.008236567687708885
viscoschaumkern; 0.007975318701937795
fußhöhe; 0.0075212360403384085
hinweis; 0.007452868965629023
vorzüge; 0.007349146748674684
pro; 0.007126256880292203
lackiertem; 0.0070494372586836105
hellgrauen; 0.00656224295598804
toller; 0.006550193746807054
raffiniert; 0.006541535838550772
buchenholz; 0.006468653671618085
orange; 0.006451213316540816
dunkelgraue; 0.006401236853707815
holzdekoren; 0.006377641409926582
schlammfarbene; 0.006349790557578672
bettschubladen; 0.006295320999925025
stets; 0.006230867668637075
kopfteilen; 0.0061871323992818365
zweit; 0.0061839791014790535
hochschläfer; 0.006172887612046906
wurde; 0.006158766645239666
schlamm; 0.006082668869930785
lattenroste; 0.00606064771709498
neinlattenrost; 0.005993116920581088
ansprechend; 0.005950489719270991
komforthöhe; 0.005926365541381528
buchefarben; 0.00591614176373696
schlafgefühl; 0.005885393876815215
schlaffunktiondie; 0.005764696116239065
wohnlandschaftdie; 0.0057641028182843
zier; 0.005763802557339659
großartige; 0.005732495617121458
voraussetzungen; 0.0057221418770495806
trefflich; 0.005718418330070562
c; 0.005704228733520722
grande; 0.005677189852576703
kontrastfarbene; 0.005615022835263517
denimfarbenes; 0.0055711217035423035
wäsche; 0.0055208039411809295
reinigungs; 0.005517890043211082
puristisch; 0.005517671754205367
künftig; 0.005510793106805067
boxspringbettes; 0.005473433112638304
robuste; 0.005471039518306497
merci; 0.005463538636104204
matto; 0.005462607141453191
problem; 0.005444469279609621
neutral; 0.005413783548283391
vollenden; 0.005412647494813428
besonderheitenlattenrost; 0.005377262929687277
