Wort; Durchschnittlicher Wert
braun; 0.06582486588740721
maschine; 0.05935692619532347
fest; 0.05874748689093394
lackiertem; 0.05473191736964509
zonen; 0.0522116512991488
hellgrauen; 0.050212440415634774
gewaschen; 0.049023183062672615
c; 0.048789795278571545
reißverschluss; 0.048760788326035254
komforthöhe; 0.048084680308238606
ausschließlich; 0.04682725323364138
verbirgt; 0.04599592434242368
schlafgefühl; 0.04551957793300972
buchenholz; 0.04494166172808036
hinweis; 0.04489909822586924
bringt; 0.04436870210338384
matto; 0.04433977346925531
rollroste; 0.044136948796221986
hellbraun; 0.0433126239455305
massivem; 0.04327904862584546
geöltem; 0.04261115435365355
boxspringbettes; 0.042534045674256046
verspricht; 0.042036596959223974
nierenkissen; 0.04070634722011164
richtig; 0.04066209117881954
kopf; 0.04047540542669594
schönen; 0.040334815357346086
gepolstertem; 0.04027000849600881
vollenden; 0.04003345391247422
ergänzen; 0.039864460058379333
tonnentaschenfederkernmatratze; 0.03980310894548893
reich; 0.039756958471843976
livetastic; 0.03964482688170392
braune; 0.039530630403896795
versehen; 0.03942880868416978
wunderbar; 0.039364493649918585
rosa; 0.03896559764398262
wurde; 0.03893029585015029
sitzhöhe; 0.0389058298067539
lattenroste; 0.03888028199580731
viscoschaumkern; 0.03858062258223072
raffiniert; 0.038439294905401766
schlafambiente; 0.03833386719052214
dekorgesamtlänge; 0.03827250595204532
wand; 0.03822824112721719
liegende; 0.03812026999075897
falls; 0.03811773490160704
überzeugenden; 0.03808625942328945
beträgt; 0.03803303865715861
eck; 0.03799923160113394
