Wort; Durchschnittlicher Wert
beliebt; 0.008132372833824775
einschlafgeschichte; 0.007065871016675373
oxid; 0.007052241874043829
leichtgängigen; 0.006869429361904622
regalfächern; 0.006861022202065215
liebesroman; 0.00638363858925004
bügelgriffe; 0.006360752939315262
wotan; 0.00597985708154738
reich; 0.005943155050044879
begleiten; 0.0058959965681424364
modischen; 0.005876409104166669
seitlichen; 0.00571860657655634
nachtkästchen; 0.0055472556821769105
erste; 0.00550975221030967
krimi; 0.00543031453344156
ordentlich; 0.005248633770133892
hellgrauen; 0.005237270642828662
coole; 0.005219695917912759
zusätzlicher; 0.005149479203100782
kommoden; 0.005120341926522087
artisan; 0.005058643623124226
traumbett; 0.005054803682833153
jugendzimmers; 0.00504452816239791
mädchen; 0.005000860244035721
tonnentaschenfederkernmatratze; 0.00499843048164621
wunschfarbe; 0.004933098915716983
absetzleisten; 0.004787984923677868
schlaf; 0.0047186189287458545
vielseitigkeit; 0.004709785479644779
basis; 0.004619299637124641
großzügigem; 0.004522953481136937
betten; 0.004495912436686922
aufbewahrungsmöglichkeiten; 0.004492344861500896
anthrazitfarbenes; 0.0044509001221740615
spediteur; 0.004410139971878379
azurro; 0.004397675638756482
bezüge; 0.004371391650965961
royales; 0.00433348719670903
entführen; 0.004320211609245917
schenkelmaßen; 0.0041832921648165215
ausziehbaren; 0.0041334154996548024
antara; 0.004130832837836352
hellbraunen; 0.004104973028006498
toppermachen; 0.0040666739085281735
keinerlei; 0.004055311352567514
schlafzimmermöbel; 0.004033981871180004
juist; 0.004016998847691866
angenehmeres; 0.004010474350070581
mittelfester; 0.003997620407608338
bonellfederkernmatraze; 0.003978994010685711
