Wort; Durchschnittlicher Wert
vorhanden; 0.002918523785774596
eingerichtet; 0.002657989870203892
fester; 0.00265433362847034
gloria; 0.002473845701024402
innehat; 0.0024664188438691783
funktionales; 0.002464594285493149
ausgeruht; 0.002376099074717786
wohlfühlinsel; 0.0023592297555296684
caminodas; 0.002283625118434429
dar; 0.0022805913984484507
kgpaketspezifische; 0.0022581546398214416
umhüllt; 0.0022448410560173214
strapazierfähig; 0.002223864630286698
pink; 0.0021735911184805447
pflegehinweisehinweisdieser; 0.0021664416242856534
mittelfesten; 0.002141666752868332
höchster; 0.002108238882829028
dreistufige; 0.002066660284617683
treffpunkt; 0.002060563499253476
springen; 0.002046034781233175
eröffnet; 0.002039430553486454
sitzbank; 0.002032302974657796
gestaltungsmöglichkeiten; 0.002023528842983069
ahnen; 0.002010851360682864
sonntag; 0.0020107771815673914
trendigem; 0.0020087038690689953
bravour; 0.0020060842523434985
armteile; 0.0020041758751176532
dahinter; 0.001998683816054836
kleines; 0.0019952435030972993
krönenden; 0.001964010614028666
vorkommen; 0.0019501443490298697
hellerem; 0.0019312579869051661
sitzfestigkeit; 0.0019199352791474666
piece; 0.0019075864092883421
missen; 0.0019066432184445148
erna; 0.0018964303599204868
anzubieten; 0.001890901457227301
hochlegen; 0.001874696817685617
kaufen; 0.0018710676915361546
fulton; 0.0018598275695694611
blättern; 0.001859369865996996
justierbaren; 0.0018592960683236014
viscoschaumkern; 0.0018548455183918123
paso; 0.0018528985328885028
tüll; 0.001845815065462375
manchmal; 0.001845678437530296
camiere; 0.001830465821967664
keilpolster; 0.0018284633979419596
großartigen; 0.00181953046558192
