Wort; Durchschnittlicher Wert
hinweisbitte; 0.09114565107774979
grauem; 0.07673939659725874
dekor; 0.07516702472348698
schlaffunktion; 0.07468377521145157
schlafsofa; 0.0727507113959291
schwarze; 0.06847551113460212
platzsparend; 0.0681187829177361
moderne; 0.06809753621637356
schlafplatz; 0.06781931271543726
praktisches; 0.06718895214726217
gemütliches; 0.06681394058869046
sitzgelegenheit; 0.06646768689970486
fernsehsessel; 0.06629356273915618
entsteht; 0.06611765753564214
schlichter; 0.0656622989452444
ombra; 0.06493357130384539
zusätzlicher; 0.06469593538568005
eignet; 0.06441206748713739
erweitern; 0.06285453273449093
luftbett; 0.06258330058772117
zeitloser; 0.06180202246177942
hautfreundliche; 0.06161747147561982
schlafbereich; 0.06144449772546068
zweisitzer; 0.06047793015022762
feines; 0.06006526836354169
dezente; 0.0598268093293882
boxspringsofa; 0.05971837056731601
bessoni; 0.059622886912256944
funktionelles; 0.059517271304503086
vielseitig; 0.059261078533018006
luca; 0.059011105162790047
richtigen; 0.05873245618422516
entspannen; 0.05872380382497795
person; 0.05866582700400613
lederlook; 0.05852763847797178
kategorienwohntextilienvorhängestehleuchtenwohnzimmertischedrucken; 0.057824167179933286
sitzfläche; 0.057524871570058166
stoffbezug; 0.057159484809380955
senfgelb; 0.057009624695638195
verbreitet; 0.0568047708919039
charme; 0.05633564135059714
übernachtungsmöglichkeit; 0.05624829188454896
einzelbett; 0.0561546400305815
bonellfederkernmatratze; 0.05598172273603268
geräumigen; 0.05534078010241501
unschlagbaren; 0.05520681758862338
zusammen; 0.05507852619048208
nachtkästchen; 0.054704472818411884
nimmt; 0.05400531143650369
massiver; 0.0537170283808905
