Wort; Durchschnittlicher Wert
nierenkissen; 0.0758398480102187
livetastic; 0.07118072535376996
wellenunterfederung; 0.07085520263644866
hochwertigem; 0.0707504597492516
federkern; 0.06948005915473913
polyetherschaumkern; 0.06945358361990657
garnitur; 0.06787135136546567
verspricht; 0.06606529138516634
rücken; 0.06523756157548632
nylon; 0.06481746803037822
kgpaketgewicht; 0.06422723407522427
bedürfnissen; 0.06338346025440841
matto; 0.06308313437039033
echt; 0.06239775168360211
living; 0.061675022732379146
besucher; 0.06152679037331836
mikrofaser; 0.059855284495279194
paketgröße; 0.05963719619903714
wohnlandschaft; 0.05925228290871019
ausladenden; 0.05791729342454346
fußhöhe; 0.057531252887565644
kontrastfarbene; 0.057476255006622526
querschläfer; 0.05714842609595507
großer; 0.05678524695977103
voraussetzungen; 0.05674406095567974
dadurch; 0.05672807829687372
geschmückten; 0.056485962955048305
hellbraun; 0.05617371615953744
wurde; 0.056031834730310946
gemeinsam; 0.055974759339005684
maximale; 0.055971156845771475
nieten; 0.055525257377303204
innenleben; 0.05490931025851751
lattenroste; 0.0547318282071501
kuschelecke; 0.05457138490455691
bringen; 0.054372173035517335
feinen; 0.054190567787736656
lieferumfanges; 0.054105157463345675
rechteckige; 0.05371971640270203
belastbarkeit; 0.053706288506509735
xl; 0.05344746137852781
schönen; 0.0530515398553689
juist; 0.05289448838157114
frischen; 0.05285914633932407
bettfunktion; 0.05243654352379963
u; 0.05220429784385487
verwandeln; 0.05216799106856342
pro; 0.0520695172221167
zeit; 0.051991162213380446
worauf; 0.05178495866712183
