Wort; Durchschnittlicher Wert
zonen; 0.00653955687657799
hölzernen; 0.006171075781367108
bonellfederkernmatratze; 0.006068310035243485
liegende; 0.00606271193998964
inklusive; 0.005905091091062786
beruhigende; 0.005751255610175576
maschine; 0.005646232679077911
gewaschen; 0.005622530725213437
aufstehen; 0.005486820707346851
basis; 0.005391712510163416
ansprechend; 0.00538909405730692
hellgrauen; 0.005380345170033251
boxspringbettes; 0.005331828846465214
mara; 0.005305760217743228
gepolstertem; 0.005286151329255517
fördert; 0.005227056826242915
carolina; 0.005220026099141251
weiterer; 0.005138716737610594
ganzen; 0.0051273356712044915
visocschaum; 0.005102578970581817
inneren; 0.0050617375291039934
schmökern; 0.0049803256964878525
aufs; 0.004978305578242725
komfortschaum; 0.0049578463522721
verspannungen; 0.004953336393555219
schlamm; 0.004937807885309553
abnehmen; 0.0049371681878255915
technik; 0.004902449019255073
abends; 0.004894102880462015
auszubreiten; 0.004891010763742543
spannvlies; 0.004889040024750102
kassettensteppung; 0.004848112866835663
kern; 0.004847016603639532
abnehmbarem; 0.004834262273880086
polyurethanschaumkerns; 0.004809746611203991
luxuriöser; 0.004741725494659477
synthetik; 0.004741231337402496
edlen; 0.004707548299165865
schwarzes; 0.004703655243133653
must; 0.00468067624805144
durchgehende; 0.004651085432988112
unterteilung; 0.004585860940233033
mittelfesten; 0.004571268192194111
mammut; 0.004569956428258593
obermaterial; 0.0045561649049659534
versprüht; 0.004541540366335539
viscoschaumkerns; 0.004534859764316934
wundervolle; 0.0045291404099316425
hoher; 0.004516524274532685
programm; 0.004505552343016461
