Wort; Durchschnittlicher Wert
luftbett; 3.871725141531351
pumpe; 3.28319466716639
ab; 3.0690251171227487
integrierter; 2.9849690064424066
oberfläche; 2.9431337221689318
personen; 2.654962218020228
marke; 2.613503160683558
übernachtungsbesuch; 2.532120246937848
schlafplatz; 2.3280636658695584
großen; 2.323721025089617
gästebett; 2.2348947458493056
dank; 2.2150110484268226
integrierte; 2.1884876906722637
bestens; 2.171196495007462
drucken; 2.13161359380756
bequeme; 2.1059161918237805
schlafkomfort; 2.103407970808621
bequemlichkeit; 2.093803580105077
ideal; 2.0892415304275347
lädt; 2.063883427931432
integrierten; 2.053451552178012
praktischem; 2.051410091100661
top; 2.05127090568667
kunststoff; 2.0499482645136595
platz; 2.047440874656968
gerade; 2.043998474267937
rundet; 2.0408339577697916
drei; 2.039863819090533
komfortables; 1.995211520147859
gemütliche; 1.9474175284136437
finden; 1.9181883578930865
schnell; 1.8982887170366212
nichtgebrauch; 1.8720863634815033
hause; 1.8667492280736042
hinweisdieser; 1.8577263770013814
platzsparend; 1.7878063098083659
spontane; 1.7787215791046038
beim; 1.7576625029684692
l; 1.745287764526438
besten; 1.6678628740106434
macht; 1.6523302147352297
beachten; 1.6151525482353464
abgebildete; 1.6131004214163114
praktische; 1.5529466793028406
egal; 1.527655445712662
übernachtungsgäste; 1.4829730831108463
verstaut; 1.367326567467535
dekoration; 1.2386724256306478
benötigen; 1.1572690838598647
b; 0.6307685221268912
blau; 0.6088013515181956
x; 0.5564140505900468
bitte; 0.5417624563124264
angenehm; 0.5139722158433869
cm; 0.46540534633459174
artikel; 0.37430663692648525
unterbringen; 0.3350902594102081
UNK; 0.29025674464719486
ausgestellt; 0.2806239421479404
bestellbar; 0.2794367337133735
filialen; 0.18924035434538383
material; 0.17504636008525268
grau; 0.08887208183441545
sieben; 0.07887387676164508
