Wort; Durchschnittlicher Wert
ganze; 0.0180537173316452
verstaut; 0.01794756020835848
bequeme; 0.017195404216545286
äußerst; 0.016780561614245924
gibt; 0.01485508006408054
über; 0.01376806971429687
schlafplatz; 0.01336246812625177
schon; 0.012607910799897582
übernachtungsbesuch; 0.012412333324937208
ideal; 0.011911189242891852
ihnen; 0.01163056186474023
doppelbett; 0.011543517238533241
weiter; 0.011413528402954398
besonderen; 0.011233408250973298
ab; 0.01114367138925445
sehr; 0.011047920338387484
abmessungen; 0.010879825475785764
bequemlichkeit; 0.010576838338238304
familie; 0.010460953031724785
anbieten; 0.010355376293796325
hause; 0.010310168038085977
runden; 0.010282677828945453
sollte; 0.010148739278156427
platz; 0.010140416459944391
dafür; 0.009996061750871376
nutzen; 0.009856041164675844
top; 0.009702231905794178
allein; 0.009694241283250448
langen; 0.009521517674329516
verfügung; 0.009499765560030937
verleiht; 0.009431268218577316
ideale; 0.00938129375990684
freunden; 0.00923998503031953
echter; 0.009221298636475694
komfortabel; 0.009204434987304921
integriert; 0.009177533926958859
bringen; 0.00917089991693274
stehen; 0.009156315161544627
edlen; 0.009154699707232794
praktische; 0.009117102213804174
setzt; 0.009105048191304376
bereit; 0.008940388894461648
genügend; 0.00889470976744633
blicke; 0.008849667356298597
gleichzeitig; 0.00883295209659991
bestens; 0.008809633432611009
modern; 0.008787936139663088
fünf; 0.008783349419354635
egal; 0.008704520830497131
verfügt; 0.008668146294621693
