Wort; Durchschnittlicher Wert
weiß; 0.005076703607119271
stilvolles; 0.0047847078949416755
dunkelbraun; 0.00280186781201337
sieht; 0.00280117056772724
gepolsterte; 0.0026067628602504554
einrichtungsstile; 0.002391643943883537
erfüllt; 0.0021441598919409444
korpus; 0.002032732445240981
wählen; 0.0020001618333481018
zeitlose; 0.0019658064052237023
äußerst; 0.0019445129804466887
viele; 0.0017842787586232589
selbst; 0.0017826108036388178
gäste; 0.0017644733299675864
verstaut; 0.0017555456220179622
gemütliche; 0.0017516879979666555
zugabe; 0.001720520159597072
maximalen; 0.0016669830296450528
hellgrauen; 0.0015850690335355467
gepolstertem; 0.0015760560740091024
komfortablen; 0.0015731085266452282
stauraum; 0.001550330629356722
silberfarbenen; 0.0014622017758938455
sitzen; 0.0014352674028486946
komfortables; 0.0013783793914626586
hoch; 0.001313171867228391
hellgrau; 0.001281562641088385
während; 0.001280059546843404
zeitlosen; 0.0012614176050192328
daher; 0.0012364491130938404
linken; 0.0011680763012009265
ganze; 0.0011541906984348315
verwenden; 0.0011502717762027713
azurro; 0.001089683390728169
kiefernholz; 0.0010832289109544036
schlaffunktion; 0.0010774740556371398
platzsparend; 0.0010646924220964137
nehmen; 0.0010429913544385272
gepolsterten; 0.0010322405264560075
rücken; 0.0010222007278116508
aufstehen; 0.0010034058649580403
trendfarbe; 0.0009920379126924673
offen; 0.000979186300173751
obermaterial; 0.0009703607345727505
boxspringsofa; 0.000944061670179508
verstauen; 0.0009333831603271392
erholt; 0.0009193455120112048
james; 0.000888041945677287
möbelstück; 0.0008867634624039056
weiter; 0.0008714139641597285
