Wort; Durchschnittlicher Wert
einrichtung; 0.02151725887815701
gleichnamigen; 0.021392957654461496
stil; 0.020377451061358444
anderen; 0.0199193883992848
robust; 0.019814604811836035
bringt; 0.01875695307753631
moderner; 0.01756638998122071
hat; 0.016626002377597614
anthrazit; 0.016161927112261765
wohlfühlen; 0.0159782795002684
maßen; 0.01595213494001655
matratzen; 0.015620816536829807
ins; 0.015512133142328821
füße; 0.01207455808580562
fürs; 0.011718488690894447
mid; 0.011258877552609192
zieht; 0.011150836606975644
you; 0.01049842139618704
bettes; 0.009779403239372186
zuhause; 0.009028207357914653
praktischen; 0.008866226255122456
onlineshop; 0.00875372244627215
maximale; 0.007975961551710497
grau; 0.0079394878621315
je; 0.007845462248224067
mehr; 0.00782738132875238
wohnung; 0.007773703068960458
serie; 0.007432477969268802
am; 0.007207785861828598
tonnentaschenfederkern; 0.007193278351041954
optimale; 0.007078630505520778
nach; 0.007075769911170937
schlichten; 0.007032360836456064
ihrem; 0.007024975254171295
dekor; 0.007010899580200203
schlafgefühl; 0.006996550197709439
wie; 0.0069782162012415935
dessen; 0.006839211846818216
hochwertigem; 0.006818389717955143
kommt; 0.006808246545915608
perfekt; 0.0067937711122795005
träume; 0.006754083707710379
sorgen; 0.006625692806846928
kinderzimmer; 0.0065827670717226285
steppung; 0.006491882537739002
geeignet; 0.006426203014962084
ihr; 0.006331279270671075
bezogen; 0.006300377553270664
muss; 0.006252892806514865
albero; 0.006239646393805742
