Wort; Durchschnittlicher Wert
anthrazit; 0.013621898807468825
hochwertigem; 0.012966613996832166
schicker; 0.012636837067839224
wohnung; 0.01248405088990694
zuhause; 0.01196979255619226
fürs; 0.0110128019208787
gästezimmer; 0.010522718167339917
albero; 0.009901822602842003
maximale; 0.009631063076085411
dekor; 0.009225191845325753
dessen; 0.008786585253255907
eiche; 0.008762259404466021
seinen; 0.008532272919546812
schickes; 0.008517206642676457
je; 0.008210500894347206
passenden; 0.008146914132521488
highlight; 0.008133799192728474
tonnentaschenfederkern; 0.008070341364145861
ergänzen; 0.008049617835058597
stellen; 0.007868583756408042
durchgehenden; 0.007858787217901408
nach; 0.007829759914602618
nie; 0.007696497312053907
optimale; 0.0076858239772263914
besitzt; 0.007667766018676048
schlichten; 0.007424788171192631
holen; 0.007422244470217265
sicherheit; 0.007413802083465271
wie; 0.007307752064662054
onlineshop; 0.007300937036052346
sondern; 0.0072827897682145705
topper; 0.007100076497590635
sorgen; 0.007092858634860022
you; 0.007084862813644577
perfekte; 0.0070548365874856245
kinderzimmer; 0.007046345212438609
morgen; 0.006921646052069264
webstoff; 0.0067532062483223855
paketgewicht; 0.006375356089847628
kommt; 0.006289004412974464
fernbedienung; 0.006243954120145645
gleich; 0.006224114383803681
ihr; 0.0062165677678422075
liefertermins; 0.006184579667751678
vereinbarung; 0.006122489234985551
mid; 0.0061140642435930205
damit; 0.005976058239320991
bordsteinkante; 0.005813477825722657
bedarf; 0.005791582166057197
massivem; 0.005787667703043553
