Wort; Durchschnittlicher Wert
genügend; 0.011983801520182169
bieten; 0.011852517623628956
verleihen; 0.01170652744031031
integriert; 0.011692024183662397
setzt; 0.011562074127868981
luftbett; 0.01151103562588105
komfortables; 0.011454124388546916
edles; 0.011376194717013278
allein; 0.011169419087855204
schublade; 0.011163506316370331
blicke; 0.010959435186850896
edlen; 0.010939396283356473
gemütliche; 0.010644813034741674
bequeme; 0.010624122639819688
echter; 0.010583504928945331
schon; 0.010507782470085658
verstaut; 0.01049553161210497
oberfläche; 0.010425283817767195
modern; 0.010413787056313595
gerne; 0.01041177742263244
äußerst; 0.010406114910438191
platzsparend; 0.010225122585325153
a; 0.010058376245433464
akzente; 0.009931361483904767
ganze; 0.009697723280987702
was; 0.00965333027415909
liegen; 0.009376073215753422
integrierte; 0.009211638943088473
marke; 0.00913260498937234
ab; 0.00903989810612984
gemütliches; 0.008849723031744361
bestens; 0.008693469970603473
über; 0.008692315117605176
macht; 0.008277232266118517
integrierter; 0.008272494106495287
dank; 0.008172921504592524
spontane; 0.008052400467931875
hause; 0.00797781979890715
egal; 0.007857189314449897
entspannen; 0.007807101665093796
übernachtungsbesuch; 0.007736421702429652
bringen; 0.007679329228994902
ob; 0.007618118084792513
schlafplatz; 0.007595950212999014
sollte; 0.007562434125429718
zieht; 0.007559062575455755
lädt; 0.007554464225177071
haben; 0.007517461592215113
übernachtungsgäste; 0.007478883577277884
dafür; 0.007408933179431187
