Wort; Durchschnittlicher Wert
bietet; 0.0027199551774174323
pflegeleicht; 0.0018101729372574482
doch; 0.0017943531267519575
erholsame; 0.0017334847301071932
alles; 0.0016719632577405718
hingucker; 0.0016625920372462133
personen; 0.0016410243828431704
stilvolles; 0.001589620325830765
ungefähr; 0.001576812024359242
ganz; 0.0015708028335211567
sieht; 0.001499454332224559
angenehm; 0.001449698259239085
stauraumwunder; 0.0014381999926172285
belastbar; 0.0013773111604677979
ob; 0.0013652842440933454
hause; 0.0013442391337775915
angenehmen; 0.0013093077308440116
besonderes; 0.0012949739042596776
verstellen; 0.0012906015006592497
doppelbett; 0.0012853040778281865
style; 0.0012174423984106398
zusätzlich; 0.0012129246491895175
es; 0.0012032178412482609
erfüllt; 0.0011635501379714697
freunden; 0.001143807508833561
gleichzeitig; 0.001141249940758371
rundet; 0.0011335917730320943
schicken; 0.001115867575572338
als; 0.0011144227930344642
besticht; 0.0010880993169848808
traum; 0.0010878107859753072
wünsche; 0.0010585247159724531
vereint; 0.001057413134185481
hellgrauen; 0.0010500949028937612
gesamtbreite; 0.0010499731470190454
jeweils; 0.0010309761528333183
kombinieren; 0.0010306378557288554
beträgt; 0.0010297499917214735
misst; 0.0010283505762345158
trendfarbe; 0.0010249387636577013
armlehne; 0.0010060363123557182
verschiedenen; 0.0010040889315860112
stauraum; 0.0009975242286600406
bettladen; 0.0009896668463625247
lektüre; 0.000988233224779833
nachtkästchen; 0.0009876720646389003
farbkombination; 0.0009820452924031997
wirkt; 0.000977621373749571
unterbringen; 0.0009747419822815573
alle; 0.0009682815367341391
