Wort; Durchschnittlicher Wert
dauerschläfer; 0.04591085282663698
einrichtung; 0.042811565358715595
füßenstilvoll; 0.03672083551937248
erfreuen; 0.03670793791170581
misst; 0.036081183822534516
wände; 0.03590685953677166
geradliniges; 0.035795417494955475
boxspringsofa; 0.03556494445656426
alaska; 0.03552722224558238
silber; 0.03543209635681706
ablagefächern; 0.03541109227517154
samtbezug; 0.035258928012626714
offenen; 0.03506852597347461
platzangebot; 0.0347658271639375
rückenpölstern; 0.03451480825606268
schlichten; 0.03437028424159507
pflegemontageanleitunghinweisstoff; 0.03413354223303031
ende; 0.03383407443507167
verräumen; 0.03345771239983151
ordnung; 0.03331798662256915
seitenteil; 0.03280780159548158
matratzenhöhe; 0.03265255684382282
anthrazitmaterial; 0.032643355496111325
camelfarben; 0.03250169937091414
klappe; 0.032430088982800954
hinweisepaketgröße; 0.03210474750958383
kgzustellungdie; 0.03201900628337171
langjähriger; 0.031989714263909265
verziert; 0.03196401623063139
stilsicheres; 0.03190035111183533
möchte; 0.03170388420112431
fliegen; 0.03147261393023655
wiederum; 0.0314508320792811
deko; 0.031396231135659036
angekündigt; 0.03124167328060139
komplettieren; 0.03117127492732834
austrecken; 0.030806217968347482
harmonieren; 0.0307412783295149
unterstreichen; 0.030684917321195826
hinzu; 0.030633282056078313
matratzenfixierung; 0.03051705580728594
marino; 0.03033750992908608
friscokombinieren; 0.030276843701722102
schliff; 0.030244496720843016
eyecatcher; 0.03001731172844302
geeignet; 0.029900702755185193
aura; 0.02986995190149173
vergangenheit; 0.029848693367966916
flachgewbe; 0.029843538824934512
markant; 0.02974067651448422
