Wort; Durchschnittlicher Wert
gemütliche; 0.014241486480455024
integrierte; 0.013978369702454075
marke; 0.013687724974442973
luftbett; 0.013589429891726467
dank; 0.013448629850881844
bestens; 0.013308181105458061
komfortables; 0.013173196735442616
haben; 0.013172311447124229
ob; 0.012447410611639498
liegen; 0.011895569607622747
gemütliches; 0.011745355992388795
was; 0.01172271346076741
integrierter; 0.011417721972975414
verstaut; 0.01130130124365678
ab; 0.011196850013220683
egal; 0.011180550276185386
schon; 0.011177542928999173
macht; 0.010826307173192617
sollte; 0.01080919103260385
entspannen; 0.010761081825148722
ideal; 0.010541926691803382
wir; 0.010396573351022198
drei; 0.010376741614163621
spontane; 0.01037408364682051
edlen; 0.010335501920781098
übernachtungsgäste; 0.010320133032655577
blicke; 0.010306521241363952
schlafplatz; 0.010273237554793013
oberfläche; 0.01023141463938373
alle; 0.010200557560892776
platzsparend; 0.010118528987914033
schlafkomfort; 0.010073048241611104
einmal; 0.010072899589431472
über; 0.009919488249579445
akzente; 0.009866045595117612
bequeme; 0.009706710044065403
ganze; 0.009702481549538788
integriert; 0.00965742280395716
äußerst; 0.009586455877069966
integrierten; 0.009552433952922
echter; 0.009481894731652573
allein; 0.009331601019539448
übernachtungsbesuch; 0.009233195812885241
runden; 0.009156404349778314
gibt; 0.008987180134863593
dafür; 0.008982347745586594
a; 0.008946261045275605
stehen; 0.008836277922819135
kunststoff; 0.00879818046487344
setzt; 0.008765000451603555
