Wort; Durchschnittlicher Wert
abgestepptes; 0.007657963446399662
lotta; 0.006655087892431766
halt; 0.006327492719537986
imposanten; 0.006317997795849806
regi; 0.006305348746536765
abnehmbar; 0.006153625092701986
wohlfühlzone; 0.006150298257125542
farbtöne; 0.0059814467007527124
kunststofffüßen; 0.005901030238601379
anderem; 0.005855395075923297
reich; 0.005851760315999854
liegefunktion; 0.005808852658083197
zubettgehen; 0.005693445693759713
eher; 0.005667267386161257
sondergröße; 0.005628026706108358
edel; 0.00558330443163868
raumsparende; 0.0055492017592769114
ergonomische; 0.005479610189649975
variieren; 0.005465369160810951
bonellfederkernmatraze; 0.0054528727632714435
trio; 0.005452365757082589
vollwertiges; 0.005410457200923702
scalea; 0.005367136171844322
eindrucksvolles; 0.005305444775149226
gewartet; 0.005281391469338814
heimkino; 0.005278784180700313
abrutschen; 0.00527484237391036
geschmackvoller; 0.005243412544587045
verloren; 0.00521191879233811
beerefarbene; 0.005180377982469508
großflächig; 0.005156700091902167
praktischem; 0.005149093231739244
schlaffunktionbettkastenarmteilverstellungwellenunterfederungkopfteilverstellungsitztiefenverstellunginkl; 0.005116475120303221
großartige; 0.005072585553716635
zugehörigen; 0.005051591166193248
arm; 0.005005963968869764
pölstern; 0.004958603538398165
satt; 0.004952213221622514
heiß; 0.0049285462941043075
derweil; 0.004927985920403444
dunkelblau; 0.004927078801847529
vintage; 0.004912338979920605
pink; 0.004893581423675642
rollrost; 0.0048640599568898326
geradlinigem; 0.00486383611059864
verleben; 0.004852328341803514
gästebereich; 0.004819716556812637
beiträgt; 0.004799297681893222
regal; 0.004722800265699334
spontaner; 0.004721225080720615
