Wort; Durchschnittlicher Wert
großzügigen; 0.00218195644338266
komfort; 0.002053511044869083
jede; 0.00196979926899985
abmessungen; 0.0019312879114295356
hellgrauen; 0.0015149481296248268
bestellung; 0.0015032811817945913
viele; 0.0014987592090619727
erfüllt; 0.0012595835334650474
massiver; 0.0012230830103021617
kg; 0.001218288987502092
hellgrau; 0.0012082922698027688
bestens; 0.0011634986123681302
gepolstert; 0.0011596633967201342
sitzgarnitur; 0.0011386167680825566
kategorienwohntextilienvorhängestehleuchtenwohnzimmertischedrucken; 0.001128922037241864
einrichtungsstile; 0.0011160499707330018
gleichzeitig; 0.0010978762578815805
buch; 0.0010882903785841337
herrlich; 0.001087209815841561
komfortschaumkern; 0.0010783785832245486
nehmen; 0.0010620645211929514
sieben; 0.0010387373135017698
gemütliche; 0.0010332208094041562
kategorienschlaftextiliennachtkästchenkleiderschränkekomplette; 0.0010119845690496731
hause; 0.0009866071039141388
eckigen; 0.0009783231370420254
von; 0.0009722069360577734
ebenfalls; 0.0009563433175571844
pölster; 0.0009555404502208376
unsere; 0.0009496485969066271
nachtkästchen; 0.0009494307505519828
standfestigkeit; 0.0009345802430743788
sowohl; 0.0009130010614398998
jederzeit; 0.0009106510689889547
weiteres; 0.0009019723576045635
flecken; 0.0008900632230961492
wünschen; 0.0008846707893098938
familie; 0.0008593892849148687
dass; 0.0008563543680793373
unterbringen; 0.0008556723823858192
lassen; 0.0008493889740748273
zeitlosen; 0.0008449500772258034
besticht; 0.0008442153946816688
integrierten; 0.000837548500203411
klare; 0.0008356948408618336
abgerundet; 0.0008349023577466141
optisches; 0.0008290779871458654
flexibel; 0.0008286487293162281
gesteppten; 0.0008272476504771475
besten; 0.0008261039307399187
