Wort; Durchschnittlicher Wert
moderner; 0.0029457244374498258
nie; 0.0029064849702990616
stilvolles; 0.0029019148098086587
möbelstück; 0.002685894869500771
matratzen; 0.0025390794162149176
klappbett; 0.0025263841084324666
ins; 0.002450898686947767
gepolstertem; 0.0022170689198901528
zeitlose; 0.002073771302093519
albero; 0.0020513496439434676
dessen; 0.0019743601772461263
rund; 0.0019678679294884206
fürs; 0.0019445229481789283
optimale; 0.0019391101586734294
fernbedienung; 0.0019358892972377363
kinderzimmer; 0.0019148213783864777
onlineshop; 0.0018809718769261963
maßen; 0.0018726156100456136
webstoff; 0.0018367033571848879
stellen; 0.0018120262429874856
schlichten; 0.0017874063835733977
hellgrauen; 0.0016872527485247701
mid; 0.00168400262191426
kommt; 0.001680275019225519
robust; 0.0016664544731611387
anderen; 0.0016157752594153862
zeitlosen; 0.0015932389913359656
hellgrau; 0.001579944092736696
gästezimmer; 0.001579152135855111
einrichtungsstile; 0.0015273039425665047
tonnentaschenfederkern; 0.0015206946183752735
durchgehenden; 0.0015096620467375033
je; 0.0015010346175586165
wählen; 0.0014924465969670564
maximale; 0.0014828857685643016
selbst; 0.0014667974566691556
schwarzen; 0.001424967217099038
dekor; 0.0014111342778051039
bezogen; 0.001403738628141582
highlight; 0.0013753441475273577
morgen; 0.0013614525021694134
steppung; 0.0013497584248398197
viele; 0.0013389415051975107
zugabe; 0.001313715499418322
holen; 0.0012998027421417646
robuste; 0.0012624031715859018
körperkonturen; 0.0012501335066644969
topper; 0.0012447202509065392
geformten; 0.0011877511027705624
raum; 0.001122045392412474
