Wort; Durchschnittlicher Wert
ansprechendes; 0.011096315366376074
schaumstoffpolster; 0.010203710130190302
graue; 0.009890916488802758
retro; 0.009788419451069785
prakitscherweise; 0.009649625042220578
wertet; 0.009446654567000223
schwarzer; 0.009287683795992051
entgehen; 0.009140949553807332
erweckt; 0.00906485712621361
montieren; 0.008994541691208724
seite; 0.008991408973088255
mitgeliefert; 0.00896830208839674
carrol; 0.008932834792813083
weißem; 0.008891460856466438
hochschläfer; 0.008772712186328135
arm; 0.00871204575887532
ausladender; 0.00864297132648062
lese; 0.008615772562006897
montageanleitunghinweiseine; 0.00860807895369362
spontanbesuch; 0.008591108014661586
tira; 0.008570516295367269
kopfstützen; 0.00849565208372951
angenehmem; 0.00835892970644636
ausruhen; 0.008352962549543009
förmige; 0.008328390868700807
anschluss; 0.008230451364943292
höher; 0.008192308008437977
widerstandsfähige; 0.008099372351898637
ermöglicht; 0.008090891876781825
kategorienpolsterbettenboxspringbettenstauraumbettbetten; 0.008047040695964824
wischen; 0.008046494953305228
linken; 0.008022208205147763
kautschukholz; 0.007989974154770606
einzigartig; 0.0077570134124471226
usb; 0.007694245790116838
eckgarnitur; 0.0076629144921753324
geschnittene; 0.007639151585499349
geneve; 0.007626121089924709
schlaffunktion; 0.00760154440831684
alleine; 0.007597023832204286
ecke; 0.007555006404254527
relaxfunktion; 0.0075339720031479375
wohlfühlzentrum; 0.007526343337121944
enthaltene; 0.0074962344466257495
elektrische; 0.007474880828522146
aufgefrischt; 0.007440257393795946
nosag; 0.007415656661214598
erwartet; 0.0074056115443454475
dunklem; 0.007389020618938957
sitzecke; 0.007355689288306167
