Wort; Durchschnittlicher Wert
äußerst; 0.017809393932839156
verstaut; 0.017716387583641337
kann; 0.017397382316994482
ganze; 0.017141002595599274
egal; 0.017007242024192237
über; 0.016995808001229306
wir; 0.01696347756424075
macht; 0.01672117776397499
integrierter; 0.016536976341012633
bequeme; 0.016232811931331526
sechs; 0.016109461296218798
ideal; 0.015990794514073058
denn; 0.01576302357716486
gibt; 0.015710662326051762
schnell; 0.015611414426894043
schlafplatz; 0.015413856742088682
dafür; 0.01523959497899341
runden; 0.01496857157035265
alle; 0.014646090587848448
sehr; 0.014198916290479247
perfekt; 0.01392521898060295
übernachtungsbesuch; 0.013807977335818577
bringen; 0.013524563289956859
blau; 0.013511702538380632
besonderen; 0.01327399698420777
weiter; 0.01325321547628846
schlafkomfort; 0.013053788274919497
hause; 0.013015825927141123
anbieten; 0.012918864417588338
ideale; 0.012797251919801056
lassen; 0.012656310145030148
plus; 0.012484796015723987
bequemlichkeit; 0.012455499133591275
material; 0.012393124942900614
weiteres; 0.01180835408722487
komfortabel; 0.011807395271898714
praktische; 0.011620845583092888
fünf; 0.011450759193303383
pflegeleicht; 0.011420624999300345
benötigen; 0.011331358089955756
nu; 0.01129110573365324
breite; 0.011082100778367021
wenn; 0.010824386864260304
familie; 0.010643269840511494
wobei; 0.01062979655835079
unterbringen; 0.010547389986459165
sieben; 0.010379993432974289
freunden; 0.010211722334497608
verfügt; 0.010095992463175208
gleichzeitig; 0.009711339123623475
