Wort; Durchschnittlicher Wert
bettschubladen; 0.022928229587341774
lackiertem; 0.020483794181927806
größen; 0.019924066517342
härtegrad; 0.01864575703511946
maschine; 0.01861094171727018
zonen; 0.01827000497141853
erleben; 0.018125781737762737
märchen; 0.017431230899819638
himmel; 0.017346459779219003
schlafvergnügen; 0.0172073224610358
kopf; 0.017117352249624674
lino; 0.016930801118724047
c; 0.016850674799206898
gesunden; 0.016844922823656815
royales; 0.016765116315582418
bonellfederkern; 0.016354990623767662
gepolstertem; 0.01595333413060871
gasdruckfeder; 0.01585440468697925
ausschließlich; 0.015776693202496972
spielzeug; 0.015692251284781376
schlaffunktionbettkastenarmteilverstellungwellenunterfederungkopfteilverstellungsitztiefenverstellunginkl; 0.01557186297413864
tüll; 0.015512416639830917
sternen; 0.01546367778282729
matratze; 0.015197355176496785
körper; 0.015108348361536628
lieferumfanges; 0.014835756214597495
massiven; 0.01470103850151645
produkt; 0.01466160023410339
süße; 0.014650292708051894
hinweis; 0.014633236659574323
reißverschluss; 0.013993227472019499
nierenkissenrücken; 0.013890707413520432
bettgestell; 0.01388380292992224
lasse; 0.01377688382344786
hoch; 0.013756031903903931
knopfsteppung; 0.013734380816936209
himmelbett; 0.013654329230485018
zugabe; 0.013609321047260892
option; 0.013567269300619956
komfortschaumkern; 0.013521721068536862
durchdachte; 0.013358243559741823
kunststofffüßen; 0.013248805968032684
schlafgefühl; 0.013195794068451505
alexandra; 0.013162882940014243
holzrahmen; 0.01312884078215575
ergonomische; 0.013071975597267738
reich; 0.01306955117470352
grundlage; 0.013063631971454015
dunklem; 0.013042871657626165
bereichern; 0.013027784015866928
