Wort; Durchschnittlicher Wert
anthrazit; 0.014458334973460297
zuhause; 0.012977970769861713
albero; 0.010906826744985665
maßen; 0.010890460712289496
schicker; 0.010450800912713021
wohnung; 0.010417163728561718
ins; 0.010335352727383906
fürs; 0.010234582723933272
matratzen; 0.010157420934046969
look; 0.010071226975560421
moderner; 0.009656492009526119
maximale; 0.00944727028154375
kinderzimmer; 0.009324338766236905
hochwertigem; 0.009318489939596475
nach; 0.0091643824998755
dekor; 0.009094251479837112
gästezimmer; 0.009014735063828994
optimale; 0.008891088470409158
besitzt; 0.008815254178261966
schickes; 0.00877638848942297
je; 0.008770252125395927
seinen; 0.008638572551353719
eiche; 0.008587467865800136
einrichtung; 0.008502160765647204
schlafgefühl; 0.008482098049944398
you; 0.008468839997658507
kommt; 0.008337821855093352
holen; 0.008303607323614414
ergänzen; 0.008208642975296243
onlineshop; 0.008157263111206703
dessen; 0.008148813289153622
modernen; 0.008059723773840233
passenden; 0.008040740471187746
gleichnamigen; 0.007967043577082222
schlichten; 0.007958432559917128
bringt; 0.00787838485193788
füße; 0.007876273216243134
webstoff; 0.00778913566105075
tragen; 0.007785263493133243
ihrem; 0.007731996251823148
perfekte; 0.00764315727938083
ihr; 0.007624607442267006
fernbedienung; 0.007599845582626585
topper; 0.007569563388096867
bezogen; 0.007453635246201884
morgen; 0.007349610545861651
mid; 0.0073476681936881505
spediteur; 0.007333577246390633
steppung; 0.007312177240964957
stellen; 0.0073113033871777585
