Wort; Durchschnittlicher Wert
weiß; 0.019331743849488704
stilvolles; 0.016059708694228902
dunkelbraun; 0.013292951983203238
sieht; 0.010736514108566552
zeitlose; 0.010514003722119015
wählen; 0.010413884577747012
gepolsterte; 0.009523890966761428
selbst; 0.009285232495653873
stauraum; 0.00928065694711222
viele; 0.009238487148832065
ebenso; 0.009161765515273146
erfüllt; 0.00838155667324827
gäste; 0.008211885689615884
hellgrau; 0.008181260205401487
einrichtungsstile; 0.008136332725007378
möbelstück; 0.00794640675339906
zugabe; 0.00789780781196896
maximalen; 0.00781415756282513
belastbarkeit; 0.0077585048329638084
gepolstertem; 0.007708666887810978
optisch; 0.007617572767594538
korpus; 0.007613644700268196
hellgrauen; 0.007452323068355327
zeitlosen; 0.007215057757093746
komfortablen; 0.007194829542027037
klappbett; 0.006950473817505553
preis; 0.006658162015628477
rund; 0.006547553119389704
raum; 0.006049253143828537
wieder; 0.00604536394207571
verstauen; 0.005980099836324371
handumdrehen; 0.005875293858252917
lederlook; 0.005839231385152743
ausgestattet; 0.005477229903499392
entscheiden; 0.005471643723058151
wichtigsten; 0.00534306267491047
option; 0.005167546691518509
wahl; 0.005154543981916504
großzügigen; 0.005129331150726557
gesamtbreite; 0.0050982913681309585
durchdachte; 0.004986054470441559
verstellbar; 0.004857306436815634
gepolstertes; 0.004709004849451049
jede; 0.004707349261161653
polyester; 0.004679375637067551
gut; 0.004616310986511963
inkl; 0.004586070885625304
komfort; 0.004579709173776791
auswahl; 0.0045124738782760685
gefertigt; 0.004309734936838084
