Wort; Durchschnittlicher Wert
blicke; 0.02322442035510903
schublade; 0.022435914611560293
verleihen; 0.02201933742617257
bieten; 0.021800401667132974
edles; 0.021753986191470176
akzente; 0.021477490520919674
gerne; 0.02114283171540592
integriert; 0.021124218066688627
a; 0.021099997847341
allein; 0.0210856636200333
genügend; 0.020792009301658254
setzt; 0.02060922529490199
edlen; 0.02055407606821973
echter; 0.02040289438009495
modern; 0.02001430885575246
schon; 0.01783404286034056
was; 0.016884959713934222
zieht; 0.014033253128582146
lederlook; 0.013969470886513591
integrierte; 0.013736286568746436
haben; 0.012732462208805372
dank; 0.01244922115438385
ab; 0.011202371778199448
großen; 0.010564767682808451
integrierter; 0.010218849014199805
auf; 0.010088912547871587
luftbett; 0.01008382194850128
komfortables; 0.009764459748475928
modernen; 0.009482840051350649
lässt; 0.00923159495832806
marke; 0.008878742764500203
top; 0.008473281694750767
oberfläche; 0.008453234369517304
look; 0.008310276827978668
modell; 0.008287478340389499
bis; 0.008109573532419746
gibt; 0.008054458678816444
weiter; 0.008016116526414407
gemütliche; 0.007990591316047357
besten; 0.007949688218650408
am; 0.007937370579747948
verstaut; 0.007802158857521136
ob; 0.007695028548187111
gestaltung; 0.0076906628644792365
schlafplatz; 0.007660634944841149
sollte; 0.007405456964625046
entspannen; 0.007257083375225193
runden; 0.007034524278424215
wir; 0.00696424700654461
sehr; 0.006900535208842484
