Wort; Durchschnittlicher Wert
weiß; 0.01693549019037164
stilvolles; 0.015537922145449556
wählen; 0.010781600695236194
zeitlosen; 0.010665374014479312
dunkelbraun; 0.010311920918502438
belastbarkeit; 0.010037755835946882
stauraum; 0.010033344823932566
möbelstück; 0.00980232389883895
ebenso; 0.00938311102145235
zugabe; 0.00907414376415545
viele; 0.008830136832921198
hellgrauen; 0.008804401808265538
korpus; 0.008718210139704752
optisch; 0.008712489108438604
entscheiden; 0.008704745551222004
zeitlose; 0.008696672905352898
einrichtungsstile; 0.008434866830020838
selbst; 0.008363297976757167
gepolsterte; 0.008326743217185139
hellgrau; 0.008322484581003663
gäste; 0.008306064360658639
sieht; 0.008230709482631937
gesamtbreite; 0.007936750135195325
polyester; 0.007867116450961475
gepolstertem; 0.007653779457905329
handgriffen; 0.007581069230946013
gepolstertes; 0.007571313185144391
erfüllt; 0.007568471527156362
juist; 0.0075556693067483135
rund; 0.007555597720784135
verstellbar; 0.007382920052987174
gesamthöhe; 0.007341468829326914
mikrofaser; 0.007248994425754063
maximalen; 0.0072403910889988765
option; 0.007128379023743037
durchdachte; 0.007125519002875081
inkl; 0.007091282384499209
härtegrad; 0.006999467847163032
ausgestattet; 0.006957812169002864
wenigen; 0.0067998539430846
preis; 0.0066294649153860515
holzdekor; 0.006548593220213661
klappbett; 0.006411113300782745
wichtigsten; 0.006218429777800338
auswahl; 0.006135366413400334
erholsamen; 0.006102389365696581
gut; 0.006089197370602051
zur; 0.0059062489832285795
verstauen; 0.005795219951687613
komfortablen; 0.005725928740685049
