Wort; Durchschnittlicher Wert
fürs; 0.00362696021420561
dessen; 0.0035106075440126004
albero; 0.003475500641070539
kinderzimmer; 0.0032584731379756704
durchgehenden; 0.0032355058796383674
nie; 0.0031793316011317074
tonnentaschenfederkern; 0.0031364633585326375
passenden; 0.00310704413568601
schickes; 0.0030519923086103516
morgen; 0.003008761251840042
lesen; 0.002933236949320417
funktionales; 0.0029283937594300367
maximale; 0.0029228361810964996
fernbedienung; 0.0028887644555652516
aussehen; 0.002784026268636808
besitzt; 0.0027687436144333334
je; 0.002746217959065689
highlight; 0.0027449258166598158
topper; 0.002678748088874272
kommt; 0.0026510880845307836
entdecken; 0.002650203148368746
dekor; 0.002635257390284096
ergänzen; 0.0026008202490629627
flexibilität; 0.0025215839206794042
perfekte; 0.002506457698473241
holen; 0.0024942754971561953
sondern; 0.002468334385775961
schlichten; 0.0024633480388729367
gästezimmer; 0.0024336592468898743
optimale; 0.0024189967723941665
tolles; 0.002395185073328321
sicherheit; 0.0023547457509266677
zeitloses; 0.0023534615511835
schlafmöbel; 0.0023069675644364906
webstoff; 0.0023063460597768427
nach; 0.002304773171636043
abmessungen; 0.0022907368373125793
raum; 0.002255956693261396
schafft; 0.0022005755388818217
diesem; 0.0021956674925604604
onlineshop; 0.0021877185492485294
pur; 0.0021789259102661163
mid; 0.0021592023011180574
angenehme; 0.0020892684820864814
juist; 0.0020744751855090726
bequemen; 0.0020582899733199156
stellen; 0.002034024568274617
besteht; 0.00202855064853793
hohen; 0.002027117875695694
damit; 0.002015374048642116
