Wort; Durchschnittlicher Wert
luftbett; 0.06772546658758075
bestway; 0.06406774427450727
pumpe; 0.05641384679765906
minuten; 0.04972446311439853
beflockte; 0.04895806222630199
einzelbett; 0.04662731864518719
queen; 0.042430996868642976
hinweisbitte; 0.04100832277908921
empfehlen; 0.040794841331080536
edelstahl; 0.04052048178273253
airbed; 0.0400209026876837
unterwegs; 0.038665932458025055
dekor; 0.03834419757949945
geneve; 0.037919910666096256
eignet; 0.03751708371128189
pvc; 0.03744486101932125
elektrischen; 0.03743593766412232
schaumstoffpolster; 0.03727095188805833
camping; 0.03697012506163446
person; 0.036834576254477724
senfgelb; 0.036799942376092076
verhindert; 0.03657996454421664
kippfunktion; 0.03653071148364688
mars; 0.036503325257217514
grauem; 0.03583537778358732
einlasstiefe; 0.03571479542006273
rollrost; 0.035708546930982264
teilige; 0.03556629566555784
herzen; 0.035028393992979544
reach; 0.03494688850769308
glänzendem; 0.034940677644044627
zeitloser; 0.0346556803688145
schnellverschlussventil; 0.0346219563332852
spezielle; 0.0344415468382067
bonellfederkernmatratze; 0.03387863354746514
staufach; 0.03386718024776201
einzigartig; 0.03377651109913131
entgehen; 0.033643330600170884
charme; 0.03337736276589567
wohnliches; 0.032945938225020656
hautfreundliche; 0.0328152524503821
tragetasche; 0.03275234901229851
feines; 0.03265379980948637
schlafplatz; 0.032580946445341395
eigentliche; 0.03251684143251623
ungewolltes; 0.03250733562308596
outdoor; 0.03248147822305327
funktionelles; 0.03244852795505722
kompakten; 0.03230485837702872
alicante; 0.032237007976800666
