Wort; Durchschnittlicher Wert
pölstern; 0.041928873125289104
maschine; 0.04182352927309694
reich; 0.041127608076203616
selbst; 0.040250905558787055
kind; 0.038182613060780565
vintage; 0.03787489855894819
boxspringbettes; 0.03754619023820851
rosa; 0.035446895967470485
komfortschaum; 0.03539376401458867
livetastic; 0.03522234230258618
zugabe; 0.034909983982652194
eindrucksvolles; 0.03440812841290608
verloren; 0.034048390691168606
zonen; 0.03344929908489576
prakitscherweise; 0.033195436239475386
wand; 0.032586332071332436
wandgestaltung; 0.031432977941585706
raumsparende; 0.03123301637097029
basis; 0.031124820627155714
komfortschaumkern; 0.03053251204364642
gehalten; 0.030517458494068707
stütze; 0.03044202503770066
bezogenem; 0.03031503502425039
lieferunglieferhinweislieferung; 0.02991723903105594
angenehmem; 0.02984342819399899
elegant; 0.029821265636019233
gehen; 0.029592920621507802
massiven; 0.02935877763084136
erholsamer; 0.029191028053173796
bonellfederkernmatraze; 0.029008251550840213
juist; 0.028979061990366973
rindleder; 0.02895515591590083
maine; 0.028937699462403543
falls; 0.028886858298210426
bettschubladen; 0.0287374316032583
überzeugenden; 0.02847246352175716
eindruck; 0.02837869898357894
dunklem; 0.02830073546629137
mara; 0.028283809994900367
braun; 0.028207072934310417
holzrahmen; 0.028192478770506568
lieferumfanges; 0.02814009811845608
geöltem; 0.028115864749997853
anzulehnen; 0.02782475099666044
körper; 0.02782289675087668
hölzernen; 0.02770233495393768
hellbraun; 0.02743327555945143
kindes; 0.02739569287514314
dunkelblau; 0.027380494516182807
matto; 0.027356393125955947
