Wort; Durchschnittlicher Wert
anthrazit; 0.01674919160286663
ins; 0.012295856292530516
maßen; 0.011897866806612001
zuhause; 0.011572925379005028
matratzen; 0.011504155317743426
gästezimmer; 0.011246114509776816
wohnung; 0.011212245104252361
fürs; 0.011177753505762666
schicker; 0.010932348174037543
hochwertigem; 0.010887750435585986
albero; 0.010748739512928296
je; 0.009964509836572688
moderner; 0.009838672429759754
dekor; 0.009355785424850183
kinderzimmer; 0.0092357755638659
durchgehenden; 0.009122806602681522
maximale; 0.008954986416210887
nach; 0.008837353636772604
look; 0.008615576663578395
webstoff; 0.008449107519118116
stellen; 0.00816387231752742
tolles; 0.00812185532431613
eiche; 0.008085465057229157
mid; 0.00804864056394763
schlichten; 0.008047450805315748
morgen; 0.008042995659343433
einrichtung; 0.008029140553117032
topper; 0.007942943012312752
perfekte; 0.007897278586460743
schlafgefühl; 0.00787185007648077
onlineshop; 0.007867798069491982
anderen; 0.007733383206914368
fernbedienung; 0.007711195395677351
dessen; 0.00766837058836245
bringt; 0.007624044990825496
stil; 0.007621999183902517
bettes; 0.007577081317867851
modernen; 0.00751816000429244
optimale; 0.007503265177365393
highlight; 0.007454295227944385
robust; 0.007214570147334598
kommt; 0.0071635318017797545
holen; 0.007083638591575436
tonnentaschenfederkern; 0.006942033417726634
flexibilität; 0.006883565276075388
ergänzen; 0.006719428529322613
wohlfühlen; 0.00650229528073396
nie; 0.006474573860759847
you; 0.00645351343027869
schickes; 0.006445999471907271
