Wort; Durchschnittlicher Wert
alles; 0.002856682670608279
egal; 0.002486152918709195
schicker; 0.002398917159280245
sollte; 0.0019185269156878348
drei; 0.0019127116051095073
schnell; 0.0018945501335110749
wünschen; 0.0018543526719440706
hochwertigem; 0.0018444411118252902
kombinieren; 0.0018136595172109082
schlafplatz; 0.0017988705913012382
ab; 0.0017756466804712545
farbmodellen; 0.0017354168008751002
dieser; 0.00172504255642707
ob; 0.001682387970504351
lädt; 0.001590588110502722
morgen; 0.0015701106429332867
grau; 0.0015486291283195897
blau; 0.0015374541428172961
rundet; 0.0015325033527915366
gästebett; 0.0015319734329750645
bonellfederkern; 0.0014926687194019906
erhalten; 0.001465999941865448
kunststoff; 0.0014635809391620568
verbringen; 0.0014319414891360792
komfortabel; 0.0014259058065363207
livetastic; 0.0014191256694175535
praktischen; 0.0014013375905051362
ehre; 0.0013781653255303893
seine; 0.0013674865995653817
zusätzlich; 0.0013551085525250529
eignet; 0.001344619778683409
funktionalität; 0.0013405069294094574
wie; 0.0013118138143909165
luftbett; 0.0013060933619271965
verstellen; 0.001298949409283523
wir; 0.0012927896368637448
somit; 0.0012511185685070813
echtholz; 0.0012467939523048699
doppelbett; 0.0012432269955752417
schlafgefühl; 0.0012428366862877738
gemütliches; 0.0012409115264745197
einmal; 0.0012395799269143027
möglich; 0.0012343520618742331
bringen; 0.001231450137856882
freuen; 0.0012084490858796926
macht; 0.0011941581244172994
top; 0.001193329938541865
bietet; 0.0011901501399734116
verfügt; 0.0011835281198727897
personen; 0.0011463085014838726
