Wort; Durchschnittlicher Wert
stilvolles; 0.0062132481085427575
weiß; 0.004840561836408597
integrierten; 0.0036027495829330292
dunkelbraun; 0.0035583475648309102
marke; 0.0034043115883832797
entspannen; 0.0032498249995114746
bestens; 0.0031601739130564964
luftbett; 0.0031041081390867477
besten; 0.003096904288395308
rundet; 0.0030433108782744966
ob; 0.002950858324766159
schlafkomfort; 0.0029466454434441403
schlafplatz; 0.002940096251768409
gemütliches; 0.00291348338505486
integrierte; 0.002910849003819749
bequeme; 0.0028148089100795914
lederlook; 0.00279710368195083
gerne; 0.0027688498051247736
alle; 0.0026667854785046075
modern; 0.0026658528055122587
wir; 0.0026206907075902565
gibt; 0.0026191569770162458
spontane; 0.0026167792068008565
belastbarkeit; 0.0025823863918049026
egal; 0.0025610337250327577
komfortables; 0.0025104207350523213
breite; 0.0024761824639426776
neben; 0.00247578260859882
besonderen; 0.0024669183112564497
gäste; 0.0024444977738312446
gepolsterte; 0.0024035289978201037
ganze; 0.0023737755938782355
bringen; 0.002372567456768593
handumdrehen; 0.0023580612585647033
verstaut; 0.002355859195085941
sollte; 0.002340310799627332
seine; 0.002312399214861216
gemütliche; 0.002285253411241683
stehen; 0.002285018486145418
wählen; 0.002273787890499079
weiter; 0.0022630357489106245
was; 0.002261314829956973
akzente; 0.002253779291277169
über; 0.002248417255032109
haben; 0.002243926676965202
top; 0.0022043264529202134
jede; 0.0022033321798517135
sieht; 0.002180126357234258
material; 0.0021166165970498696
schon; 0.0020574218237015885
