Wort; Durchschnittlicher Wert
moderner; 0.012782116129892529
wohlfühlen; 0.011976236826740205
maßen; 0.011419645836576819
matratzen; 0.011400407917244592
fürs; 0.011212909185996978
einrichtung; 0.010333270476257895
robust; 0.009873591596260667
ins; 0.009808683676237707
spediteur; 0.009674243296967689
anthrazit; 0.0093266196163313
stil; 0.009260934855774394
gleichnamigen; 0.009225173751474358
bringt; 0.00891235353628872
paketgröße; 0.008800146844623668
anderen; 0.008500628420733847
you; 0.008381584930793906
direkt; 0.00829695190750499
anlehnen; 0.008258727512475162
vereinbarung; 0.00823634118089558
mehr; 0.008100912314694142
eines; 0.007975907549553084
paketspezifische; 0.007947615034208867
zustellung; 0.0077745268684338955
bordsteinkante; 0.007764248339208279
tragen; 0.007645837636300712
liefertermins; 0.007610846822171879
besteht; 0.007580459452310606
massivem; 0.007555701435740048
individuellen; 0.0075072813493079595
mid; 0.007495241678407183
füße; 0.007489671247640217
paketgewicht; 0.007470988167415271
buchenholz; 0.0074104077657466405
erfolgt; 0.007247306547287735
bezüglich; 0.00712410708747484
atmosphäre; 0.007097667313837519
per; 0.007080171746565611
mittelpunkt; 0.007053594456556312
kgpaketgewicht; 0.007037528340606514
kontaktieren; 0.006985745535530441
schafft; 0.0069849290372076215
ihrer; 0.006924108448144039
hat; 0.006800910211313749
sondern; 0.006706450033743749
harmonisch; 0.006683122520553297
frei; 0.006609758098420571
lesen; 0.0065954671626968775
damit; 0.006482512634693194
montageanleitunghinweisdieser; 0.006470813493797323
zimmer; 0.006375618472520728
