Wort; Durchschnittlicher Wert
stilvolles; 0.012873708340339362
weiß; 0.009716331085110141
erfüllt; 0.00849867890360656
einrichtungsstile; 0.007982632327002647
viele; 0.007867486600662232
lederlook; 0.007863511321193072
gepolstertem; 0.007848778920282485
hellgrauen; 0.007821838874349396
korpus; 0.007812009792314711
hellgrau; 0.007430823731010605
verstellbar; 0.007293793942187677
zeitlosen; 0.007271146520997718
stauraum; 0.007035156754113814
dunkelbraun; 0.0070192124799930864
gepolstertes; 0.006817139629401936
zugabe; 0.006615026192412188
wichtigsten; 0.006070319868899787
bezug; 0.005883963449218754
inkl; 0.005846060317162482
gesamthöhe; 0.005726654941645393
gefertigte; 0.00570520310302527
mikrofaser; 0.005458972057249411
setzt; 0.0054129037860548125
polyester; 0.005362938322468836
modern; 0.005037519692632486
härtegrad; 0.00491794950039548
a; 0.004717265051658615
bieten; 0.004696359126683092
blick; 0.0046115557217262905
gerne; 0.0045187609961431004
echter; 0.0045149575926188845
schublade; 0.004455303581562475
gesamtbreite; 0.004388312274659256
blicke; 0.004369881793900276
zieht; 0.0042473204168345545
edlen; 0.004158280479896348
verleihen; 0.004022198250459042
integriert; 0.003998368645261508
preis; 0.003896819892543135
edles; 0.003876993415542529
kissen; 0.0037655384280697035
geformten; 0.003704904894811989
genügend; 0.003696540197415743
komfortable; 0.003694911113780108
wohnzimmer; 0.0036617396310248294
max; 0.003565820755693494
funktionales; 0.0032007849351430194
sich; 0.0031811220498752847
fußteil; 0.003114002034817531
akzente; 0.003091764426881127
