Wort; Durchschnittlicher Wert
braun; 0.046473833950585686
buchenholz; 0.04475788923591608
kilogramm; 0.04399540011654608
livetastic; 0.04360904553614091
zugabe; 0.042494015562260755
großer; 0.04235924920358229
richtig; 0.04229755969263351
machen; 0.041385489702952326
bringt; 0.04138183142931666
pölstern; 0.04098392795276595
nierenkissen; 0.04096874327669866
hellbraun; 0.0405088691302808
reißverschluss; 0.040062825828499626
unvergleichlich; 0.039619292411225616
robuste; 0.039419179657124916
querschläfer; 0.03897668129066005
wand; 0.03862605971226003
juist; 0.03777904839371331
matto; 0.03775694586220198
lieferumfanges; 0.03755211393581703
gehen; 0.037247319880407304
perfekt; 0.03701396677934099
hinweis; 0.03683471963086049
harmonisches; 0.036211182156694124
prakitscherweise; 0.03615930378437042
sieht; 0.036036755436089155
stunden; 0.0358244301326522
frische; 0.0355841456388589
verloren; 0.03555859686457552
liegefunktion; 0.03555806383956224
eindrucksvolles; 0.03525215664121788
kghinweisdieser; 0.034908111619915874
regi; 0.03489922792650759
komforthöhe; 0.034820527406554905
couch; 0.034548646814801034
circa; 0.03436024444235954
boxspringbettes; 0.03435781091284298
an; 0.03432135674811434
edel; 0.034158562801894735
zonen; 0.03411882790387608
bettschubladen; 0.03410100054461509
toller; 0.034064838743370275
gewicht; 0.03400998853321653
angenehm; 0.033765477610722884
variabel; 0.03336381352855824
angenehmem; 0.033234299399191515
höhe; 0.033089831234974554
farbtöne; 0.033023445637445546
paketspezifische; 0.032977517428298596
informationenpaketgröße; 0.03293436551175546
