Wort; Durchschnittlicher Wert
luftbett; 0.05377474284614436
bestway; 0.052068113299901596
weiß; 0.04983343782369047
rollrost; 0.047833499405533074
geneve; 0.04347063527093269
räumen; 0.043418728515098336
bettlade; 0.043360027216840534
empfehlen; 0.043114782368502344
pumpe; 0.04309628830524161
einlasstiefe; 0.04299830312957056
charme; 0.042862362274900076
fernsehsessel; 0.04249494419491384
zusammen; 0.042488232310279275
unterwegs; 0.04226177488162648
beflockte; 0.042001712339697406
mars; 0.041659998436807656
hautfreundliche; 0.0411198751127813
zeitloser; 0.041023446747567506
eignet; 0.04081157126856851
bonellfederkernmatratze; 0.03920074034831487
ausgezeichnet; 0.03914417746127583
montageanleitungdrucken; 0.03906986586880521
person; 0.038995953889389055
grauen; 0.038587844307767225
einrichtungsstile; 0.03843725092010573
feines; 0.038358626150875354
edelstahl; 0.03792866961157415
minuten; 0.03791463216475677
schublade; 0.03730512416659622
einzelbett; 0.03690762251499109
camping; 0.03599055992381182
dezente; 0.035620838746945084
schaumstoffpolster; 0.035590613225940614
geschickt; 0.035457536147441716
grauem; 0.03539021481701639
led; 0.03534841242362745
einrichtungsserie; 0.034710487531265245
senfgelb; 0.03436855861218646
echtholz; 0.034148073697724615
queen; 0.0339519709450542
exklusiv; 0.033815677646634866
teilige; 0.03363640310708434
sitzgelegenheit; 0.03351799333831877
glänzendem; 0.0335042480379343
pvc; 0.033477961729659
beleuchtung; 0.03342963180912193
einzigartig; 0.03335675130365416
kinder; 0.0331103759148391
entgehen; 0.03295919348602183
versprüht; 0.032947597101156134
