Wort; Durchschnittlicher Wert
luftbett; 0.14469250373076648
bestway; 0.14300977469974896
pumpe; 0.1391756716548116
hinweisbitte; 0.13574095263902564
gästezimmer; 0.1329356692986039
grauem; 0.12747477873563184
eignet; 0.11637461024110962
beflockte; 0.11524553647177527
große; 0.11383144247156451
t; 0.11300639895125641
minuten; 0.11286932609800715
person; 0.1104004514108965
grau; 0.109299920120975
kleinen; 0.10762633232752705
rückenlehne; 0.10622191404490877
empfehlen; 0.10553961438927217
kategorienwohntextilienvorhängestehleuchtenwohnzimmertischedrucken; 0.10542754659400089
hautfreundliche; 0.10541688738157973
schlafplatz; 0.10538846076815389
praktisches; 0.1018528579793383
dezente; 0.10182787768007984
grauen; 0.10052814460686932
räumen; 0.10015480894071516
weiß; 0.10014710886915168
schlafsofa; 0.10001986916540773
lässt; 0.09974946743386681
feines; 0.09704507469723467
pvc; 0.09682394259834837
mitgelieferten; 0.0962239373002376
dekor; 0.09587060864942032
queen; 0.09490723974158755
fernsehsessel; 0.09478527238570678
elektrischen; 0.09400233336782549
funktionelles; 0.09314771750541695
charme; 0.09201679722718836
formschaum; 0.0915543707778852
bettlade; 0.09147364806995029
entspannen; 0.09054937697419518
einlasstiefe; 0.09047097168513574
zusammen; 0.08982841757097049
platzsparend; 0.08858641773258569
schnellverschlussventil; 0.08832125471963082
jugendzimmer; 0.08800040348046423
airbed; 0.08793705541756935
zusätzlicher; 0.0877565362079622
einzelbett; 0.08744105420191772
senfgelb; 0.0873605276519811
camping; 0.08730787508466165
erweitern; 0.0871304676256841
tragetasche; 0.08683836452837568
