Wort; Durchschnittlicher Wert
gemütliche; 0.018272070332204748
komfortables; 0.018067919490204077
luftbett; 0.01572982829056855
ab; 0.015378586075144085
über; 0.015363617501316184
gemütliches; 0.014268664330302272
integrierte; 0.013819328768295235
oberfläche; 0.013753114431892755
entspannen; 0.01343292309466051
übernachtungsgäste; 0.013294669316746877
ob; 0.01329055685782805
schlafplatz; 0.013062873636954464
bequeme; 0.013042424914237927
sollte; 0.013028771660356143
marke; 0.01292976273016393
liegen; 0.012770702455622996
egal; 0.012519556293409551
haben; 0.012380790224051452
äußerst; 0.012374922661911114
dank; 0.012140628569613909
macht; 0.012118839885079068
schon; 0.01208944400641485
setzt; 0.012007638457725988
ideal; 0.011961053471532068
platzsparend; 0.011942783982522086
ganze; 0.011824216122295183
integrierten; 0.011658022517804057
was; 0.011644119373704598
schlafen; 0.011640867424284806
bestens; 0.011617517013564792
edlen; 0.011386967239741353
integrierter; 0.011378651050108601
schublade; 0.01121976625508978
gerne; 0.010982428654460818
wir; 0.010967766164230851
praktische; 0.01095056511585426
übernachtungsbesuch; 0.010918401039452874
bequemlichkeit; 0.010881641209653025
alle; 0.010858239014487481
einmal; 0.010828439988108585
verleihen; 0.010763084352220176
verstaut; 0.01072299965962884
schnell; 0.010702881099859951
bieten; 0.010627210725033365
drei; 0.0106026128771191
hause; 0.01054836670646182
blicke; 0.010505858979922778
verfügung; 0.010439512238644966
verleiht; 0.010394074600299064
gerade; 0.010219457885978046
