Wort; Durchschnittlicher Wert
stilvolles; 0.0032230819406322553
blick; 0.0030517993865942115
mikrofaser; 0.0025778750226891135
verstellbar; 0.00247561704745749
stauraum; 0.00246994775316125
gepolstertes; 0.002226761434576474
bringt; 0.0020358772771942313
dunkelbraun; 0.0019615192722994834
anderen; 0.001866295217314473
stil; 0.0017731364387145732
gesamtbreite; 0.0017550561868119984
polyester; 0.0017502147526101907
optisch; 0.0016090776715373067
sieht; 0.001589678080199519
inkl; 0.001581571858332609
wichtigsten; 0.0015512601181399076
c; 0.001493667912473029
wood; 0.001450202003979939
attraktiven; 0.0013989783009492386
belastbarkeit; 0.0013952889305073768
bettdecken; 0.0013241896285762778
gefällt; 0.001313987638695835
bezug; 0.001282710480154492
einrichtung; 0.001233174690969463
style; 0.0011850915627292125
taschenfederkern; 0.0011793185192800592
erholt; 0.0011442739959875326
weiß; 0.0011342783574946225
elegantem; 0.0011255048958446422
buch; 0.0011198892409154837
verwenden; 0.0011043694477848476
gesellige; 0.0011042286452720873
gleichnamigen; 0.0010948957213258836
bigsofa; 0.0010861682068934897
robust; 0.00107259594574316
hinweisstoff; 0.0010455563861313522
härtegrad; 0.0010433476221805905
eindruck; 0.0010259222422973834
konisch; 0.001018189999842889
sofort; 0.0009678129899839405
jetzt; 0.0009649819350670441
querschläfer; 0.0009355458516438376
bettanlage; 0.0009227290018770873
variante; 0.0009057829319317534
kingsize; 0.000892617226963921
elegantes; 0.000891737979327445
park; 0.0008789845041064836
kilogramm; 0.0008647972957987804
linien; 0.0008584949970099842
holzfüße; 0.000858047885412816
