Wort; Durchschnittlicher Wert
geradliniges; 0.02894818859276711
eiche; 0.028892346766224365
farbton; 0.028781620410154574
dauerschläfer; 0.028559252179184112
einrichtung; 0.028356391238048673
verräumen; 0.028252926937057055
möbelstücke; 0.028219399084264296
gegenstände; 0.028164649810969423
wände; 0.02696671096236969
formschönen; 0.025873619530466387
hinweisepaketgröße; 0.02582257102330914
möchte; 0.02562956447181932
ausziehbett; 0.025566295066892054
überaus; 0.025446448730326664
wiederum; 0.025349920483313325
puerto; 0.025332254755630855
augen; 0.02527427197246652
matratzenhöhe; 0.02511939520645683
schlafgemach; 0.024966383109222078
beides; 0.02480317813642614
marino; 0.024652492211316712
kiefer; 0.02450552975060418
boxspringsofa; 0.024425518519092294
stärke; 0.024341581838962158
einfügt; 0.024032633104070555
kgzustellungdie; 0.023833149427082388
doppelte; 0.023791889385711328
hierbei; 0.023739717913395
platzangebot; 0.023608915547430342
möbelstückes; 0.023318951299006584
schlichten; 0.02327775575540727
komplettieren; 0.023148812270665075
markant; 0.023142787201868485
matratzenfixierung; 0.02307961681508459
misst; 0.023053193145096885
zeitschriften; 0.02303984681439033
auszeiten; 0.023014910078290995
pflegemontageanleitunghinweisstoff; 0.02297698269940156
teilen; 0.022969731775538092
komfortschaumkerns; 0.022918915242826188
pflegehinweisedrucken; 0.02290044730034424
musikhören; 0.022847006583606343
stress; 0.02281800550481421
patch; 0.022744754471750638
schickem; 0.022723278826015304
romantisches; 0.022681413561076624
angekündigt; 0.02261372889224731
aufweisen; 0.02233011044700106
ordnung; 0.022325917053240118
puren; 0.02231981278409876
