Wort; Durchschnittlicher Wert
anthrazit; 0.020301275160454678
fürs; 0.013432280885274395
wohnung; 0.01253562930287444
zuhause; 0.011334957190410933
mid; 0.010937234901939518
maßen; 0.01084464128507534
you; 0.010448948824341641
je; 0.010396103606581164
hochwertigem; 0.010335982542528654
moderner; 0.010185681987604767
webstoff; 0.01015038136029034
durch; 0.010084814572837785
matratzen; 0.0099618396086953
modernen; 0.009892231978301424
ins; 0.009751336285262369
maximale; 0.009616428434674163
look; 0.009530903652921552
albero; 0.00947976452007424
gästezimmer; 0.009368192753754556
morgen; 0.009338203540505675
topper; 0.009287592513555865
fernbedienung; 0.009233282602508552
nach; 0.009228694628291123
nur; 0.009227294842276024
kommt; 0.009222861868920518
nie; 0.009222051538017695
schlichten; 0.009152843885112815
perfekte; 0.00907671512613888
onlineshop; 0.00904318078119104
passenden; 0.008913957458571532
eiche; 0.00888375641247876
highlight; 0.008869874253650777
tonnentaschenfederkern; 0.008668159066291991
durchgehenden; 0.00858719710377045
bringt; 0.00844840897116228
frei; 0.008325180457904934
stil; 0.008252078095028991
ihrem; 0.008226179757184583
paketgewicht; 0.008184674536460079
ihren; 0.008134465511830058
dessen; 0.00805855699982203
bettes; 0.007950590638210997
seinen; 0.007909740781906293
sicherheit; 0.007869480550880326
schickes; 0.007787892461419687
gleichnamigen; 0.007785330310071004
ihrer; 0.007760825150762684
optimale; 0.0077057816459273456
direkt; 0.007596838997051237
schicker; 0.007591008627787233
