Wort; Durchschnittlicher Wert
gemütliche; 0.016898505674907936
komfortables; 0.016021683358121663
oberfläche; 0.014530523311987054
luftbett; 0.014522187772672623
äußerst; 0.013931670532474526
bestens; 0.013698322526761331
ab; 0.013629949196183589
marke; 0.013625976345792878
entspannen; 0.013585161371156573
integrierter; 0.013295576386735775
übernachtungsgäste; 0.012934774189488962
edlen; 0.01279376320017036
was; 0.012725275094271637
dank; 0.012460840884159552
platzsparend; 0.012426723279349971
spontane; 0.012424904460203834
liegen; 0.012397710695950082
akzente; 0.011793334654066711
gemütliches; 0.011720660120772664
modern; 0.011690958362305538
schon; 0.011589963675214676
integrierte; 0.011584440638580417
egal; 0.011560535909666214
verstaut; 0.011462289839255391
integriert; 0.011385900001914705
a; 0.011377086622815114
allein; 0.011363340959360358
hause; 0.011344958662084537
bequeme; 0.011205634937505237
einmal; 0.011200435640057549
bieten; 0.011142095163813792
gerne; 0.01114158502605278
ganze; 0.011112897566636092
edles; 0.011095327616203576
verleihen; 0.011082333469312288
schlafplatz; 0.011080975317963749
genügend; 0.010994089743326186
über; 0.01097440882731462
kunststoff; 0.010943843895802274
schublade; 0.01086305981152691
integrierten; 0.010824262392998208
ideal; 0.01066586452870979
wir; 0.010622941616747993
blicke; 0.010507463503745384
haben; 0.010486911537736888
drei; 0.010410808543929307
setzt; 0.010388395479822066
übernachtungsbesuch; 0.010340636606269982
sollte; 0.010332307986936939
macht; 0.010310166716499225
