Wort; Durchschnittlicher Wert
stilvolles; 0.01511778105632402
weiß; 0.015092862705205334
sieht; 0.009954544793436071
gepolsterte; 0.009799475683030323
selbst; 0.009198732488584938
rund; 0.009133984250365757
wählen; 0.008913386980566429
durchdachte; 0.00857591640597093
ebenso; 0.008539378552814014
optisch; 0.00831426776941555
viele; 0.008245199919474543
korpus; 0.00820783747326459
maximalen; 0.007952088386809919
gepolstertem; 0.007707260179881814
zugabe; 0.007483816843432578
lederlook; 0.007418463245085149
möbelstück; 0.007312421714595984
erfüllt; 0.007185949323684326
einrichtungsstile; 0.007127026319358265
großzügigen; 0.007109756660761945
zeitlose; 0.006950047708960483
zeitlosen; 0.006828996625154104
wenigen; 0.006591017953132905
klappbett; 0.006546457775039016
handgriffen; 0.00645598392620741
überzeugt; 0.006444122669654462
gut; 0.006441459151574236
juist; 0.006279770378023386
entscheiden; 0.006278306128115219
hellgrau; 0.006267222664791916
wieder; 0.006258560023252357
verstauen; 0.006232684772476205
gäste; 0.006224220193644214
auswahl; 0.0061859570570959475
komfortablen; 0.0060443538532126695
option; 0.006012983618347789
hellgrauen; 0.005981913284199436
schlafgelegenheit; 0.005877850949764252
ausgestattet; 0.00585523377667414
schlaf; 0.005574618343052862
stets; 0.005558421020668902
gefertigte; 0.005488119180154172
preis; 0.005275998553770478
handumdrehen; 0.005185105286363978
jede; 0.005131787748541683
erholsamen; 0.005123601845571102
gefertigt; 0.0050200985668197974
holzdekor; 0.004920933318680909
stilvoll; 0.004816718614165438
sich; 0.004728816437864225
