Wort; Durchschnittlicher Wert
anthrazit; 0.01607710618414728
zuhause; 0.0150331953947898
wohnung; 0.013102338102908107
hochwertigem; 0.012675488236709498
schicker; 0.012544718213939631
albero; 0.010802852261303997
ins; 0.01008877141357516
matratzen; 0.010066255832498427
gästezimmer; 0.009876317501766606
fürs; 0.009497786668362096
maßen; 0.009384270678128814
schlafgefühl; 0.009061543703137432
seinen; 0.00904755104565993
nach; 0.008985460260009858
moderner; 0.00898325916932663
kinderzimmer; 0.008972578513203188
holen; 0.008510726611712016
passenden; 0.008456063442281447
je; 0.008395389404904563
schickes; 0.008349387213820591
kommt; 0.008213290275307372
schlichten; 0.00820801576919621
ihrer; 0.008162813942180946
maximale; 0.008152622773195617
ergänzen; 0.008150525466771797
ihr; 0.008070555857557338
mid; 0.008022472454467789
fernbedienung; 0.0077781475556548685
eines; 0.00774700497277081
eiche; 0.007690332370111718
highlight; 0.0076747339364374055
look; 0.007646718263276853
sondern; 0.007621220983855892
bordsteinkante; 0.007587189217156265
liefertermins; 0.00755187101312913
optimale; 0.007544658548431471
einrichtung; 0.007511643274210655
modernen; 0.007428367748616438
besitzt; 0.007392366518615745
durch; 0.007374354437342845
onlineshop; 0.0073336972389370205
träume; 0.00727376697177533
dekor; 0.00725683833588846
modernes; 0.007210830455005634
bettes; 0.007202323808451183
steppung; 0.007118184893624857
nur; 0.007064703426294727
ihrem; 0.00706250285875285
paketspezifische; 0.007052713262964971
tolles; 0.007019439240684733
