Wort; Durchschnittlicher Wert
luftbett; 0.041627372619404926
bestway; 0.037188662399421445
hinweisbitte; 0.03465883133249008
pumpe; 0.03333016292890534
grauem; 0.032105371636498604
beflockte; 0.030081427248660475
minuten; 0.029969755129422994
bonellfederkernmatratze; 0.029821360277128405
charme; 0.027247846006503096
geschickt; 0.027115656416572164
eignet; 0.026342147058676345
dekor; 0.026200013514608145
einzelbett; 0.02606562809960451
weiß; 0.025985204786320538
kleinen; 0.02567569338280009
große; 0.025347351629534387
bettlade; 0.025229812787301853
person; 0.02519085480889771
mitgelieferten; 0.02517247197138204
stoffbezug; 0.02496310413116589
queen; 0.02495158910896862
schlafplatz; 0.024624812937690876
derselben; 0.02404938679828774
zusätzlicher; 0.024007818044628947
airbed; 0.023897516352008097
wotan; 0.023706693866552088
empfehlen; 0.023602015773940367
rückenlehne; 0.02351660855783848
elektrischen; 0.023295920030795968
feines; 0.023176433280059427
carolina; 0.023156365826434922
räumen; 0.02293081145871838
dezente; 0.02285364623821806
pvc; 0.02278085575962905
echtholz; 0.02268706646427745
funktional; 0.022637246684234925
hautfreundliche; 0.02257682093040785
fernsehsessel; 0.022568079382472205
verhindert; 0.022417322453429735
abnehmbarem; 0.022390158070629697
unterwegs; 0.022364764237136115
gästezimmer; 0.02224442521983292
zusammen; 0.02222236537563731
kabel; 0.022181771112082062
geneve; 0.022179739162675106
schwarze; 0.022056233168586913
mitgeliefert; 0.021950392659346108
rollrost; 0.02186842600203818
grauen; 0.02183260251294996
sitzgelegenheit; 0.021757880764926085
