Wort; Durchschnittlicher Wert
ausziehbett; 0.011574413190828636
traumhaftes; 0.010830302027170547
formschönen; 0.010630269028479234
schlafgemach; 0.010593324356887025
langjähriger; 0.010529636043793289
naturbelassenem; 0.010483013141492848
marino; 0.010335468949051574
kiefer; 0.010101665758702439
ausgezeichnetes; 0.010042501547650318
boxspringsofa; 0.010024607049126643
einfügt; 0.009727824130095541
komplettieren; 0.009620994221768342
geradliniges; 0.009395955028594472
überaus; 0.009305599953222554
bereich; 0.009282554136007093
wo; 0.009192975267069414
charakteristische; 0.009064579402183881
eiche; 0.009063678653910756
schlafbereich; 0.009059460711432621
vieles; 0.009001031039224472
webstoffmax; 0.008980530545522924
gegenstände; 0.008940692183387
premium; 0.008859830218716525
puerto; 0.008858766817138531
schlichten; 0.008829005958978087
zeitschriften; 0.008800975602207472
kombinierbare; 0.008796349995827768
currygelb; 0.008773057645885273
dauerschläfer; 0.008761071477783844
artdeco; 0.008726989687420427
abgerundete; 0.008684778075985378
anthrazitmaterial; 0.00866382427411736
jene; 0.008608559759886702
hinweisepaketgröße; 0.00855152885778807
skandinavisches; 0.008535133430996211
nadja; 0.008514487031789031
doppelte; 0.008432548842392862
marianne; 0.008381225878838449
anstrengenden; 0.008357668571261457
musikhören; 0.008347966282781272
pyjamaparty; 0.008332572269137018
wohnungen; 0.008311868582677562
augen; 0.008310224890738026
chenille; 0.00829717192100361
schlammfarbe; 0.008283472775656265
präsentieren; 0.00825531277077971
verchromten; 0.008225782489171251
höhenverstellbares; 0.008068641305726487
stöbern; 0.00806267539737746
möbelstücke; 0.008008212220738642
