Wort; Durchschnittlicher Wert
luftbett; 0.05162209249101579
bestway; 0.049999823460348126
grauem; 0.04254872790770605
pumpe; 0.040747105254558845
schwarze; 0.03879231377795804
airbed; 0.037063518440845655
empfehlen; 0.036732630123151463
beflockte; 0.03618260662769899
hinweisbitte; 0.036070948636916
schlafplatz; 0.035270334700180685
formschaum; 0.03524869559914805
minuten; 0.03503730989177711
charme; 0.034860492107691245
bonellfederkernmatratze; 0.03480879390262999
person; 0.03419494497939013
teilige; 0.03406916580279358
geschickt; 0.03337348873174051
einlasstiefe; 0.033102237091225103
dekor; 0.03287341755712987
übernachtungsmöglichkeit; 0.032561389249167405
unterwegs; 0.032516285090241584
mitgelieferten; 0.031655299539852425
schlafsofa; 0.031410372837854084
queen; 0.030927714784047565
zusätzlicher; 0.030888525178306737
gradlinigen; 0.030743387853726746
grau; 0.03056778749451041
havanna; 0.030500196528737433
einzelbett; 0.030374872415995922
grauen; 0.030313029264652867
kleinen; 0.030310738344996934
funktionelles; 0.03018152186559746
entgehen; 0.029993385169655086
erholung; 0.029979118271330662
große; 0.029965665939380416
hinsetzen; 0.029817741882288827
gästezimmer; 0.02973439891684393
zeitloser; 0.029648565084789878
kabel; 0.029470957128796726
rückenlehne; 0.02937191784803872
stoffbezug; 0.029352408049135192
mars; 0.028946588186954614
schöner; 0.02894150599895511
wohlige; 0.02893023091892246
webstoff; 0.028795157014610596
schaumstoffkissen; 0.028538373179617337
oberseite; 0.028439773165155204
eignet; 0.0284373164506178
stuhl; 0.028074665865278802
schnellverschlussventil; 0.028060845576692372
