Wort; Durchschnittlicher Wert
farbton; 0.03725039545097388
wände; 0.035817315330496056
einrichtung; 0.0357126488990616
dauerschläfer; 0.035535799025092275
ordnung; 0.03504069758928381
komplettieren; 0.034414259669574676
geradliniges; 0.034011940890923145
augen; 0.03382824453874491
wiederum; 0.033307781245093794
eiche; 0.03295626766048372
eyecatcher; 0.032733061704493596
greige; 0.032143474608892574
füßenstilvoll; 0.03148996073869057
möchte; 0.03137150451075286
verräumen; 0.03125289532472379
unterstreichen; 0.031138265854679048
misst; 0.030832827930134955
platzangebot; 0.03049952967412537
jeglichen; 0.030260840599657966
edlem; 0.030178010248346255
angekündigt; 0.029966162075288592
ende; 0.029922554147196932
beige; 0.029856703825862495
anstrengenden; 0.02966079395264387
stress; 0.029634045471902938
samtbezug; 0.029616944442386738
liegeerlebnis; 0.029558063755393958
füßen; 0.029427638930792456
elegante; 0.0292942227984895
ablageflächen; 0.02929417942141299
jedes; 0.029205589767661876
rollroste; 0.029128409975965042
rückenpölstern; 0.02912747099180706
kiefer; 0.029052345950185555
camelfarben; 0.028861704454175196
hierbei; 0.028479703032644466
verziert; 0.028082025251933374
möbelstückes; 0.028029772592708467
absolute; 0.027962055263924413
markant; 0.02791911591193639
charming; 0.027656518877483903
matratzenhöhe; 0.02765195610409137
haushalt; 0.027557951937342295
komfortschaumkerns; 0.02726587952929549
stella; 0.02724063160130754
formschönen; 0.027214804606046528
romantisches; 0.02716700904420577
raffinierte; 0.027156775855110026
nylon; 0.027140182424045634
schlank; 0.027125251211873546
