Wort; Durchschnittlicher Wert
pumpe; 0.05016767173365224
grauem; 0.045455404242966325
schwarze; 0.045086601117509416
grauen; 0.04424115555084427
charme; 0.043154060217784715
beflockte; 0.043036846595350654
minuten; 0.041672897303942594
bonellfederkernmatratze; 0.039118037497974004
queen; 0.0381778257957194
verbreitet; 0.037402592911530516
echtholz; 0.037130298537522324
einlasstiefe; 0.036971641988202464
geschickt; 0.0366401528386632
mars; 0.03661460842122324
dezente; 0.036129044283006805
gradlinigen; 0.03589676555129699
airbed; 0.035753561212914065
zeitloser; 0.03553560079599265
empfehlen; 0.035065920533088504
lässt; 0.03491142202001356
eignet; 0.03424836445628898
fernsehsessel; 0.03422336752555566
schlafplatz; 0.0342213321437157
erholung; 0.03395027855003718
geneve; 0.0333565344219096
verhindert; 0.032975337433163075
outdoor; 0.0326614114453605
senfgelb; 0.032619806490583866
hautfreundliche; 0.03254908892849926
montageanleitungdrucken; 0.032377220143098386
feines; 0.03228295481239911
edelstahl; 0.03221371555118822
zweckmäßige; 0.03200020873628091
unterwegs; 0.03176902203704231
verführerische; 0.03169173487694934
schaumstoffpolster; 0.03166295609844383
teilige; 0.03158439114631619
comfort; 0.031479476782260464
kabel; 0.03146260073699523
mitgeliefert; 0.03134682219242677
dreifach; 0.031335450508049686
pvc; 0.03126594139030203
exklusiv; 0.031097695446806028
elektrischen; 0.03101432710827794
ausziehbaren; 0.03052105812175796
geräumigen; 0.030470738373605855
carrol; 0.03043779910658486
versprüht; 0.030434161040466277
übernachtungsmöglichkeit; 0.030399560274236136
integriertem; 0.03030018046993064
