Wort; Durchschnittlicher Wert
robuste; 0.11653689541708445
vintage; 0.11303142471297178
wand; 0.10715741859894479
buchenholz; 0.10661255170998629
edel; 0.10344488769260352
besitzt; 0.09932195061674065
juist; 0.09830554413929349
holzrahmen; 0.0978950510834693
etwa; 0.0965563918434782
kilogramm; 0.0965143116627587
lino; 0.09580120896498556
gewicht; 0.09559212626481894
matto; 0.09490506423344414
lieferunglieferhinweislieferung; 0.09478790771390777
pölstern; 0.09464550799748395
variieren; 0.09386571291543078
wandgestaltung; 0.0932928345810069
erholsamer; 0.09149476679158397
raumsparende; 0.09090377825850737
bella; 0.09053330557435402
zugehörigen; 0.09051418928720523
märchen; 0.09024243335261417
kunststofffüßen; 0.08926091756438836
rosa; 0.08880149143442395
scalea; 0.08843475898902398
regi; 0.08815516751383257
polster; 0.08745912753238372
lieferumfanges; 0.08718472350665252
angenehmem; 0.08647038504568627
querschläfer; 0.08642677695752354
nierenkissen; 0.08637951394848642
maschine; 0.08599188037624117
zubettgehen; 0.08553142152959481
überzeugende; 0.08537841275028768
toller; 0.08523667376721278
himmel; 0.0848000637779478
komforthöhe; 0.08444459357997403
bettschubladen; 0.08436496184731368
dunklem; 0.08414973874459974
boxspringbettes; 0.08412589405634208
royales; 0.08406749967980431
tipp; 0.08392793222083128
befindet; 0.08381977047974942
komfortschaum; 0.08381867895514006
playboy; 0.08376484017207986
fest; 0.0832867677690956
arezza; 0.08325374394917162
wenig; 0.08303826834162464
spontaner; 0.08297811801094213
verloren; 0.08275950145616662
