Wort; Durchschnittlicher Wert
schlichten; 0.0031961064439656184
onlineshop; 0.0027583420739574647
optimale; 0.002705588152457494
pur; 0.002642169670070871
zuhause; 0.002569120559564908
kommt; 0.0025606426642298175
maximale; 0.002517967396596532
rundum; 0.002483679717488485
form; 0.0023842080488975627
nach; 0.002342941593087744
geltung; 0.002198523858533008
hochwertigem; 0.002106091264204224
kinderzimmer; 0.001863133900496905
klaren; 0.0018508436005504336
bereits; 0.0018414683325318037
nichts; 0.0018003087545366725
natürlichen; 0.0017990559182180731
schaffen; 0.0017864373636257368
rahmen; 0.001736975077801617
gepolstert; 0.0017062084335748295
eiche; 0.0016738987809731044
schicker; 0.0016418202096247115
je; 0.0015705003606854007
allem; 0.0015657354560971726
genuss; 0.0014665264152426971
nacht; 0.0014540057026806608
erhält; 0.0014456879331191884
schlafsofa; 0.0014379602787812473
raffinierten; 0.001433671584163676
da; 0.001415061329544187
machen; 0.0013577902436736622
tolles; 0.0013218174659414216
seite; 0.0013065069333606516
funktionales; 0.00128233921896026
groß; 0.00123451599101827
kombinieren; 0.0012177116463135463
buch; 0.0012169360245025019
entstehende; 0.0012162375231127953
anderen; 0.0012037824621074834
gutes; 0.0012032572820771747
möbelstück; 0.0011653013232717057
silberfarbenen; 0.001163632440056972
sitzerlebnis; 0.0011594764533583656
mara; 0.0011508235285873525
angenehmes; 0.0011256822228460806
preis; 0.0010920387747319182
zudem; 0.001073123506103002
selbst; 0.0010176037903875113
verschiedenen; 0.0009928385121611427
holen; 0.000982040912276716
