Wort; Durchschnittlicher Wert
hochwertigem; 0.027259147360564385
schicker; 0.026146200966832112
zuhause; 0.02550398424452851
wohlfühlen; 0.02175435100652976
stil; 0.016896682717924705
robust; 0.016479940745193745
anderen; 0.01604479176130553
gleichnamigen; 0.01595455330425466
bringt; 0.015864974720352622
einrichtung; 0.015458862534433137
rahmen; 0.013685504268323712
kommt; 0.013652774029105785
form; 0.013365339392703391
eiche; 0.013350541931231419
pur; 0.013266831303553772
rundum; 0.013206439962914374
da; 0.013196653292834527
kinderzimmer; 0.0125391830877561
maximale; 0.012456020953621305
bereits; 0.012194140518840869
je; 0.012171839719212586
nichts; 0.012126188272759464
erhält; 0.0120533538750351
dekor; 0.011978117465139349
nach; 0.011863791894211318
natürlichen; 0.011843559724911756
schaffen; 0.01178061128284753
onlineshop; 0.011761103741366696
gleich; 0.011504859801061685
optimale; 0.010926907247267081
schlichten; 0.010913358693733244
zieht; 0.010424295315169729
tolles; 0.010378033498557215
hat; 0.010316727656390867
geltung; 0.010074636838453443
kombinieren; 0.00986554214687203
eignet; 0.009863485775713342
sicherheit; 0.009598226005437027
kann; 0.00913837822372443
sorgen; 0.00899043447193435
kombination; 0.008936454321155907
gestaltung; 0.008422217056431692
ambiente; 0.007977570515777188
größe; 0.007136851862742333
schwarz; 0.005923478397744475
tragen; 0.005131997655735176
praktischen; 0.004998401855118573
mehr; 0.004986188565453631
preis; 0.0048719166938099075
bequemen; 0.004871186893615232
