Wort; Durchschnittlicher Wert
anthrazit; 0.03030486872594338
zuhause; 0.02555332139040729
fürs; 0.023408239359559956
hochwertigem; 0.02334293486310344
schicker; 0.022929232253227384
wohnung; 0.022573860932152457
kommt; 0.018734087486518548
albero; 0.015309659936610842
tonnentaschenfederkern; 0.015210601409671653
dessen; 0.015117978007765487
matratze; 0.015046219915620895
durchgehenden; 0.01473574696792639
form; 0.014602930772525724
geltung; 0.014454056990507525
gästezimmer; 0.014387932319004903
wie; 0.014297324370272691
stellen; 0.01429673865568475
perfekte; 0.014260761225341412
natürlichen; 0.01416427407093579
pur; 0.014064545926521533
nichts; 0.013997947520692833
topper; 0.013964095099436236
webstoff; 0.013863440553541296
highlight; 0.01385956641024677
fernbedienung; 0.013663723618356017
da; 0.013461000073584728
rahmen; 0.013041828866698779
modernes; 0.012928693728591156
bereits; 0.012717702783265849
nie; 0.012666125239047688
morgen; 0.012551040909602306
erhält; 0.012352073956935782
je; 0.012301582845975646
holen; 0.012012881086047856
schaffen; 0.011956154780546058
rundum; 0.011936970644455869
kissen; 0.011847859099179913
ergänzen; 0.011837558889965294
nach; 0.01159468398836907
onlineshop; 0.011553559354433673
elegantes; 0.011537594225137582
geformten; 0.011454403097923204
besitzt; 0.011424828306553536
kinderzimmer; 0.01126431221346138
schickes; 0.011192520929762395
maximale; 0.011075057004200061
passenden; 0.01091028287919471
dekor; 0.010905951339009335
schlichten; 0.01083531818148913
eiche; 0.010701944890024606
