Wort; Durchschnittlicher Wert
wohnung; 0.02017937246037036
zuhause; 0.019256212886466527
schicker; 0.019131186859669923
hochwertigem; 0.018809822275738953
gästezimmer; 0.015864989954570773
albero; 0.014991066538823362
schickes; 0.013705695503324478
besitzt; 0.01339988474146594
schlichten; 0.01306126559952645
maximale; 0.013054371947873733
seinen; 0.013012983322732907
holen; 0.012884784381640202
passenden; 0.012762881886646937
onlineshop; 0.012577799460473216
nichts; 0.012514200139548848
ergänzen; 0.012508132772200042
kinderzimmer; 0.012484852762008813
kommt; 0.012469695170989326
erhält; 0.011958059701191815
je; 0.011782540028733024
dekor; 0.011745465491458162
nach; 0.011401811942778294
eiche; 0.011329267189489655
form; 0.010891234797418292
optimale; 0.010271744566261986
da; 0.010219070370658301
ihrer; 0.00985858900958192
sicherheit; 0.009751433411474863
natürlichen; 0.00951522452496647
direkt; 0.00925947034274941
tolles; 0.009153182334148368
vereinbarung; 0.009068281099735032
tragen; 0.00901431663501171
sorgen; 0.00899701235248358
rahmen; 0.008927493623195915
ihrem; 0.008831052564619312
gleich; 0.00880410076363205
erfolgt; 0.008636671011117869
passt; 0.008535218264478317
flexibilität; 0.00820578311868303
liefertermins; 0.008130745307971666
welcher; 0.007968760578842193
paketgröße; 0.007586788416665513
gestaltung; 0.007566588322538337
eines; 0.007553861555243202
praktisches; 0.007493872014674707
zustellung; 0.007416114926127193
spediteur; 0.007314189207272647
kontaktieren; 0.0072451879724212635
paketspezifische; 0.0070823592659507995
