Wort; Durchschnittlicher Wert
bereit; 0.0022894436109709205
material; 0.0021340674717066576
verfügt; 0.002118845378208789
handumdrehen; 0.0020407792428159153
praktische; 0.0019881055002770156
modern; 0.0019870944179274375
kunststoff; 0.0017454042616009246
lange; 0.0016446454736069426
stabilität; 0.0016401681074057705
bestens; 0.0016087520743894856
ideale; 0.001601617448795878
gäste; 0.0015996301326367756
zeitlosen; 0.0015945645374813467
gemütlich; 0.0015545400317932944
edles; 0.0015352662367149605
vermittelt; 0.001490793936955015
schublade; 0.0014897907167323865
was; 0.0014894527072101481
alles; 0.0014429849445150467
anbieten; 0.0014122346768999706
kiefernholz; 0.0013972674868682588
edlem; 0.00138939016957238
richten; 0.0013786282563160058
über; 0.0013566853376687504
diejenige; 0.0013316295413460465
bedürfnissen; 0.0013095495452944306
echter; 0.00129298992906115
angenehm; 0.0012874794691015267
liegezonen; 0.0012847505158788408
marke; 0.0012615178537089377
jeder; 0.0012467262255995593
blicke; 0.0012063702535670018
platzieren; 0.001195507228135284
kissen; 0.0011872231880261097
gesunden; 0.0011682890788051736
akzente; 0.0011644069714748183
setzt; 0.0011550982449989532
sitzen; 0.0011458915075309051
höheren; 0.0011114082691733528
sitzposition; 0.0011059195470807027
hochwertige; 0.0010958425614489898
umfunktioniert; 0.0010640788399541635
aufgrund; 0.001062251163602923
dies; 0.0010414944277385985
gerne; 0.0010388798840722303
einmalig; 0.0010350877120799851
doch; 0.0010340543205529685
elegante; 0.00102583099860567
ausreichend; 0.0010038673105100316
scheuertouren; 0.0010025731607129274
