Wort; Durchschnittlicher Wert
kinderzimmer; 0.0026011969053797656
hellgrau; 0.0024580150267865973
möbelstück; 0.0022651634906651454
pur; 0.00225912833957409
zimmer; 0.002172167307435302
gefertigte; 0.0021499999056686647
paketspezifische; 0.0021379431389505045
gästezimmer; 0.002017793926643208
raum; 0.002012644982460188
schaffen; 0.0019973937123722862
ebenso; 0.001985098725708667
hellgrauen; 0.0019075421951129101
onlineshop; 0.0018851121725674603
zeitlosen; 0.0018845738159143366
gepolstertem; 0.0018459908271324821
optimale; 0.001834589943609899
entscheiden; 0.0018015771824138938
frei; 0.0017966406066989293
ihrer; 0.0017746816942235456
damit; 0.0017428479285626964
wahl; 0.0016530116754438495
rundum; 0.0016485969566474522
mittelpunkt; 0.0016322113129717763
korpus; 0.0016318235524522607
liegeerlebnis; 0.0016225518041210307
t; 0.0016219132658079616
entdecken; 0.0015962936507094127
individuellen; 0.0015865841076447395
selbst; 0.0015846123731535044
zeitlose; 0.0015566420674076654
erfüllt; 0.001536276460683439
zugabe; 0.0015324197105655913
maximale; 0.001501028887287248
lieferumfang; 0.0014905059754710237
kommt; 0.0014432614457319914
wählen; 0.0014284868720096711
dekor; 0.0013786597002763302
tragen; 0.001363718958600657
schlichten; 0.0013408209168119356
preis; 0.0013364634229219518
rahmen; 0.0013127767012520053
innenleben; 0.0013053444513047908
hohen; 0.00128831097681541
bettzeug; 0.001277835579458042
erleben; 0.0012756413201714168
eiche; 0.001261329518229104
welcher; 0.0012250582360138651
sitzerlebnis; 0.001212151295512598
trendige; 0.0011813982157036663
wirkt; 0.0011801973028923384
