Wort; Durchschnittlicher Wert
geradliniges; 0.2272268799424637
ordnung; 0.22603649971779305
rückenpölstern; 0.21893583553901408
misst; 0.21597675604425604
farbton; 0.21136323240352795
kiefer; 0.20900116868142504
angekündigt; 0.20771055946897832
verräumen; 0.20597394478318165
boxspringsofa; 0.20422264270018786
wände; 0.1996491620757297
platzangebot; 0.19847859324363526
marino; 0.19620494710761704
möchte; 0.19493792529101484
beige; 0.19342268656328088
teilen; 0.19231223205133574
samtbezug; 0.19211742014158517
möbelstücke; 0.19063630870459747
silber; 0.18976408280286705
greige; 0.1894711686327355
matratzenhöhe; 0.1882657739733986
ablagefächern; 0.1875947124317463
puren; 0.18698953852799605
jedes; 0.18637171203590697
ende; 0.18478751694783568
augen; 0.18202117340570112
füßenstilvoll; 0.18117911875879145
holen; 0.17997097321494948
alaska; 0.1793703102721338
jene; 0.17887315083135036
später; 0.17831112737371768
langjähriger; 0.17715561002478353
vergangenheit; 0.17597435840616527
möbelstückes; 0.17593624612072745
pflegemontageanleitunghinweisstoff; 0.1749138393861358
hierbei; 0.1745868506586703
nosagunterfederung; 0.17453449314052705
patch; 0.17373541813503834
offenen; 0.17372783166683803
komplettieren; 0.17339309174258233
geeignet; 0.17305930470320163
gehören; 0.17273553190716484
unterschiedlichen; 0.17243747858447023
fliegen; 0.17227144414755458
flachgewbe; 0.17167604266251146
stilsicheres; 0.17163332880591042
wohnelement; 0.17041989554309112
einziehen; 0.17036854986145045
formschönen; 0.16973206404327357
schliff; 0.1680598524482093
unten; 0.16784629060566658
