Wort; Durchschnittlicher Wert
liegen; 0.02857912238687277
komfortables; 0.028318755608052016
sollte; 0.02815999558661133
übernachtungsbesuch; 0.02791892074747011
gemütliche; 0.027181963686598466
gemütliches; 0.026548779371660204
ideal; 0.026356546970782803
entspannen; 0.026125821063760667
schlafplatz; 0.025978148786816747
über; 0.025879153417190538
kunststoff; 0.02472238861955702
dieser; 0.02454850762151182
besten; 0.02454086805228144
eignet; 0.024052392679732294
schlafkomfort; 0.023050802090438083
material; 0.022799363327794708
bequeme; 0.022733973083086313
angenehm; 0.022610244448515004
praktische; 0.022600491595221685
perfekt; 0.022339505775016734
handumdrehen; 0.02220317365427036
marke; 0.022064401174429805
anbieten; 0.0219278673408553
was; 0.021909431909443812
ideale; 0.021608433325309307
runden; 0.021436134161194786
schon; 0.02136547557893209
ganze; 0.021343054657336324
gästebett; 0.021318094836897217
weiter; 0.020917328289942815
top; 0.020896991837071256
dafür; 0.02070658477314282
praktischen; 0.020507228450151162
besonderen; 0.020497462415369226
oberfläche; 0.02031646955292672
hause; 0.020293660613242538
freuen; 0.02021055072254967
platzsparend; 0.020082467549946158
äußerst; 0.019824785541277378
verstaut; 0.019774932588916272
bequemlichkeit; 0.019529039884218946
lassen; 0.019408749166177585
rundet; 0.019112588558346032
doch; 0.018821408653457182
bringen; 0.018631722789723425
lädt; 0.018618877930566668
gleichzeitig; 0.01861122124828398
gemütlich; 0.018328056222526357
hohe; 0.01825106556789251
bereit; 0.018180547648807988
