Wort; Durchschnittlicher Wert
fürs; 0.02517773451800167
modernen; 0.012648142123362049
albero; 0.012042503555858276
gästezimmer; 0.011374042992429167
nie; 0.010200195277138845
dessen; 0.009997116777594784
webstoff; 0.009988631513988367
perfekte; 0.009891142615651915
fernbedienung; 0.009837238104228162
besitzt; 0.009672903909813613
durchgehenden; 0.00960665931852418
tonnentaschenfederkern; 0.009485503431642428
stellen; 0.009332957924925722
moderner; 0.009324220246344338
morgen; 0.009273889846917882
look; 0.009228342021197022
matratzen; 0.009079892814042978
dekor; 0.009027371927368221
eiche; 0.008928549192205537
holen; 0.0089144901427062
highlight; 0.008877653650415596
ins; 0.008871237016865052
da; 0.008807321530184709
topper; 0.008785037272173214
onlineshop; 0.008686309363110923
je; 0.00867837846240036
schickes; 0.008618078992367374
kommt; 0.008609488722322567
maximale; 0.008554041110619437
maßen; 0.008298791381821501
nach; 0.008177890899241902
ergänzen; 0.008151137147069675
seinen; 0.00808646419627621
sorgen; 0.00800006629433483
tolles; 0.007839839058578945
wohlfühlen; 0.00777719774923753
rahmen; 0.007759223706307239
schlichten; 0.007710179048956434
wohnung; 0.007618595471558365
passenden; 0.007567270311847096
zeitloses; 0.007459210608794819
anderen; 0.007412084989482537
wohnbereich; 0.007311511649459135
optimale; 0.00728103879300761
nichts; 0.0072174096963863125
ihren; 0.007182118382843328
gestaltung; 0.007087183879411896
robust; 0.007015323307132349
natürlichen; 0.006987890911659633
kinderzimmer; 0.006964515065919841
