Wort; Durchschnittlicher Wert
Wohnelement; 0.047099908861127915
aus95; 0.045766820141579956
allerbesten; 0.044822601979831234
Möbelstückes; 0.042490144973271526
markant; 0.03979464000440203
Rundrohr-Optik; 0.039182925887871534
hierbei; 0.038009928772225976
schlank; 0.037556387163931504
PATCH; 0.03749192378381849
türkisem; 0.037010266838478856
Flachgewbe; 0.03642175320419483
Lounge; 0.0360569644253701
Auszeiten; 0.034981264907401055
Bordsteinkante.Paketspezifische; 0.034288238966837525
Alltag; 0.031208995613269508
werden.Die; 0.030318682081997395
Schwarz.Die; 0.030220093205571175
Großes; 0.030082971177762374
Eyecatcher; 0.029573836334748194
Ausziehen; 0.02947400583070703
wird.HinweisDieser; 0.028729097728501074
saubermachen.Die; 0.02869841846404597
Einladung; 0.028429439131286927
äußeren; 0.02838892806903459
verräumen; 0.028372679138556123
exquisiten; 0.028348558000288904
Waschen; 0.027690797607647255
geeignet.Mit; 0.02762610511854291
FRISCOKombinieren; 0.027594076207606122
puren; 0.027512777771335095
Dauerschläfer; 0.027447298809420317
jene; 0.027443592436611652
PflegeMontageanleitungHinweisStoff-; 0.02738616599526722
STELLA; 0.027292028767988086
Rückenpölstern; 0.027223575598327443
sollte.HinweisDieser; 0.02694554184563458
verstauen.HinweisStoff-; 0.02676164824515581
Grün; 0.026514185970881954
stilvollen; 0.026388229845906608
FREDDY; 0.026089898835380154
Microfaser; 0.025971276016207412
MELINDA; 0.02562130952719599
umfunktionieren; 0.02543232444440946
PUERTO; 0.02533667752686597
kgZustellungDie; 0.025142432314169127
AnthrazitMaterial; 0.024791062163785682
Überzug; 0.024688972349395044
loungen; 0.024566963082179427
verziert; 0.02443703643803019
Gurtfederung.Ein; 0.024412352257058956
