Wort; Durchschnittlicher Wert
Pölstern; 0.02615220780717209
verloren; 0.025947867878130637
Praktisch; 0.025270858208386926
NORWICH; 0.025243973796023056
eindrucksvolles; 0.024227900605183095
schlummern; 0.02413925544533413
MATTO; 0.023747386802369874
angenehmem; 0.022569159322301857
Paketgröße; 0.02202327302074991
Sitzposition; 0.022000072578521213
eingearbeitet; 0.021845679915713845
Dadurch; 0.02178324631677242
passt.Weich; 0.02176727152254898
edel; 0.02136339827120537
jeweils; 0.0213303284012909
ihrem; 0.021191372233261063
leicht; 0.02099843323958339
Co; 0.020935629319865257
optimale; 0.020581404905669842
Schaumstoffkern; 0.020540283599984832
237; 0.020501353912550258
mühelos; 0.020384515533805825
NEW; 0.020201981144055026
Tipp; 0.020144633648669696
Dunkelblau; 0.020108488766709343
Regalfächern; 0.0201023617410101
Gemütlich; 0.019979077085736208
stilvoller; 0.019932502709707478
Liegevergnügen; 0.019871647746185772
Tiefe; 0.019862184792145854
127; 0.019848217911203392
teilmassivem; 0.01965519548230077
üppig; 0.01943081295939919
Fernsehabend.Die; 0.019429365824180422
abnehmbar; 0.01932359370039194
Stoff; 0.019315417359393905
mögen; 0.019313648153911345
Falls; 0.019295771198812872
Bequemes; 0.01926470322359819
Kind; 0.019229082063247915
%; 0.0191983831628022
frische; 0.01904836285393685
benötigen; 0.018857434442907106
Senfgelb; 0.018851762819394935
MAINE; 0.018812359194271266
fester; 0.018757560615995317
wäre; 0.01874747584315628
belastbar.Ein; 0.018747297505797178
Spielzeug; 0.01858264942711685
270; 0.018556877836545027
