Wort; Durchschnittlicher Wert
Luftbett; 0.03060692713188473
sind.Drucken; 0.02416538881516317
Jugendbett; 0.022769568424337194
Einlasstiefe; 0.021780481627502013
mühelos; 0.021244176798063563
verführerische; 0.021110081448568963
BESTWAY; 0.021079181766253896
Gemütlich; 0.020897449721815065
passt.Weich; 0.020099989815207664
U-förmige; 0.020056707799085416
pflegeleichtem; 0.01941113379325543
widerstandsfähige; 0.019381263857212616
Runden; 0.019045569351874292
STAR; 0.018994662295199305
überzeugend; 0.018949030345083884
leichtgängigen; 0.0187601493234979
sind.Das; 0.018732261919922166
cm.Die; 0.01850675931927981
SIMON; 0.018228853448817972
17; 0.018218644305306952
diwan-artige; 0.01797501258261036
TWIN; 0.017955669427465182
schnelle; 0.017810980323702097
prakitscherweise; 0.017631891707424074
Zwei; 0.017539532156661153
schlicht; 0.01707461561454693
Übernachtungsmöglichkeit; 0.016876568071893416
eigentliche; 0.016874122055014595
Universalrollen; 0.016858643844898324
LEVI; 0.01661515482555842
dekorativ; 0.01645120820694501
192; 0.016377938274672488
Zusätzlicher; 0.016373109780943196
ihres; 0.01629974151364877
Arm-; 0.016215965184528613
Staufach; 0.016074292158009484
FLORA; 0.015980763106199447
CUBA; 0.01572249925811775
TV-Sessel; 0.015638308661436895
einlädt; 0.015545717044915364
EVOLUTION; 0.015484306366488454
Charme; 0.015337537268351298
freut; 0.0152767373547249
Grauton; 0.015237714058457641
mehrere; 0.015172763815144208
Boxspring-Polsterung; 0.015082125619301223
Schöner; 0.015052367467433214
Liegen.Das; 0.015011964540462941
feste; 0.01473995311971521
Fläche; 0.014514394775687833
