Wort; Durchschnittlicher Wert
Samtbezug; 0.05652558139490793
Braun; 0.04504773336338985
Komforthöhe; 0.037749705227838604
LieferungLieferhinweisLieferung; 0.03631539607158629
Gäste.Eine; 0.03538528827812115
Kopf-; 0.03499243705959998
Kind; 0.03318989670015071
Dunkelbraun; 0.033049302258177704
Lattenroste; 0.03238344508690716
73; 0.02936493446395616
Rot; 0.029131759190931916
kgPaketgröße; 0.029065082900160633
trendig.Das; 0.028946657188498648
Wie; 0.028943084471393377
restlichen; 0.02777197207296922
exklusiven; 0.026974450409397832
Möbelix; 0.026294823598618677
morgens; 0.025437465586946928
PflegeMontageanleitungHinweisStoff-; 0.025269796960856183
Fernbedienung; 0.025074888914673465
Türkis; 0.025054438465303974
Rollroste; 0.024870180840480316
gepolstertem; 0.024821739692924893
Buchenholz; 0.02480014190041402
Eck-Sofa; 0.024777051286946516
Hellblau; 0.024767954469240294
seinen; 0.024591838620835915
ausschließlich; 0.024378116975640296
Voraussetzungen; 0.024342796068594907
``; 0.024251827182069974
Schlafvergnügen; 0.024074900296000123
versehen; 0.02380380202703236
durchdachten; 0.023679473848460475
Möbelstücke; 0.023532641672090904
136; 0.023524790278315777
138; 0.023073869258041668
zeitlos; 0.022862230696773622
Einsatz; 0.022861820428715873
ungefähr; 0.022843325983558316
verbirgt; 0.022512652863042604
Steppnähten; 0.022440908500357182
variabel; 0.022385680725847124
Querschläfer; 0.022271903919317992
125; 0.022133779792056885
25; 0.02205918114486849
Raffiniert; 0.021883636336497148
Eigenschaften; 0.021883531267121725
kleineren; 0.02188326979194244
Bedürfnissen; 0.02187605176004581
weiche; 0.02182166316652001
