Wort; Durchschnittlicher Wert
Luftbett; 0.3744760739937192
BESTWAY; 0.35650510515552014
Pumpe; 0.2889188702683896
Dekor; 0.28291039771283977
beflockte; 0.2744297601166181
152; 0.2744001733517507
Zweisitzer; 0.27381580068322364
Schlafplatz; 0.26620855572400615
84; 0.26286171542597003
17; 0.2569951156474417
sind.Drucken; 0.25174532616802026
grauen; 0.2504488450358622
Minuten; 0.2504186704463791
Rückenlehne; 0.24638261125073768
Einzelbett; 0.24350125666387612
mitgelieferten; 0.2416660386370495
Bonellfederkernmatratze; 0.2359571165870875
verhindert; 0.23514525251084706
robustem; 0.23450988641707227
Zwei; 0.23304678694694303
192; 0.2321151772630401
Doppelbett; 0.22773684353160206
97; 0.22710409731371328
Jugendzimmer; 0.2261585025498789
geschickt; 0.2217532494541956
SIMON; 0.2205669323593611
Übernachtungsmöglichkeit; 0.21867719682632014
Charme; 0.21737786853918806
Praktisches; 0.21721077171241632
cm.Die; 0.21655249944888055
Bettlade; 0.21496885793749243
entgehen; 0.21459742442493734
QUEEN; 0.21420415458851494
Schnellverschlussventil; 0.2131352755586704
Rollrost; 0.212670654989779
HinweisBitte; 0.21255936531815678
empfehlen; 0.21143287527957
Schublade; 0.21087443330907263
schwarze; 0.21070847021474037
eignet; 0.20968100949539803
Person; 0.2092351221581339
AIRBED; 0.20916715974453837
zeitloser; 0.2078653781209141
Schöner; 0.20768610486993566
grauem; 0.20748408127110451
nimmt; 0.20734312405693345
bequeme; 0.20686132948321756
elektrischen; 0.20684220854309388
Runden; 0.20597351717879064
Klasse; 0.20539440592983738
