Wort; Durchschnittlicher Wert
Schlafbereich; 0.07948140145799698
vieles; 0.06535554190486437
geräumigen; 0.05964133887755452
Standfüße; 0.05892078877877793
Integration; 0.05859871598568134
Zusammenspiel; 0.05648618270060979
behaglicher; 0.054707756178686395
harmonische; 0.05412135111328098
Nachtkästchen; 0.05392956963623874
Komfortzone; 0.050897529562462296
platzsparend; 0.04835017909499584
stimmigen; 0.04731401005847147
THEA; 0.04668936848440808
schlichter; 0.04607167230506093
modernem; 0.04568041503080167
manch; 0.04516115166279633
Asiatisches; 0.04507320684570004
Anthrazit-Grau; 0.04428154597735556
Wotan; 0.0441817643441027
weißes; 0.04375788171091699
Einschlafgeschichte; 0.04340380914072739
gewachstem; 0.04328959996564663
Kleiderschrank; 0.04315738283912651
Stunde; 0.04204314841854284
Kiefer; 0.04195375436438553
glänzt; 0.041258756138631725
preiswerte; 0.040904061832407024
Front; 0.04058099928806769
Bordsteinkante.Paketspezifische; 0.04040117126351106
Lösung; 0.04030516600323608
Wuchtige; 0.03996809421914804
97; 0.03970716485855519
Bezüge; 0.03887727475739666
Perfekt; 0.03849784236444975
HinweisePaketgröße; 0.03844376526467386
Asiens; 0.03772483983084385
Dauerschläfer; 0.03710342991689686
großzügige; 0.036411528701137286
Ablagefächer; 0.03584101745400403
202; 0.035784352256087004
seitlichen; 0.03576692384376656
haben; 0.035700819381759175
Fach; 0.035650722632453835
Gute-Nacht-Krimi; 0.03563355965889059
präsentiert; 0.03544004543800838
Gegenstände; 0.03535034277228988
Räumen; 0.03530500290798955
Bei; 0.03510250050021568
wird.Weitere; 0.03451502520692884
Flexibilität; 0.0344769296789309
