Wort; Durchschnittlicher Wert
Nosagunterfederung; 0.1826564332077396
misst; 0.18045979897578945
genießen; 0.1707163299943204
Boxspring-; 0.1696890402909048
Samtbezug; 0.1689148494915571
jedes; 0.16871942285979458
möchte; 0.16447301790321944
Farbton; 0.16304228658191278
Füßen; 0.16261622404636
Ordnung; 0.16138572576073784
96; 0.15941880169702927
Dank; 0.15939909241569694
edlem; 0.15935305240600428
Rollroste; 0.15921888373122783
Dauerschläfer; 0.15829880114688422
unterschiedlichen; 0.15708815132529708
verwandeln; 0.15650231803010684
Einrichtung; 0.15609500594473502
erweitern; 0.15514385316782864
Lattenroste; 0.15343976266740356
Greige; 0.1533149961996969
Möbelstücke; 0.1513968914259749
weiter; 0.14951586419920204
101; 0.14933390272108227
Voraussetzungen; 0.1480773559997033
Kiefernholz; 0.14795564832456876
Wangenform; 0.14625564662185297
überzeugen; 0.14616387757632765
oder; 0.14548011654369475
Relaxen; 0.1431449246010743
gestalten; 0.14247777369382675
unterstreichen; 0.14237429387685552
außergewöhnlichen; 0.14214554048521677
fürs; 0.14199510157413897
anderen; 0.1417659901890147
25; 0.1407411962372862
226; 0.13973478809202788
begleitet; 0.1392489140489488
Kopf-; 0.13920603229053086
83; 0.13843584393180208
40; 0.13836937056294119
beiden; 0.1383596710911661
letzten; 0.13778100506897317
Weitere; 0.13713914014351758
Bordsteinkante.Paketspezifische; 0.13713450201066735
Wände; 0.13601081590968533
denn; 0.13591124617596506
liebsten; 0.1358566808271462
formschönen; 0.1357369664056023
Matratzenhöhe; 0.1353283108855976
