Wort; Durchschnittlicher Wert
gestalten; 0.20766682983594364
FüßenStilvoll; 0.20399312307381479
Schwarz.Die; 0.1982883537421003
Dauerschläfer; 0.19587669138491037
mitten; 0.18444986902431992
Rückenpölstern; 0.18013929684457253
FRISCOKombinieren; 0.17961281563111697
Ordnung; 0.17956724996975026
Wände; 0.17330852173267886
226; 0.17293534328018723
Boxspring-; 0.17193092285879175
edlem; 0.16878705850047027
einfügt; 0.1686788697643351
bereichert; 0.16857553624413413
Greige; 0.16835370989883813
saubermachen.Die; 0.16812985303113237
wohlfühlen; 0.164404662715242
Wangenform; 0.16390365428514997
genießen; 0.16336535586378886
ab.Lassen; 0.16257513709933846
Wohnambiente; 0.16214631531693158
erweitern; 0.16050796049557903
Gemütlichkeit; 0.15945960395401926
Matratzenfixierung; 0.15833966299396707
pro; 0.15780630090011982
Vorstellungen.Jetzt; 0.1577479882289481
Einrichtung; 0.15767085237280298
misst; 0.15739186654491277
möchte; 0.15578404639018117
sollte.HinweisDieser; 0.1547831850421062
einziehen; 0.15461578302074486
264; 0.15418745422903157
umfangreichen; 0.1535681895165908
robust; 0.1527013364702725
elegante; 0.1521535014157962
entdeckenDrucken; 0.15207905892384588
Geradliniges; 0.15146116705363966
101; 0.15105055677622659
skandinavisches; 0.15098776619925047
Gemütliche; 0.15085532723605866
weiche; 0.15017965320203075
rechts; 0.15016632709921396
Augen; 0.14976412969554076
unterstreichen; 0.1497450937808935
weiter; 0.14966767242731294
Platzangebot; 0.14928436699720038
Federkern-Innenleben; 0.1492717636829184
afrikanischen; 0.14923825531514012
126; 0.14909393882271615
himmlische; 0.14855548654122686
