Wort; Durchschnittlicher Wert
Luftbett; 0.262239545410921
BESTWAY; 0.24360186998092104
beflockte; 0.23326958464895142
grauem; 0.20889048934623133
Pumpe; 0.20730008220198215
Minuten; 0.1969977657772688
elektrischen; 0.18768371433543507
AIRBED; 0.18672914481066982
Zweisitzer; 0.18080144665964326
152; 0.1780621294856246
verhindert; 0.17511403229946154
mitgelieferten; 0.17323478756588884
Kabel; 0.170787543298502
GENEVE; 0.16609110964054707
Senfgelb; 0.1657432729844004
QUEEN; 0.16101846074525383
ungewolltes; 0.16068755984088057
Staufach; 0.15341376615845093
ein.Mit; 0.15297902783640893
unterwegs; 0.1527359367296981
TWIN; 0.15216714731695902
hautfreundliche; 0.15032564688590355
Schnellverschlussventil; 0.14606197226021322
feines; 0.14521561337460298
Tragetasche; 0.143593220753246
OUTDOOR; 0.1410433353157714
Sitzgelegenheit; 0.13950357742072583
Stellen; 0.1382049435560475
Oberseite; 0.13700117536791367
Runden; 0.13478781594676548
HAVANNA; 0.13186157584914326
Sitzgefühl.Erweitern; 0.12975571714923717
derselben; 0.12973881476500537
HOGAN; 0.12951902395798243
aufgeblasen; 0.12881761100288713
46; 0.1268231398498756
TRITEC; 0.12627491987223038
flexibles; 0.12082242302130908
zeitlos-modernen; 0.12010412283621008
Luca; 0.11981796940744971
verriegelnde; 0.11960981054289732
Ausruhen; 0.11958458194567356
Bessoni; 0.11936640565545531
Innen-; 0.11820371753856307
Bild; 0.11791969308944772
Schöner; 0.11755490214636666
Dafür; 0.1164636698558752
tauchen; 0.11637811244872864
zusammen; 0.11479303514533967
RACER; 0.11392385496583302
