Wort; Durchschnittlicher Wert
Dauerschläfer; 0.2647027298953617
Einrichtung; 0.25997935989289545
möchte; 0.24808454845333472
Schwarz.Die; 0.24676357315911446
Boxspringsofa; 0.2349147045410973
Wände; 0.23235310098243644
Ordnung; 0.22514873009640723
verziert; 0.2204677812405862
226; 0.21995218712254427
FüßenStilvoll; 0.21772777481783123
misst; 0.21589043411950115
Schlafgemach; 0.21308285556733608
101; 0.21105706351227127
türkisem; 0.21071120824490208
schickem; 0.21035511016089004
Sitzkomfort.Ein; 0.2086492817325052
verstauen.Dieses; 0.20859283831669018
machen.Mit; 0.20855137275793822
erweitern; 0.20845628672395833
gestalten; 0.20733550455770455
Eiche; 0.20686355385259958
werden.Die; 0.20308157002727967
genutzt; 0.20199423807207495
versprechen; 0.20045254364958964
Möbelstückes; 0.20028910669498146
Samtbezug; 0.2002209611237049
liebsten; 0.1997885620512534
Platzangebot; 0.19965040373062948
Federkern-Innenleben; 0.19915940193095594
schlichten; 0.19904455641881214
360; 0.1987302571797045
überzeugen; 0.19778395519824699
Relaxen; 0.19765126571292058
321; 0.19709540528128855
Matratzenfixierung; 0.19544178142677993
Anthrazit-Grau; 0.19462493866012665
Ablageflächen; 0.19434434929280542
Möbelstücke; 0.19403422030154616
Bordsteinkante.Paketspezifische; 0.192691070442379
214Gesamtbreite; 0.19229437393369153
wird.HinweisDieser; 0.1922047229745658
Sowohl; 0.19136374168738257
ästhetische; 0.1912315585941542
MARINO; 0.19106146579724737
Lounge; 0.19051045348169282
Ende; 0.19017097003234085
modernes; 0.18998811944584304
CHARMING; 0.18958460484282114
Tagsüber; 0.18810522813146235
naturbelassenem; 0.1873880192724755
