Wort; Durchschnittlicher Wert
bezogenem; 0.041759943695069524
verloren; 0.041267804823291954
eindrucksvolles; 0.04102202971716906
prakitscherweise; 0.040821789578330936
138; 0.04014800009827013
53; 0.03982657087908592
87; 0.03963288667000597
Kopfteil-; 0.03763233075005701
angenehmem; 0.036435040634387406
Türkis; 0.036407809832326166
Braun; 0.03622146322231856
übernachten; 0.03610174979985459
ein.Das; 0.03510656588332495
vorkommen; 0.03483005120870075
ausladender; 0.034690296633925755
147; 0.03428575481666485
Kind; 0.034241627505252836
Pölstern; 0.034124138837796636
Kein; 0.03394312798718602
Haus.Das; 0.033550481690326706
107; 0.03340736106110853
Gäste.Eine; 0.03339576768121333
liegt; 0.03308772920718184
LAGOS; 0.032628085515170824
gerüstet; 0.0326176945413863
Velours; 0.03227918095581117
Farbtöne; 0.03188485381542705
28cm; 0.03171908322201489
Wand-Klappbett; 0.03139271373220254
Formensprache; 0.031104165929264127
270; 0.03061449776578229
Orange; 0.03061364010864054
JONNA; 0.030596877422340185
Scheuertouren.Dank; 0.030440874618989255
124; 0.030328472450491972
Wir; 0.030301630824396852
gesorgt; 0.030235127382184146
Grundlage; 0.02995943627138331
variabel; 0.029938461233541602
196; 0.029655260195795563
werden.Dank; 0.02961101425171364
Rosa; 0.029566390156105626
passt.Weich; 0.02938118375459453
gehen; 0.029295174608705565
320; 0.028918580304889474
Reinigung; 0.0287347867488279
Hinweis; 0.028704003692837432
MATTO; 0.02859652289407677
Querschläfer; 0.028554001797601813
Wandgestaltung; 0.0284136861882871
