Wort; Durchschnittlicher Wert
Farbton; 0.17813107784604654
Schlafgemach; 0.17808144647278823
Ordnung; 0.17508893813646864
Dauerschläfer; 0.17369587140274234
werden.Die; 0.17288446317979833
wohlfühlen; 0.17193785795825534
321; 0.16349582413386088
machen.Mit; 0.163017811573809
360; 0.1607601758587407
jedes; 0.15928443882148713
verstauen.Dieses; 0.1590011377556948
verziert; 0.15482037534820847
Sitzkomfort.Ein; 0.15364712172595318
Schwarz.Die; 0.1506721433106577
Webstoffmax; 0.14896313755161827
puren; 0.14813534726272337
Rollroste; 0.14773987502849195
Relaxen; 0.1470691587892361
möchte; 0.14678304668632336
Vergangenheit; 0.1465899026952684
misst; 0.14636571446317248
erweitern; 0.14618761616111442
liebsten; 0.14560369694663677
Möbelstückes; 0.14434382987383287
Wangenform; 0.1436521986634034
Einrichtung; 0.14296308115444845
171; 0.14288420847151428
101; 0.14110079896454408
Kopf-; 0.14064517346196226
angekündigt; 0.14046504574798746
Federkern-Polsterung; 0.14040655620556208
genutzt; 0.14028816399513744
versprechen; 0.14003409340602957
Bereich; 0.13971870382738416
226; 0.13932749781088205
gestalten; 0.13919064035871997
nachts; 0.13895813994531636
gehören; 0.13820114263216965
unterstreichen; 0.13788443266093964
teilen.Die; 0.13715067697921768
PUERTO; 0.13710997645102907
51Gesamtlänge; 0.1369783423433546
Tagsüber; 0.13621378479001578
Silber; 0.13571693685480568
Voraussetzungen; 0.1353638769535337
hierbei; 0.1351774278882658
Wände; 0.1348298120938125
jene; 0.13456775690428913
FüßenStilvoll; 0.13282256224920275
Stärke; 0.13264289375911176
