Wort; Durchschnittlicher Wert
BESTWAY; 0.07298745118896477
Pumpe; 0.058404006937053055
Luftbett; 0.05737904505804181
schwarze; 0.05308140322449617
beflockte; 0.04812807543203235
mitgelieferten; 0.04590718986582942
192; 0.04492942863726057
sind.Drucken; 0.04491175911971368
Minuten; 0.04442171560367569
grauem; 0.04339747375342995
ungewolltes; 0.04308624882105505
QUEEN; 0.041159431464620866
unterwegs; 0.04100578861834947
Wotan; 0.03973020511693903
empfehlen; 0.03903783070927602
GENEVE; 0.03801965090679005
robustem; 0.03767734447683324
verhindert; 0.03709258310846053
Schnellverschlussventil; 0.037089581543114036
MERCURA; 0.036964837796404026
ist.Weitere; 0.03690914875824092
CARROL; 0.03684634074306814
funktional; 0.036580341606168076
erwartet; 0.03642826925351983
verführerische; 0.036215491738403216
ein.Mit; 0.0361164084461052
Bonellfederkernmatratze; 0.03607736392586958
Charme; 0.03550265924423002
verwenden.HinweisDieser; 0.035411162505624816
cm.Die; 0.03469278304328327
aufgeblasen; 0.034350511716183973
AIRBED; 0.03422477236017585
Stellen; 0.03416020531585673
strapazierfähigem; 0.03390401372962515
Träume.HinweisBitte; 0.03357546128972899
Möglichkeit; 0.033490163419628516
97; 0.03324144720681943
Zweisitzer; 0.03292383212829009
Bettlade; 0.032670186075847596
Ausruhen; 0.03246720340393949
LOOK; 0.03243750831097714
KategorienWohntextilienVorhängeStehleuchtenWohnzimmertischeDrucken; 0.03216553611855488
platzsparende; 0.032112483168020844
Klasse; 0.03195650136331096
flexibles; 0.03189245774410665
herausgezogen; 0.03181888330436777
84; 0.03181601022515679
gradlinigen; 0.03174918290460482
Reise; 0.031745459578814916
152; 0.03169964149128646
