Wort; Durchschnittlicher Wert
Braun; 0.18943998261966044
Rosa; 0.14294365221940097
Hinweis; 0.13757863401224313
liegt; 0.1350240568863228
Reißverschluss; 0.12806316539354157
Bordsteinkante.Die; 0.12784348476452578
Querschläfer; 0.1274686549368198
Stütze; 0.1268873665085266
MATTO; 0.12552232159941923
Rot; 0.12418541837723751
angenehmem; 0.12399252337490907
InformationenPaketgröße; 0.12308403063798323
Synthetikfaser; 0.12292069749673828
toller; 0.12256249909478356
Zugabe; 0.12176201275724452
73; 0.12137901939058793
197; 0.11915340804989683
Buchenholz; 0.11892463485628468
69; 0.11874399281077785
Maschine; 0.11822742606454995
107; 0.11744581606490101
MID.YOU; 0.11683408617136593
kgHinweisDieser; 0.11603599931697772
Kopf-; 0.1152907665600651
64; 0.11508732617403439
Komfortschaum; 0.11505839451274369
Zustellung; 0.11460577710113284
45; 0.11446489790796477
Paketgewicht; 0.11240688240832242
Hellbraun; 0.11147988155062194
machen; 0.11004197755937639
bringt; 0.10969504865261115
Sitztiefe; 0.10960098846771871
abgerundeten; 0.10957284788946708
Kg; 0.10939253262040438
LIVETASTIC; 0.10907182848677621
Sitzhöhe; 0.10880193655975745
eindrucksvolles; 0.10834344031172805
Komforthöhe; 0.1082793737296015
wird.Paketspezifische; 0.10753111341182375
anlehnen; 0.10749611573010043
aufgeräumtes; 0.10718169605752337
Pölstern; 0.10676990754836879
Einrichtungselement; 0.10528584994244738
213; 0.10487938506912542
gemütlich; 0.10452279516175622
DesignLiegefläche; 0.10387888919649413
-; 0.10381214880180778
211; 0.10327403642440913
Knopfsteppung; 0.10322476026431104
