Wort; Durchschnittlicher Wert
FüßenStilvoll; 0.028278814279474318
Einschlafgeschichte; 0.024554981231631245
Anthrazit-Grau; 0.016679290987667628
Reise; 0.016652525882818736
Romantisches; 0.015733680684206774
türkisem; 0.015285293964552693
VILMAR; 0.014430477625865024
kgZustellungDie; 0.013732814477407373
cm.Die; 0.013352441310416907
saubermachen.Die; 0.013058666096185334
verwenden.HinweisDieser; 0.012899403998744674
Simplizität; 0.012093627359718084
Fernsehzimmer; 0.012002701849269215
ausziehbaren; 0.011707044914828657
entweder; 0.011505161855893675
einlädt; 0.011380727328287321
Schaumstoffpolster; 0.011231819749809802
Schublade; 0.011224286194192246
Schwarz.Die; 0.011215918435482308
Features; 0.011154600976169604
Weiteren; 0.011129937349323882
kleinere; 0.011011690332452417
Einlasstiefe; 0.01100630610017106
Wohnräume; 0.010915098549958202
-PH-; 0.010905728300713236
3in1-Kompressionssack; 0.010777574378153076
geräumiges; 0.010774846085041645
Schlammfarbe; 0.010758652133517899
77; 0.01074190424697008
verbinden; 0.01065313055369188
Katz; 0.010588459961581975
.HinweisStoff-; 0.010457945842063054
Umklappen; 0.010253579581330996
überraschenden; 0.010035177481768187
erfreuen; 0.010003402458096389
Rahmen.Richten; 0.009984606280340813
gute; 0.009893241996906
Ausziehbett; 0.009873018808320921
spiegelverkehrten; 0.00985826667101719
strapazierfähigem; 0.009839185237069614
modischen; 0.009790609357878566
herrlichen; 0.009781827622646233
Weiß; 0.009681227631517686
gemacht; 0.009661341589890071
kombinierbare; 0.009456230112846242
SINJA; 0.009449280257740611
Grauton; 0.009425944037502632
mitgelieferte; 0.00931985727220308
kommen; 0.009256925044610398
beige; 0.009223838704201626
