Wort; Durchschnittlicher Wert
Einrichtung; 0.14895568860083586
Ordnung; 0.14048250170162646
Dauerschläfer; 0.13640981787284545
gestalten; 0.12645826190782827
Waschen; 0.12293653597043885
Eiche; 0.12171048578238697
erweitern; 0.12004819876165129
werden.Die; 0.1196229445085919
Möbelstücke; 0.11946903510033735
Relaxen; 0.1168202694784668
möchte; 0.11604794856066292
Schlafgemach; 0.11490828587557189
Kiefer; 0.11456633070338285
40; 0.11427906816606992
misst; 0.1139673813401032
Schwarz.Die; 0.11349197732488392
Sowohl; 0.11280960540534579
Platzangebot; 0.11187981663533719
fürs; 0.11110528676272224
Wände; 0.11107837644522078
wohlfühlen; 0.1108101007375808
Silber; 0.11061329510448559
Wangenform; 0.11056634610577021
formschönen; 0.10929932570434175
25; 0.10921046628573094
harmonieren; 0.10888468956909492
Farbton; 0.10873444635944907
Samtbezug; 0.10865193961376463
Ende; 0.1077467340437579
jedes; 0.10752550658162363
elegante; 0.10722555286520219
edlem; 0.10716070687703905
Rollroste; 0.1070248470585966
überzeugen; 0.10633541772403987
unterstreichen; 0.10625625437387498
puren; 0.10589217165397713
360; 0.10344272318252479
modernes; 0.10257378388496363
Füßen; 0.10249767096593132
Kopf-; 0.10179836450242874
genießen; 0.10150650697141828
außergewöhnlichen; 0.10121414050809108
schöne; 0.10081795289443107
90; 0.10037198169902695
begleitet; 0.10023211798397824
PflegeMontageanleitungHinweisStoff-; 0.10001376698710374
Eyecatcher; 0.09890422418538947
Rückwand; 0.09836542322227615
geklappt; 0.0982419163974555
Stück; 0.09820966460756608
