Wort; Durchschnittlicher Wert
grauem; 0.34169955749530345
beflockte; 0.32186846615513787
unterwegs; 0.2785164571396308
Zweisitzer; 0.2746168498706538
97; 0.26847266265394865
QUEEN; 0.2678358117991593
schwarze; 0.26466975852963515
verhindert; 0.25757813127711415
Schlafplatz; 0.25712505325645907
sind.Drucken; 0.25487601671920856
Dekor; 0.2518860956915887
84; 0.2473212179465918
Dreisitzer; 0.24558595315465936
empfehlen; 0.23818516099709086
Schnellverschlussventil; 0.22719776712619932
HinweisBitte; 0.22635338598047383
grauen; 0.22538359748432413
Person; 0.22378526817192324
Weiß; 0.22339569012910943
17; 0.2224545052886242
mitgelieferten; 0.21719376350665698
Jugendzimmer; 0.21614771660915721
Praktisches; 0.2157973074772599
verriegelnde; 0.21519752681342652
Rückenlehne; 0.21206197750143474
Bettlade; 0.2106566590591683
145; 0.21046824500808725
elektrischen; 0.21034085982682882
Charme; 0.21022545043524588
Bonellfederkernmatratze; 0.2061895224323962
Gästezimmer; 0.20615573606892212
eignet; 0.20376345253407635
ist.Weitere; 0.20271955445872436
zusammen; 0.20222531825493206
Bild; 0.2006273845472606
Runden; 0.19883389248570893
Oberseite; 0.19845163415357092
verbreitet; 0.19841576842918585
Tragetasche; 0.19823620878742076
AIRBED; 0.19806296701221981
Zwei; 0.19680379000055837
ungewolltes; 0.19601632791454904
nimmt; 0.19593002092733514
geschickt; 0.19575730793985713
Schlafsofa; 0.19504778894020092
Doppelbett; 0.19418927558581345
somit; 0.1940363714693376
ein.Mit; 0.19269062874809606
platzsparend; 0.19227830443014682
schlichtem; 0.19198342080017028
