Wort; Durchschnittlicher Wert
Rollroste; 0.2540810521968524
misst; 0.22258800658892142
Farbton; 0.21648113613628084
erweitern; 0.21458806470036507
möchte; 0.20964969671331346
Möbelstücke; 0.2092991291283397
360; 0.20909399592164846
Einrichtung; 0.20619028349756263
Schlafgemach; 0.2057079875958152
genutzt; 0.20476923434034688
Samtbezug; 0.20461170925409533
elegante; 0.2033900732640177
Boxspringsofa; 0.20067126001231372
versehen; 0.1988900058931904
Dauerschläfer; 0.1982124015194131
202; 0.19143460993655026
unterstreichen; 0.19142244312388357
später; 0.19007927138591185
Ordnung; 0.18840179115068167
fürs; 0.1868381084423163
101; 0.18617612196248956
Lattenroste; 0.18418449192267872
nachts; 0.18355306396551896
Rot; 0.18201497560949065
Matratzenhöhe; 0.18161357635653985
Stück; 0.18098267234745435
formschönen; 0.1808504108339548
schwarzen; 0.18067365191382123
unterschiedlichen; 0.18062267474306282
Braun; 0.17890212757629342
puren; 0.17864561128635614
Beige; 0.1782585008404567
schlichten; 0.17777404380649386
einfügt; 0.17771122310659848
verziert; 0.1777101872721687
215; 0.175533827234176
gestalten; 0.17522518575424328
Liegeerlebnis; 0.17445552197750658
Hell-; 0.17395330383442342
MARINO; 0.17388733732514083
weiter; 0.17356548128736904
naturbelassenem; 0.16930723539553583
321; 0.16808122431393713
Optisch; 0.1670270777103724
teilen.Die; 0.16676847031340003
Hellblau; 0.16666255544987507
Veloursbezug; 0.1661024649947649
pure; 0.16587534590507858
gefertigte; 0.16551722707208683
Waschen; 0.16536352672846988
