Wort; Durchschnittlicher Wert
Braun; 0.21178392549336422
liegt; 0.20580510316358414
Komfortschaum; 0.20559375476659625
Kind; 0.20304990421573166
-; 0.18835546798254654
unvergleichlich; 0.1864916000959056
Reich; 0.1854869157396024
Synthetikfaser; 0.18481880072067725
MID.YOU; 0.18322196166263893
Farben; 0.18023971364164026
angenehmem; 0.1789967700606212
gehen; 0.17867915831175196
Fernbedienung; 0.17759301802288974
64; 0.17596945933473762
Rosa; 0.17584823688594042
215; 0.17578952641633805
eindrucksvolles; 0.17502157227136195
prakitscherweise; 0.1704784466419369
69; 0.17022131039266242
Rot; 0.16963524802122265
Zonen; 0.16945104708793224
Hinweis; 0.16936574954888783
besitzt; 0.16791175235630362
lustige; 0.16784335671763984
falls; 0.166723066024133
wobei; 0.16630317150702467
vollenden.Und; 0.16616894870094256
gewaschen; 0.16542596714862157
Stütze; 0.16498177881658194
136; 0.16445704758552893
richtig; 0.16412605500227073
Einrichtungsstil; 0.16408534417541887
klassisch; 0.1616159029363189
MATTO; 0.1613514106720686
Kilogramm; 0.16108118716510944
Level; 0.16043132344202604
erhältlich.Dieses; 0.1601711857947521
Boxspringbettes; 0.15956629333959427
Bettschubladen; 0.15881948327296413
Kopfteil-; 0.15873358704266138
verloren; 0.1572905303328298
Liegevergnügen; 0.1557635109347757
abgerundeten; 0.15571865115362016
gepolstertem; 0.15519863873487338
Zugabe; 0.15479420769588614
Luxuriöser; 0.15433384364587255
Knopfsteppung; 0.15356188785517588
ausschließlich; 0.15353235037764534
versehen; 0.15336260336334817
geöltem; 0.15236299373282236
