Wort; Durchschnittlicher Wert
192; 0.053622086541508907
puncto; 0.04550109388583223
Schaumstoffkern; 0.04503654092331999
Einrichtungsstile; 0.04442063773967675
HAVANNA; 0.04360332820942858
Rollrost; 0.042670042435929645
Senfgelb; 0.04231107394298306
Kautschukholz; 0.04193840159132378
BESTWAY; 0.04146813058468979
alleine; 0.04131338081788272
Nehmen; 0.0407568070850175
sind.Drucken; 0.0406877888881354
Einzelbett; 0.03947423399586114
dienen; 0.03909404992009513
höher; 0.038593512100305816
Lederoptik; 0.037959579727612436
152; 0.037766214509019846
eindrucksvolles; 0.03763210271426942
KategorienPolsterbettenBoxspringbettenStauraumbettBetten-ZubehörDrucken; 0.03697095029929187
2,5; 0.03662154701305553
Sitzgelegenheit; 0.036494802589004394
Runden; 0.03637372465891531
entgehen; 0.03634504173169262
verschiedenste; 0.03633714046191017
Weißes; 0.036293691759055946
.HinweisStoff-; 0.036217338740243576
Stoffbezug; 0.03618064858164871
mühelos; 0.03614532662322745
84; 0.03577878103169496
optisch; 0.0357338063622592
97; 0.03570203098206548
weißem; 0.035456698048733415
zeitloser; 0.03540730709937634
geschickt; 0.03402339489548467
Schaumstoffpolster; 0.03391116883722134
Rückenlehne; 0.03388444779557176
91; 0.033554657391505316
verhindert; 0.03338289849125431
optimalen; 0.03305477095500464
mitgelieferten; 0.03282032220522524
Dekor; 0.03272495268356579
Luftbett; 0.03260996064636856
ein.Mit; 0.032327127697499236
gradlinigen; 0.03213549548672745
Zwei; 0.03192432867217576
exklusiv; 0.03188943149507395
verloren; 0.03158257824543398
Formschaum; 0.03143131030947188
Beinen; 0.0313569857589755
ideal; 0.03115191640017656
