Wort; Durchschnittlicher Wert
misst; 0.23294796371192206
Ordnung; 0.22774625959573314
erweitern; 0.20770671572245192
jedes; 0.20503055934386794
Farbton; 0.20121553854551166
101; 0.2007284112041816
werden.Die; 0.19951719650998712
Füßen; 0.1968957378118148
360; 0.19587596349265368
90; 0.19537909229984507
Einrichtung; 0.19257113485218724
hellbraunem; 0.19247973948949948
Vergangenheit; 0.19086360884830356
Wangenform; 0.18805148429237306
möchte; 0.18694572016829625
Wände; 0.1867801177140791
Eiche; 0.1865241075429367
226; 0.18429657169326674
Samtbezug; 0.18350786335213343
Möbelstücke; 0.18234447512077168
Dauerschläfer; 0.1812351959233638
Schwarz.Die; 0.1810356880305335
AnthrazitMaterial; 0.18031351006720797
Bettkasten.Ein; 0.1785392330493778
edlem; 0.17811485831134632
Schlafgemach; 0.17641277059010463
türkisem; 0.17489700129954144
überzeugen; 0.17483960863319226
verziert; 0.17383444300867268
wiederum; 0.17278352231369354
gehören; 0.1712097501149401
modernes; 0.17101508131963783
96; 0.17088221451558638
Voraussetzungen; 0.17049413827771787
schickem; 0.16973600802884903
Waschen; 0.16915599710773677
Silber; 0.16840312688145787
Stück; 0.16737262436072342
wird.HinweisDieser; 0.1670788623741828
Relaxen; 0.16693552662763977
Geradliniges; 0.16681264393264428
Kiefer; 0.1660164578097465
Boxspring-; 0.16510547621146543
Greige; 0.1647099042093032
40; 0.1646533900348004
wohlfühlen; 0.1623585374909453
Platzangebot; 0.16183958627652828
MARINO; 0.16088752285577357
letzten; 0.1604801241774112
genutzt; 0.15999524533981457
