Wort; Durchschnittlicher Wert
Luftbett; 0.32017291837837547
BESTWAY; 0.3151940883253701
Minuten; 0.24827858351636678
Pumpe; 0.24008054856676608
beflockte; 0.2373431429732591
192; 0.2250034193857573
97; 0.21704764862079173
Rollrost; 0.21528564015898155
Einzelbett; 0.2103553441556869
sind.Drucken; 0.21013343327285838
Dekor; 0.21005035868438426
Zweisitzer; 0.20511604715875364
Bettlade; 0.2015726373065263
grauem; 0.20004949041322106
Schlafplatz; 0.19849139610778366
84; 0.19844960707996506
R체ckenlehne; 0.19644511031219736
Person; 0.19024643968441524
Doppelbett; 0.1882116634005797
Stoffbezug; 0.1881280480301939
152; 0.18811274159088498
elektrischen; 0.18380022200290114
mitgelieferten; 0.18344919937953819
QUEEN; 0.18333927704952657
zeitloser; 0.18046563869938836
Zwei; 0.17969218076905236
Runden; 0.17622438186663203
widerstandsf채hige; 0.17572644969914109
verhindert; 0.17530013399664313
Schnellverschlussventil; 0.17503781436244026
AIRBED; 0.17270161962369457
Oberseite; 0.17206623154925182
Senfgelb; 0.1719969912810484
G채stezimmer; 0.16997002893913304
funktional; 0.16907318157609552
Sitzgelegenheit; 0.16888195292995078
exklusiv; 0.16830324931652285
unterwegs; 0.16771625221008435
feines; 0.16701026837108657
Schlafsofa; 0.16639316274086013
GENEVE; 0.16438073662720853
Daf체r; 0.16430276425671764
geschickt; 0.16396019903186243
verschwinden; 0.16374658394488506
integriertem; 0.16156202726597257
Praktisches; 0.161520489200484
ungewolltes; 0.1608261707588099
werden.HinweisBitte; 0.15930872887838632
schwarze; 0.1592896915099118
Dreisitzer; 0.1587285503046587
