Wort; Durchschnittlicher Wert
Braun; 0.24986662429091666
Querschläfer; 0.1908077312673413
Rosa; 0.1877431995135339
angenehmem; 0.18303889618255198
69; 0.1802015794237377
liegt; 0.17766588464292
107; 0.1749630444101058
64; 0.17147114164254162
Reißverschluss; 0.17111940458562458
Bordsteinkante.Die; 0.17065603917336603
Komfortschaum; 0.17047880121390335
InformationenPaketgröße; 0.1703949478614959
Kg; 0.16984540958947036
Zugabe; 0.16775190661428496
bringt; 0.1676082852518448
Hinweis; 0.16684669129972463
kgHinweisDieser; 0.16595739089643757
Dieser; 0.16534165985649452
Paketgewicht; 0.16357705700647784
Hellbraun; 0.1618176346164546
Nierenkissen; 0.1597962872529024
besitzt; 0.15947566448085126
Damit; 0.15811874395149061
Komforthöhe; 0.15644416813302087
MATTO; 0.1562141343829353
wird.Paketspezifische; 0.15402846688084537
toller; 0.15384140968672
Bettkasten.HinweisStoff-; 0.15339374055020016
Kilogramm; 0.15322823310270905
Pölstern; 0.15163382541504689
Zustellung; 0.15129347181846242
Gefertigt; 0.1510631643468514
gehen; 0.15101725221029483
73; 0.14993956223406713
Reich; 0.1496362368343398
schönen; 0.14946714193501975
Stimmung; 0.14914090278034564
124; 0.1487959433652577
braune; 0.1482504498999333
197; 0.14759305122424848
robuste; 0.14723706938821124
Hand; 0.1470246394528658
Boxspringbettes; 0.1467451721910038
Tipp; 0.14661913648888003
wobei; 0.1465971242332671
Kein; 0.1458597833989188
besonders; 0.14577687744986179
Körper; 0.144633224226709
JUIST; 0.14449087904358748
231; 0.14317845532787032
