Wort; Durchschnittlicher Wert
Kautschukholz; 0.018269309526658617
schwarzer; 0.017220805704710074
13; 0.016861768322996795
Boxspring-Polsterung; 0.016195543474168517
Raffiniert; 0.014960709238948766
mittelfester; 0.013856636617674667
LAGOS; 0.01355602550029289
sicher; 0.013330778216186445
korrekt; 0.013098382580210455
weichem; 0.012982446402020287
verarbeitete; 0.012962995794623566
reinigen; 0.012774389630067162
eindrucksvolles; 0.012603133829543367
MATTO; 0.012547195141451084
Erwachsenwerden; 0.012422460582456551
Schaumstoffpolster; 0.012374921177979559
schlicht; 0.012248386168721481
KategorienPolsterbettenBoxspringbettenStauraumbettBetten-ZubehörDrucken; 0.01214228863682365
Aber; 0.012016088145173853
53; 0.012013944622594863
graue; 0.012008614656224381
gelingt; 0.011961088503085193
vielseitige; 0.011894130475411657
eichefarben; 0.011884145808835456
ermöglicht; 0.011711401764841867
prakitscherweise; 0.011633952468400821
Kopfkissen; 0.011539238217665115
sie; 0.011522592350956984
Fernsehabend.Die; 0.011294444269879023
43,5; 0.011200725947219325
royales; 0.01108162899618037
Federkern; 0.010911937065429811
gereinigt; 0.010900377797952387
elektrische; 0.010710577917052433
erhältlich.Dieses; 0.010494319620192982
Richtige; 0.010184231001403532
NORWICH; 0.010144793326617219
Wand-Klappbett; 0.010073065612232313
spannende; 0.010026889467553701
Tagesgeschehen; 0.009951453415851574
wenig; 0.009720762318465859
verzichtet; 0.009543688907797332
Oberseite; 0.00954310890438137
U-förmige; 0.009540995117276907
76; 0.00948582682713095
integriert; 0.00942633307477081
Aufbewahren; 0.00939412471052492
braunem; 0.009302030712206033
Polsterbett; 0.009242656934929983
14; 0.009184380292936112
