Wort; Durchschnittlicher Wert
luftbett; 3.531950346753001
b; 3.466649807617068
drucken; 3.4647315640002487
UNK; 3.456495900452137
l; 3.4522257436066868
cm; 3.452083857357502
x; 3.447566655278206
bequem; 3.3817169453948734
einfach; 3.370572154968977
hinweisdieser; 3.339724937826395
ca; 3.334752758592367
beachten; 3.3305834818631412
pumpe; 3.322480998188257
abgebildete; 3.3215457398444412
filialen; 3.320940747857094
lieferumfang; 3.319753048568964
ausgestellt; 3.3183402378112077
bestellbar; 3.3167903151363136
oberfläche; 3.3159531984478234
artikel; 3.3126189708709717
personen; 3.3107229351997374
dekoration; 3.3067084550857544
enthalten; 3.3065647814422845
bitte; 3.3056740179657935
h; 3.250949179753661
kg; 3.159838768094778
platz; 3.154434011876583
integrierter; 3.1386778388172387
liegefläche; 3.1297653667628764
großen; 3.113343181833625
gästebett; 3.1069994483143093
sorgt; 3.1058097504079343
schlafplatz; 3.0551346447318792
bett; 3.0121348895132543
marke; 2.988913280516863
schlafkomfort; 2.984885074570775
sowie; 2.9518215630203484
finden; 2.7945937868207693
beim; 2.7409529004246
handumdrehen; 2.619025083258748
angenehm; 2.6016582239419224
ab; 2.594435303658247
dank; 2.574942906200886
übernachtungsbesuch; 2.3557671450078486
matratze; 2.3426077347248793
ideal; 2.3067919999361037
integrierte; 2.1412745654582976
bequemes; 1.7536663454025985
kunststoff; 1.5698403865098953
integrierten; 1.5563750579953193
eignet; 1.4213317830115557
komfortables; 1.2718081891536712
bequeme; 1.1458304267376662
schnell; 0.8469399347901344
bestens; 0.4270169746130705
komfortable; 0.4213171485811472
besonders; 0.41637887991964817
hause; 0.28736910708248614
besten; 0.28418499119579793
platzsparend; 0.2829817358404398
ganz; 0.2824550665915012
gemütliche; 0.1446700468659401
verstaut; 0.14413194954395295
nichtgebrauch; 0.1391250841319561
