Wort; Durchschnittlicher Wert
luftbett; 3.735226253941801
ab; 2.884732205781984
oberfläche; 2.820654289083359
integrierter; 2.816095678527199
bitte; 2.775145378873458
bestellbar; 2.770424879667553
drucken; 2.744567261356269
beachten; 2.73587535669285
dort; 2.665725555831159
aber; 2.6582208917947354
ob; 2.578252057636564
abgebildete; 2.5321568231893252
einen; 2.526480516769061
ausgestellt; 2.5104716380701575
der; 2.48572231382459
marke; 2.483695260362583
personen; 2.46628352884145
übernachtungsbesuch; 2.437197542493004
einfach; 2.431303466839745
unseren; 2.4227710627597845
eignet; 2.405803001258755
filialen; 2.398635919688695
bequem; 2.3906966966140315
hinweisdieser; 2.389233292272911
artikel; 2.33733051525669
schlafkomfort; 2.3226840591204563
dann; 2.295135530616244
über; 2.2807446699596623
schlafplatz; 2.2790839591587426
einmal; 2.180663709023429
gästebett; 2.141358631651019
dank; 2.137767663651357
großen; 2.1352480442186788
sollte; 2.132620024699827
dekoration; 2.1223253058590443
nicht; 2.1196410915841626
zu; 1.9205392144956932
beim; 1.900410427663519
bequeme; 1.868746846652357
bis; 1.780631959869379
bestens; 1.764095556848042
können; 1.569197202077089
ideal; 1.4559529361577006
seinem; 1.425625447762468
doch; 1.317406820618635
rundet; 1.232265046188695
top; 1.2225439289304632
gerade; 1.2191759738096153
lädt; 1.2188027897500433
eine; 1.1811217171692987
schnell; 1.1271033560444266
kunststoff; 1.0138839296225342
finden; 0.9144314925910294
integrierte; 0.8457981462748648
haben; 0.8037571152010059
integrierten; 0.7011000451653672
bequemlichkeit; 0.697603215842355
komfortables; 0.6202456757135224
drei; 0.5787973775004502
seine; 0.19924233821220697
dass; 0.10721649387851358
alle; 0.10362711087800562
gemütliche; 0.10347097208723426
