Wort; Durchschnittlicher Wert
luftbett; 3.7862764487825715
ab; 2.8925873546650736
oberfläche; 2.874425620470788
integrierter; 2.8423539617119786
bitte; 2.8367952117574533
bestellbar; 2.8162264944082267
drucken; 2.802710669039078
beachten; 2.79787023930996
aber; 2.721376539869084
dort; 2.7074753481339826
ob; 2.645388414280478
abgebildete; 2.589369891859076
der; 2.5763849039559545
ausgestellt; 2.570928574760637
marke; 2.55084558853448
einen; 2.537325050609309
personen; 2.5283375703905904
einfach; 2.4864083620530324
filialen; 2.4849894059405413
unseren; 2.4842642669772887
eignet; 2.4629823730120735
übernachtungsbesuch; 2.4568629715914083
bequem; 2.4517851340194285
hinweisdieser; 2.4399302797915823
artikel; 2.384663149362973
schlafkomfort; 2.3742541939466717
dann; 2.3515174126372926
schlafplatz; 2.3195795049208896
über; 2.308565459990143
einmal; 2.20966009704473
gästebett; 2.186923635305857
dank; 2.1837667826272535
großen; 2.170775739435612
sollte; 2.1682274422809824
dekoration; 2.160461054336551
nicht; 2.094679601675307
zu; 2.0634739506205277
beim; 1.9378200063713167
bestens; 1.921262629252309
bequeme; 1.9053108807113062
lädt; 1.671622377767926
eine; 1.6032900906502618
top; 1.5579110537953398
bis; 1.5491461676308973
können; 1.5089038385409368
seinem; 1.3538668348641862
rundet; 1.3527662786310004
kunststoff; 1.3518781338988675
gerade; 1.3476155923822488
doch; 1.3436108849691437
ideal; 1.0492493230383844
haben; 0.9439557446846607
integrierte; 0.8444661101813835
bequemlichkeit; 0.8238771793847945
finden; 0.7281781727724592
schnell; 0.7113088645061453
integrierten; 0.6150690397393191
komfortables; 0.4113620452961186
dass; 0.20317793709109538
alle; 0.19478460714328777
drei; 0.193625276745297
hause; 0.10378779482562095
wird; 0.10125606898218394
gemütliche; 0.09538604083936661
seine; 0.09433906723490963
