Wort; Durchschnittlicher Wert
Luftbett; 3.784415911574615
bequem; 2.9821976615057793
ab; 2.866680562577676
Oberfläche; 2.846878114923311
integrierter; 2.833338790299604
Bitte; 2.804902214791764
bestellbar; 2.793373130953114
beachten; 2.7688719271282025
Drucken; 2.7504154441237914
aber; 2.6724772922760165
dort; 2.6593221599574464
der; 2.6328098510944984
gefertigt; 2.537385736365104
abgebildete; 2.5270865211416096
einen; 2.5173689424837447
ausgestellt; 2.5164142094822184
Personen; 2.4908044199316466
Marke; 2.4874529391796387
einfach; 2.4705879474855466
eignet; 2.452384619465738
Filialen; 2.4401811116628913
unseren; 2.433955488655465
Übernachtungsbesuch; 2.4254385465886115
Eine; 2.394924319036363
HinweisDieser; 2.3934453944460983
Auf; 2.3822541054428257
Schlafkomfort; 2.351748370817222
Artikel; 2.3259452709698962
Die; 2.325573176679245
Schlafplatz; 2.2872271495762106
über; 2.2743775711918714
Ob; 2.213810538125108
einmal; 2.1901783773260832
Gästebett; 2.1566259708095457
Dekoration; 2.127262924730894
großen; 2.1182510044925946
beim; 2.043637039035093
nicht; 2.0413886154849026
zu; 1.924839528495795
ob; 1.8740273811486987
bestens; 1.658503526795539
bequeme; 1.5662198429410636
lädt; 1.5396352326635678
Bequemes; 1.4678787822573214
Dann; 1.4410946644376963
rundet; 1.3445134334193427
Top; 1.3443719025075551
wenn; 1.318669780568598
seinem; 1.2574326056987046
schon; 1.1669403392304958
bis; 1.1598628010673564
Besonders; 0.9031811934051802
Bequemlichkeit; 0.8231855832214933
integrierte; 0.7350719965368626
integrierten; 0.6251897990587167
können; 0.5173249135827064
drei; 0.4816309786459897
schnell; 0.4086400069303636
Kunststoff; 0.40221410141384695
finden; 0.31077169011696243
haben; 0.3062803779379465
gemütliche; 0.20952654178327065
alle; 0.20630608968203887
wird; 0.10420820591971278
