Wort; Durchschnittlicher Wert
Luftbett; 3.7638731029233896
bequem; 2.9836613390623823
ab; 2.8734130544301935
integrierter; 2.8306838410309867
Oberfläche; 2.817680898499293
Bitte; 2.79201553269977
bestellbar; 2.7848594736839005
beachten; 2.751739853415347
Drucken; 2.7153463775463025
dort; 2.6822859974359745
aber; 2.6740321171759205
der; 2.623565483465609
ausgestellt; 2.5289942140968833
gefertigt; 2.5251295006353756
einen; 2.520223902156522
abgebildete; 2.5104942169644344
Personen; 2.4785051064944126
einfach; 2.465785561818302
Filialen; 2.453800162850894
unseren; 2.4494592798400845
Marke; 2.4451175664697073
eignet; 2.4270647212149923
Übernachtungsbesuch; 2.417097636853714
HinweisDieser; 2.4065187570064155
Auf; 2.3758563166684326
Artikel; 2.346100835162633
Eine; 2.3432627591078927
Schlafkomfort; 2.3242328099520817
Schlafplatz; 2.303519390874135
Die; 2.3029211267603387
über; 2.251289107566117
Ob; 2.1954070468171265
Gästebett; 2.154484731126286
großen; 2.128589699562144
Dekoration; 2.113153200822853
nicht; 2.065287626386362
einmal; 2.05920704415621
zu; 1.9447115043170924
beim; 1.9187150778685464
ob; 1.8918034653252107
bequeme; 1.8631801465395257
schon; 1.6539719836007862
bis; 1.562882375748859
seinem; 1.460410977385618
Dann; 1.4600924854006734
lädt; 1.3517621371196582
bestens; 1.3516072629259726
rundet; 1.2599769480904797
können; 1.2359586060123546
Top; 1.1561809901613742
Bequemes; 1.0307632444917545
wenn; 0.8172198018604832
Bequemlichkeit; 0.8141467323410325
Besonders; 0.7254937691388477
integrierten; 0.7176486059368472
integrierte; 0.7078985591551827
Kunststoff; 0.6183897857452394
schnell; 0.5127816247200826
drei; 0.29658382701163644
haben; 0.21663972552632912
finden; 0.21092523056140636
dass; 0.20193280574094388
alle; 0.19561341242515481
Hause; 0.09886260605417192
