Wort; Durchschnittlicher Wert
Luftbett; 3.814135570184226
203; 3.100954754774284
integrierter; 2.9057573981112
bequem; 2.8061887623598523
einen; 2.795481433683199
2; 2.766384373320034
der; 2.6764407262784515
gefertigt; 2.5828538735957407
Denn; 2.573638678478164
ab; 2.565966512389059
Artikel; 2.5396890094267293
Marke; 2.534746080331206
Personen; 2.5278354426797707
Übernachtungsbesuch; 2.5059890428299694
eignet; 2.4542404552541486
Auf; 2.4394636113624073
schnell; 2.438918365061363
Schlafkomfort; 2.385398245187207
Die; 2.3797670593304416
Drucken; 2.3493119330181798
Schlafplatz; 2.314775508229468
über; 2.3130987065986117
!; 2.299539627406534
Ob; 2.230548292671665
188; 2.223123524525545
zu; 2.222892738741939
Bedarf; 2.2208547255309896
großen; 2.199141296855623
Gästebett; 2.1912742593485746
ausgestellt; 2.183778893310773
aber; 2.183096778747313
unseren; 2.1819686074722995
dort; 2.1818325561307574
HinweisDieser; 2.1807519225891157
Filialen; 2.1636278052939817
beim; 2.1272913700480784
ob; 2.0467558591772104
einfach; 2.032032738252883
bestellbar.Bitte; 2.019229522770729
bis; 2.010218839102913
bequeme; 1.9235361790853858
97; 1.6710663955815108
einmal; 1.6396576495998487
bestens; 1.5768155135250708
finden; 1.3818868059912348
Eine; 1.1621987872436876
Besonders; 1.156294480373208
Bequemlichkeit; 1.1448280112956126
Kunststoff; 1.1326445477709057
praktisch; 1.1249003419477959
integrierte; 0.8519111841422273
schon; 0.8266140087214808
haben; 0.8262596373077941
beachten; 0.7320386439620051
rundet; 0.704056846102685
&; 0.6878624969745942
lädt; 0.6141125711803397
integrierten; 0.4214693006128073
Dann; 0.40430020123203575
dieser; 0.3117964996024966
können; 0.3117520976695232
wenn; 0.2090724238194525
seinem; 0.19426030251597695
Hause; 0.10491353526012973
gemütliche; 0.1033298052236205
