Wort; Durchschnittlicher Wert
luftbett; 3.83513445847334
ab; 2.916371767738147
oberfläche; 2.88565744854983
integrierter; 2.8688379193846574
bitte; 2.8527924712753303
bestellbar; 2.8424953975330993
beachten; 2.8176347131028705
drucken; 2.8138724962474497
dort; 2.738842867821762
aber; 2.7382647053973175
ob; 2.646357350699361
der; 2.5811087588793042
einen; 2.5730076832422015
ausgestellt; 2.5719743272336784
abgebildete; 2.559625291821908
personen; 2.558831849817511
marke; 2.5131779946496864
einfach; 2.5088631843943148
unseren; 2.498781105437524
filialen; 2.495831149807691
eignet; 2.460390375347356
hinweisdieser; 2.451936708518258
übernachtungsbesuch; 2.4517176336468767
bequem; 2.439421134609603
artikel; 2.3938127412833636
schlafkomfort; 2.382214450229708
dann; 2.3541498262870393
schlafplatz; 2.32839929690187
über; 2.308113979300873
dank; 2.215045874751678
gästebett; 2.208343217592561
einmal; 2.204977374960967
nicht; 2.186233271636661
sollte; 2.1745156731339192
dekoration; 2.166123225078587
beim; 2.1603489593698897
zu; 2.0780872502177545
großen; 2.0707749768377766
bestens; 1.8136531291087352
top; 1.6503627826831688
eine; 1.594325736464043
bequeme; 1.5840130344426142
bis; 1.4960068606471395
ideal; 1.479795524248948
lädt; 1.4450899863773372
kunststoff; 1.3409099669437523
seinem; 1.3276395345813057
gerade; 1.3254775728063464
können; 1.2786914361015533
doch; 1.2380702512366042
rundet; 1.227685435230751
schnell; 1.1386909030062156
bequemlichkeit; 1.0392315749297267
integrierten; 0.9409830655276892
finden; 0.7303152266786015
komfortables; 0.6125618127178314
integrierte; 0.5205522330705719
haben; 0.4134465939103393
drei; 0.3922907955460687
gemütliche; 0.20417830797268835
wird; 0.10834196282085032
dass; 0.10133063476532697
alle; 0.10099144456908107
seine; 0.09715718009974808
