Wort; Durchschnittlicher Wert
luftbett; 3.786519086316548
integrierter; 2.865882752208563
oberfläche; 2.860247699170577
ab; 2.8545316571719015
bitte; 2.8237778855298528
bestellbar; 2.806383921200177
beachten; 2.8021904917113716
drucken; 2.7611987313568536
aber; 2.7016290987987306
dort; 2.6946438720871813
ob; 2.605209830365493
abgebildete; 2.563050528531312
einen; 2.5531946621194948
der; 2.5502875923353714
ausgestellt; 2.5345676722714416
marke; 2.5047789141266548
personen; 2.4933160398395557
einfach; 2.4866807623999194
filialen; 2.474547426902427
eignet; 2.465896955461358
unseren; 2.463431783855776
hinweisdieser; 2.4298407982932986
bequem; 2.4225627759602504
übernachtungsbesuch; 2.4091522017330136
schlafkomfort; 2.3754293319929274
artikel; 2.368640078363751
dann; 2.3132962401312396
schlafplatz; 2.2935519095648487
über; 2.291102897126257
einmal; 2.199375878868159
dank; 2.1838200688966025
sollte; 2.171564087835577
gästebett; 2.1695648404274834
dekoration; 2.163491895698826
großen; 2.1497595670800367
nicht; 2.0996187402575743
zu; 2.0492945406440413
beim; 2.0490298112039453
bequeme; 1.8960497136446066
bestens; 1.8781022728449899
bis; 1.8087349634271959
eine; 1.707865078541363
ideal; 1.654784195970933
gerade; 1.530106449793675
lädt; 1.4398713964415948
seinem; 1.3216205123258988
können; 1.2604354317274555
schnell; 1.2477731019898783
kunststoff; 1.224092972314611
doch; 1.016615002238541
bequemlichkeit; 0.9271278045067447
rundet; 0.8301119099225616
haben; 0.8238512884112424
top; 0.8206268884125165
integrierte; 0.7337612299117608
integrierten; 0.7167217693728162
finden; 0.7036113341509918
wird; 0.5236423421127256
drei; 0.498040035374288
alle; 0.19895205744542183
gemütliche; 0.19388816020509694
dass; 0.10348282579216175
seine; 0.10068797236308455
