Wort; Durchschnittlicher Wert
luftbett; 3.8339715265814447
ab; 2.908892847497191
integrierter; 2.8884218636867445
oberfläche; 2.882689882676277
bitte; 2.8564781750945256
bestellbar; 2.854858764845994
beachten; 2.828060658893082
drucken; 2.8050121027365096
aber; 2.748298822103243
dort; 2.7378232772505724
ob; 2.6018504932260837
der; 2.596382441734568
einen; 2.591220021249319
abgebildete; 2.5910549816446293
ausgestellt; 2.5907165856951906
personen; 2.567372190875176
einfach; 2.5492266026234573
marke; 2.5338447967042157
unseren; 2.524098264335771
filialen; 2.5168026710300184
eignet; 2.4964311053045094
bequem; 2.483219560446378
hinweisdieser; 2.480427601664269
übernachtungsbesuch; 2.4458751822281557
artikel; 2.4061305681454543
schlafkomfort; 2.3899972533836262
dann; 2.361402248901868
schlafplatz; 2.323296718552956
über; 2.3086435499542857
nicht; 2.214205176893165
einmal; 2.1899389125363085
sollte; 2.1855875718349127
dank; 2.1855098422987793
gästebett; 2.1833625478459
großen; 2.1753975279661972
beim; 2.1440787138759334
zu; 2.0979639409961237
dekoration; 1.943421009038866
bis; 1.8339841521497875
bequeme; 1.8139561922929714
eine; 1.7239809589993456
rundet; 1.577061105624307
lädt; 1.5623225869931048
bestens; 1.5552870818413793
können; 1.5146173654364248
top; 1.4940154082109074
doch; 1.4721996310458052
ideal; 1.456365794604062
seinem; 1.2586957120336593
gerade; 1.1646267275500577
schnell; 1.1416236079643567
bequemlichkeit; 0.9348951082996791
integrierte; 0.9240483109026172
haben; 0.7338585323080735
integrierten; 0.7231748520105612
finden; 0.6437015606410569
wird; 0.5442021299899352
kunststoff; 0.5319749929156388
komfortables; 0.32029564493568613
dass; 0.3165756665330264
alle; 0.2059022632194683
drei; 0.09923652401193976
seine; 0.09865946909412741
