Wort; Durchschnittlicher Wert
je; 0.05377964282524772
federkernpolster; 0.04368032461388793
klass; 0.04321128727224277
jamatratzenk; 0.039358858368359506
beliebt; 0.03867899921897333
formensprach; 0.03866791527434543
gesicht; 0.03860282269306481
jamatratz; 0.037968941032886505
charm; 0.03723498208273668
camping; 0.03678513685008511
wert; 0.03677353376406245
hand; 0.036693020942038856
umgewandelt; 0.036619383055949584
integri; 0.03660611297709693
alexandra; 0.035879549715900794
verspruht; 0.03546511587956047
schaumstoffpol; 0.034945101964694913
inkludiert; 0.03479167100886116
verdankt; 0.034684924758039415
sollt; 0.033940341003471985
wellnesszon; 0.03375787698314525
landhaus; 0.033757074143068166
dorry; 0.03372892909828806
styl; 0.033479269288363867
befindet; 0.033299689705017954
grossflach; 0.03288268171309028
a; 0.03282727173063904
waschbar; 0.0327164838090539
absetz; 0.032536309270653874
stand; 0.03249207342742011
traumbett; 0.032319688207280706
adaquat; 0.032277383950713556
lieblingsplatz; 0.03213357997810817
doppelbett; 0.032072694495582255
set; 0.0317176851676777
handelt; 0.031693745969050724
extraportion; 0.03127531944483053
wohnide; 0.03109634976135567
levi; 0.030521902262989897
beflockt; 0.030467346961813746
endgult; 0.0304643345734803
kopfteilmasseliegeflach; 0.03017749113496393
energi; 0.02999902836745605
queen; 0.02981155640736688
artig; 0.029780675860820338
vinyloberflach; 0.029618987081448722
benot; 0.029349358134282966
como; 0.029320886940695345
varii; 0.02929820155077323
luftbett; 0.029227074064692715
