Wort; Durchschnittlicher Wert
leistenlager; 0.04404439157951856
jamatratz; 0.042222658135870006
beweg; 0.038764575660025
jamatratzenk; 0.036823083504714305
bettkastenhinweisdies; 0.03562905526632676
jalattenrost; 0.03530600487283664
kopfteilmasseliegeflach; 0.033452661973569775
ruckfeder; 0.03226255078698159
ausgezeichnet; 0.031959541453034035
federholzleist; 0.03169737957432517
carolina; 0.031088092573554604
einschlaf; 0.030838033868349157
schlafqualitat; 0.030543732913429267
bettkastendruck; 0.027625659788100165
waschbar; 0.027584032166487304
energi; 0.02728901830414543
leist; 0.02720406297885347
como; 0.026759766413306352
verlor; 0.026483995103262714
tragt; 0.02606890199604095
teilig; 0.024908688028517645
ton; 0.024901540176870185
oberseit; 0.02431843566319003
morg; 0.024108152088956558
hereinschieb; 0.024056550778823294
wendbar; 0.02377823049755534
strahlt; 0.023519453658082057
mittelgurt; 0.023359622153293458
streichelweich; 0.023334660649197758
verrutsch; 0.023297166317206575
polyurethanschaumkernhartegrad; 0.023253610863321228
film; 0.023229608605106478
leichtgang; 0.022528561479703058
erwartet; 0.02178745681703731
selbstverstand; 0.021548550520492427
umklapp; 0.02138943696490969
voll; 0.02120352816200466
wohntraum; 0.020870053231192287
mikrofasermax; 0.02078849188546883
sondergross; 0.020775207613041857
stattlich; 0.020723482889479783
grauton; 0.020428130110303755
abstepp; 0.020401177165695117
bern; 0.020387703853316452
versprech; 0.02014017568944837
geh; 0.020130820979829878
zeichnet; 0.01971647756454331
doppelpack; 0.01970915228139347
endgult; 0.019598248987676925
madch; 0.019324351286741148
