Wort; Durchschnittlicher Wert
jugendzimm; 0.0633115226028167
rollrost; 0.05983628370813676
viel; 0.05706516743157408
kind; 0.056023704797553364
gedacht; 0.0546410145734626
bettschublad; 0.05174168826465575
royal; 0.048026996744056305
erholsam; 0.04793633667759423
losung; 0.047040447519975714
regal; 0.04628661750757601
dekor; 0.046101384572466486
schlafkomfort; 0.04604216808002093
ph; 0.045078078350343276
aufgeraumt; 0.043437770877062576
topp; 0.04287937557865007
bettlad; 0.04262781682291461
schlafmobel; 0.04252475050088833
liefertermin; 0.04198837785224896
eichenholz; 0.04181302168581169
biet; 0.0409373997063085
modern; 0.040814806087837496
lackiert; 0.04079798619932262
rasch; 0.040741056977822154
zuletzt; 0.0403470724595536
option; 0.04021147820094484
dien; 0.0401990369118721
futonbett; 0.03982581723084877
inn; 0.0395276271046896
gastezimm; 0.03944047254844918
schlafcouch; 0.03942068367905449
funktionell; 0.03941112228312704
tipp; 0.03935925823680009
tragt; 0.039196418183564674
per; 0.03883977409441286
schlafgefuhl; 0.037626968400218175
beid; 0.037516000964387786
ordent; 0.03748813296624576
vereinbar; 0.03677807717031101
bettgestell; 0.036706782785586256
ermoglicht; 0.03660682982160779
versteht; 0.036529151560898754
nachwuch; 0.03640015345081338
leichtgang; 0.03628655804641312
obermaterial; 0.03617790799034992
bundnis; 0.03603087721785414
himmel; 0.035577262729930226
spielzeug; 0.03532809230455314
kopfteil; 0.035222043909016065
geschickt; 0.03516041941475123
anzulehn; 0.03504688121029176
