Wort; Durchschnittlicher Wert
bezog; 0.1621870407834649
befindet; 0.13867165542615112
ausgestattet; 0.1372319334986969
schenkelmass; 0.12901012399379397
ottoman; 0.12717356404755265
luxurios; 0.12509119711467065
uberzeug; 0.12124805501662195
hellgrau; 0.11860291616176255
optisch; 0.11607354681473225
liegt; 0.11354575242148712
eck; 0.1119232649798505
liegekomfort; 0.11145845742430538
optimal; 0.111405348055996
stoff; 0.1066521292455036
seit; 0.10633946902817115
reissverschluss; 0.10632837167577236
hochschlaf; 0.10626357887304039
gesell; 0.10516632639337331
wolk; 0.10407634071452776
schafft; 0.10327321240038145
aufstell; 0.10026832520452444
knopfnaht; 0.09919637098209932
verstellbar; 0.09898165905906353
sieht; 0.09866147975844797
wobei; 0.09860959537036251
silberfarb; 0.09812241284089396
kunststofffuss; 0.09697794666863047
domino; 0.09653432486811653
komfortschaumk; 0.09644491932704113
zylindr; 0.09584456597804092
zugehor; 0.09435481563559733
auslad; 0.093523646119138
lehn; 0.09113025186525192
fein; 0.09075558176846243
level; 0.09072169841238065
mittl; 0.08907104397803778
start; 0.08899482392007485
abend; 0.08847929171315627
komplettiert; 0.08803000173065811
verziert; 0.08744246108835796
wohlfuhloas; 0.08690621837740764
darub; 0.08674451622209745
extraklass; 0.08580051992976223
montierbar; 0.08568538226245437
wenig; 0.08527300240530167
querschlaf; 0.08476864316617139
kuscheleck; 0.0834982969390694
bequem; 0.0833759522283799
bettlad; 0.083345863269642
sowohl; 0.08297858636615274
