Wort; Durchschnittlicher Wert
Wellenunterfederung; 0.08088241773657501
Anthrazit; 0.07888659616583027
selbst; 0.07886881451122463
modernen; 0.07361951522761956
Zweisitzer; 0.07347113033756614
208; 0.07343069750641007
hohe; 0.07313400495331734
so; 0.07299704612523783
Schlafcouch; 0.0728843413675122
angenehm; 0.07156429285532795
Sitzgefühl.Erweitern; 0.07138184527866542
Bonellfederkern; 0.07135181796911638
SchlafzimmerDrucken; 0.07100780957262032
mehr; 0.07077248203495401
großen; 0.07020042800081683
160; 0.06923876246219152
Zweisitzer-Sofa; 0.06905038126933505
T; 0.06851147118504741
hautfreundliche; 0.0677348088065628
passen; 0.06747184858977562
punktet; 0.0667303198861191
tollen; 0.06637958267674549
Personen; 0.06590564834186807
Geschmack; 0.06570417232069303
Matratze; 0.06558887011487968
richtig; 0.06532742959097959
verleiht; 0.06459409483068157
BESTWAY; 0.06457164487801492
Überraschungen; 0.064557941746898
Co.; 0.06446882116733832
seinem; 0.06264832115448371
Zeitloses; 0.062356051232200116
Kopfteil; 0.06234774544282118
Lieblingsteil; 0.06227003549065557
Größe; 0.06181873479363276
STYLISH; 0.061788690742105246
einen; 0.06169918956584297
148; 0.06168251039343886
verschiedenen; 0.061607606228790246
Höhe; 0.06154922445784905
gefertigt; 0.06117978130350821
gemütliches; 0.06117585242827772
%; 0.06110796227585524
Holz; 0.06103483084007166
attraktive; 0.060919540002942085
geselliges; 0.06082244317076402
Ambiente; 0.060687609897286166
Wahl; 0.06059984256171447
elegant; 0.060269856883678585
Stellen; 0.060269324225373566
