Wort; Durchschnittlicher Wert
schwarze; 0.155807760587777
belastbar.Freuen; 0.13052014028653502
Mustern; 0.12213769345544279
Bonellfederkernmatratze; 0.11207838400150649
Pillingbildung.Und; 0.11068996851099655
auf.HinweisBitte; 0.10887792153516784
verbreitet; 0.10494801925960928
SchlafzimmerDrucken; 0.09694814840622712
KategorienSchlaftextilienNachtkästchenKleiderschränkeKomplette; 0.09589453303487971
WohnzimmerMit; 0.09427858170238324
Luxus; 0.09202622414159123
Raumes; 0.09111616516020149
CAROLINA; 0.08940271400206257
Gesicht; 0.08743312444130424
Aus; 0.08381744646612788
Praktisches; 0.07898882999143098
persönlichen; 0.07870935792197997
feste; 0.07865882304031402
Senfgelb; 0.07835372601402923
Samt-Optik; 0.07743784412741661
hinsetzen; 0.07688622745627072
jaLattenrost; 0.07455628755269572
bevorzugen; 0.07449968341097701
bezeichnen; 0.07326110795929708
Betreten; 0.07321030047023669
Höhe.Die; 0.07313750595108104
widerstandsfähige; 0.07307668268913403
verzaubern; 0.07268551738525275
Weiteren; 0.07261648189887637
wo; 0.07197534653823823
Träume.HinweisBitte; 0.0718408427783288
jaMatratze; 0.0717239431978669
Interieurs; 0.07109916999615962
Glamour-Faktor; 0.0709326298929227
RAVELLO; 0.07065751060144976
eleganter; 0.0703447672422044
erwartet; 0.07008656190009788
2,5; 0.06982322430121712
grau; 0.06937977358757053
umfangreiche; 0.06878018754650839
Tablet; 0.06819294899469241
geruhsamen; 0.06818235357059166
Klappen; 0.06785821315133944
Erwachen; 0.06774269946618006
2-teilige; 0.06764864589786157
Futonbett; 0.06762369436910376
Schlafunterlage; 0.06724474334623665
herausragende; 0.06717710854718462
verleihen; 0.06699998892145231
Betthaupt; 0.06652527454752999
