Wort; Durchschnittlicher Wert
gewachstem; 0.04431630554609001
ihre; 0.03827850124798715
299; 0.03575948829529807
drehen; 0.03486435121158138
Reden; 0.034734426939394325
entspannten; 0.033910734789969865
wo; 0.0313897110754624
CARISMA; 0.030919250682927668
vorgeprüften; 0.030123920849291608
Betthaupt; 0.02981900019221939
hell; 0.029731772025115788
benötigten; 0.02969097140885424
265; 0.029351113480515778
flexibles; 0.029275454115122557
Nachtruhe.Aufgrund; 0.029138036028598435
Müdigkeit; 0.028710797196254134
sind.Drucken; 0.028410897473804653
erstrahlt; 0.027486518723890185
Tablet; 0.027135969779919833
langsam; 0.027014563500415534
Jersey; 0.026824199449038133
bewahren; 0.026699448109866353
Schlafposition; 0.02656200483397697
umfangreiche; 0.026424954645335674
Besonderer; 0.025967431123717688
30/37; 0.025687555607873946
Sitzeigenschaften; 0.025613835507101612
erlaubt; 0.025487669699941762
zweckmäßige; 0.025388769863639027
238; 0.024928922357503325
DORRY; 0.02473671911866404
Sessel.Mit; 0.02429023725562729
auszuruhen; 0.023763302131555974
ausgestatteten; 0.0236395729589276
vieles; 0.0235432856134139
schätzen; 0.023456270864699036
Vorzügen; 0.02343594137346372
gestellt; 0.023374079377390444
Kuscheliges; 0.02316725873242831
zusammengeklappt; 0.023038121085846797
ADRIA; 0.023013097525108606
Mega-Sofa; 0.022679436660837382
dezenten; 0.02252243784823804
Übernachtungsmöglichkeit; 0.022467003582278267
VARESE; 0.02243163573439233
langem; 0.022234363335883245
NESSI; 0.022149430646095425
MERLIN; 0.022084981115767732
Armablagen; 0.02195285214111209
glatt; 0.02179695584345609
