Wort; Durchschnittlicher Wert
Liebesroman; 0.10863096438697539
Traumbett; 0.09682682439597556
Zusätzlicher; 0.09436020288558211
Einschlafgeschichte; 0.08771360051468946
Personen.Nutzen; 0.08467115252278745
seitlichen; 0.08425460846046917
beliebt; 0.08387254542321898
leichtgängigen; 0.08370787418971304
entgehen; 0.08251280846889131
trendig; 0.0802610382606872
Schlafbereich; 0.08014119989820756
Schlafplatz; 0.0790707394189667
ausgeklappt; 0.07818465518357698
Unsere; 0.07738148935459321
ihre; 0.07692871571998694
REACH; 0.07675273634959012
wissen.HinweisDieser; 0.07590580218675314
Gute-Nacht-Krimi; 0.07574131230649073
Herzen; 0.07510501703654882
Bettlade; 0.07508127485198202
versinken; 0.07355279185139807
platzsparend; 0.07340187094450812
mitgelieferten; 0.07300974959798623
Wotan; 0.07260042722919025
NOVA; 0.07197663125407416
Samt-Optik; 0.07188255022629164
Oxid; 0.07187424899893813
179; 0.0699512220453471
sind.Das; 0.06989307080220897
Kontrastfarbe; 0.06985477793205064
farbiger; 0.06887553865090013
Design-Highlight; 0.06882174663769547
is; 0.06863821199294762
überbieten; 0.06852195482497336
Bonellfederkernmatratze; 0.06845130263536703
kombinierfreudig; 0.06789156842569355
Etwas; 0.06712839233659906
funktionelles; 0.06698570976732299
Pillingbildung.Und; 0.06652682962885592
Regalfächern; 0.06535919237649068
Nehmen; 0.06518185977211033
192; 0.06496378660085611
Kiefer; 0.06494191625824897
multifunktionales; 0.06494150856451597
Fernsehzimmer; 0.06466195727989543
findet.Untertags; 0.06337888409325387
großzügigem; 0.06324185855919495
mehrere; 0.06319303259806475
spezielle; 0.06286344183899928
Nachtkästchen; 0.06263384554767981
