Wort; Durchschnittlicher Wert
nicht.Tipp; 0.07823506713612005
Federn; 0.07460841705324128
spannende; 0.07440567773301154
Entspannen; 0.07371557036549348
Lassen; 0.07143729399558651
will; 0.07046313735190779
Wirbelsäule; 0.07035708577313926
Luxus; 0.06903882873302791
Bis; 0.06584033055696636
anderes; 0.0652277204208076
Design; 0.06519061565632
schenken; 0.06449932634131983
gleichmäßig.Bei; 0.06408280367031693
Liegeerlebnis; 0.06352423934731632
bezeichnen; 0.06301599397556856
gestützt; 0.0603459938429296
springt; 0.05952589024673216
!; 0.05939274717820808
versüßt; 0.059378248697612435
verteilt; 0.058927468955516815
Sitzmöbel; 0.05775074616121856
Ihre; 0.057627884758403525
.; 0.05610683310078457
vorne; 0.05604519337066449
Zimmern; 0.05603664240334183
erholt; 0.05590732418932021
können; 0.055895821140438784
Sofa; 0.05535447096917778
Modell.Mit; 0.05519318510778248
Schaumstoff; 0.05395757302176207
komfortabel; 0.05390465029631741
auf; 0.053895341960014775
Mehr; 0.053763375617563725
geölten; 0.053735513996798545
der; 0.05356148815189954
Ausgestattet; 0.053410910157253966
nie; 0.052837340537735145
Samt-Optik; 0.052604363416321576
ca; 0.052585228404495865
einer; 0.051945819664979354
junger; 0.05192111572250724
geht; 0.0510837438305316
gekommen; 0.051045962143689394
Luftbett; 0.05095220651128329
Stunden; 0.05071359049179591
QUEEN; 0.05013965522812214
diese; 0.05000079979072325
Stilbewusstein.Das; 0.04961044481024146
also; 0.049567752292205114
massiver; 0.04948478187179717
