Wort; Durchschnittlicher Wert
verbindet; 0.04963010850769933
DORRY; 0.049000359591445886
eleganter; 0.04800236562732607
Stilvolles; 0.045881210011430085
schick; 0.044836329674581066
Karosteppung; 0.04163920146675082
Mikrofaser; 0.040114947989422944
großartige; 0.03924955442880673
121; 0.0391704019732515
besitzt; 0.03902558107438381
rustikalen; 0.03811050775766489
BERISSO; 0.037794902113091666
13; 0.037266164443281014
bezogene; 0.03692798249539919
Kaltschaum; 0.03612413873634068
Kaltschaumpolsterung; 0.03582966239628149
Vorstellungen; 0.03481656229268992
harmonische; 0.034700046201578516
126; 0.034509537337726215
ab.HinweisBitte; 0.034390657961921534
hinaus; 0.034216485157230636
Kunststoff; 0.03389468527166173
FLEXCHOICE; 0.03374509874993237
sofort; 0.032248704294033814
Wir; 0.03166547892760718
Komfortables; 0.03126446151873097
Federkern; 0.030883434663223852
neue; 0.03076204695389606
Nu; 0.03073161107749911
weicher; 0.030647781928564655
raffinierten; 0.03054724435787648
Kaltschaumkern; 0.030343988109962083
gut; 0.0303101914760191
miteinander; 0.030270186169673252
Kopfkissen; 0.030251015632529743
unterwegs; 0.030221951310522854
eckige; 0.030151488936098758
jedes; 0.029821090913173975
ansprechenden; 0.029413666722575726
U-förmige; 0.02936652821381358
elegantes; 0.029220782428637904
strapazierfähige; 0.029079466628900263
ab.Für; 0.0290095412019582
Schlafmöglichkeit; 0.028998413763474673
überraschenden; 0.028906922409078106
Big-Sofa; 0.02876903554169985
-; 0.028741582587826997
Rückenlehnen; 0.028692971984128235
integrierte; 0.028685418306849897
robuste; 0.02849070494994521
