Wort; Durchschnittlicher Wert
Braun; 0.07731715044974408
lackiertem; 0.062337290175491944
Gespräche; 0.061333483579801396
Hochschläfer; 0.05987929152979632
ausschließlich; 0.055150238229089155
Komfortabel; 0.05505192858618102
ersten; 0.05479901979197166
Kilogramm; 0.05444227979387506
Hellbraun; 0.05417013408532512
Stimmung; 0.054025280214432314
lustige; 0.05351613270613598
Boxspringbettes; 0.05351215488371963
Eck-Sofa; 0.053417902558067
maximale; 0.05333813914694474
Farbtöne; 0.052792728285567136
XL; 0.05252680512808183
Vielseitigkeit; 0.05227981966800144
Pyjamapartys; 0.051879038313927595
173; 0.051779252737560455
ankommt; 0.05163516365337273
Platz.HinweisDieser; 0.05136369642059435
teilweise; 0.051288461556396214
Hinweis; 0.05106152461530655
XL-Kopfteil; 0.050443183600691555
213; 0.049837680782729876
Schmuckstück; 0.04926616362581626
gemeinsam; 0.04913459951239929
Farben.HinweisDieser; 0.0491207727973233
73; 0.049063158770877635
69; 0.04864231024976107
geschlafen; 0.048520820806515985
WohnlandschaftDie; 0.04838959733478987
Herausziehen; 0.04831294653558871
behagliches; 0.04787890055649768
Himmel; 0.047518671743091545
naturfarben; 0.04687885668772651
wundervollen; 0.04681866940791224
Knopfsteppung; 0.04681124406852177
Level; 0.04631645309484611
mittleren; 0.04602920523848297
156; 0.04600718481015065
Schicker; 0.04575860668592213
einsetzbares; 0.04533157796231535
Raffiniert; 0.0452979139040508
ursprünglichen; 0.045294935483980225
Komfortschaum; 0.044985397418713546
werden.Bei; 0.04479179534246214
Bettkasten.HinweisStoff-; 0.044778140265407274
MID.YOU; 0.04474539652073872
Synthetikfaser; 0.044533374479215126
