Wort; Durchschnittlicher Wert
Dank; 0.3429599886003416
großzügigem; 0.32568615209311247
Extra; 0.3173047980526462
Wählen; 0.315820328949485
erhältlich; 0.3148675492266193
Räumen; 0.3103445004380774
Co; 0.30869321431964636
sehr; 0.3028762224421371
gepolsterten; 0.30166532690054737
vielen; 0.2991758957505226
Bezüge; 0.29914701482630335
Liebesroman; 0.29763009268208407
Regalfächern; 0.2944804192520678
beliebt; 0.2906825303216465
Einschlafgeschichte; 0.2883622810477391
Ausführungen; 0.286486191151198
Gute-Nacht-Krimi; 0.2847092507290654
Freude; 0.2777293976396322
leichtgängigen; 0.2776527271780651
Traumbett; 0.2742867059423588
Zusätzlicher; 0.2734833022695966
seitlichen; 0.27250524147530086
Bequemes; 0.2723493309895275
Schlafzimmermöbel; 0.27224494125403
beruhigende; 0.2715363100724062
sind.Das; 0.2702872967638541
wohltuende; 0.2691527574934298
platzsparend; 0.26912809928762726
AZURRO; 0.26198456753627397
ausziehbaren; 0.25810467870905995
Während; 0.25296895768224203
Wotan; 0.25284065515734255
17; 0.24722130167356227
Entspannung; 0.2467737102706451
ordentlich; 0.2464264204900246
graue; 0.24383795687026577
Betreten; 0.24217892839806154
Kunststoff-Füße; 0.2417956567951478
strapazierfähigem; 0.23327463428722695
Holz; 0.23104646139836404
Schlafunterlage; 0.23017964893369935
inkludierten; 0.22979748879151884
Unter; 0.2292756778479088
widerstandsfähige; 0.2287777091260068
Fußteil; 0.22827701404457912
aufstehen; 0.2269786392134847
erwartet; 0.2267669361026492
hinsetzen; 0.22616001576534472
CAROLINA; 0.22091808926779777
feste; 0.21875000960426405
