Wort; Durchschnittlicher Wert
schwarze; 0.027400637854952947
tiefenverstellbar; 0.023718616336850573
Schrankklappbett; 0.021574323731556433
tollem; 0.021043438241349577
ihre; 0.020821308879703793
verleihen; 0.020548006897456617
ISOTTA; 0.02045445985788774
Prüfzeichen; 0.01980676433396411
positionieren.Die; 0.019500472143022307
unterstützt; 0.01939549072534419
gewachstem; 0.019110862655111305
ein.HinweisStoff-; 0.018809084200711368
versehen.Die; 0.01816730579793102
Relaxen; 0.018026280380411208
Richtige; 0.017883086750089205
freundlich; 0.01775633256374931
Preis-Leistungs-Verhältnis.Das; 0.01769644417265681
ALICANTE; 0.01750218484846755
Bild; 0.017322561701234918
205; 0.01723470589251974
Schlafsofa-Sessel; 0.01715421347262236
Szene; 0.01706070298882878
BettkastenDrucken; 0.01703303065653472
Kunststoff-Füße; 0.017009087043106774
Wohlfühlzentrum; 0.016980697076746765
Balkenkonstruktion; 0.016912037011934444
parat; 0.016905482977961128
baumeln; 0.016898299125386984
ATLANTIS; 0.016818037708389966
verriegelnde; 0.01630565001710238
Komfort-Sitzhöhe; 0.016144341840913512
Müdigkeit; 0.01591554415608698
Steppungen; 0.01584449353219952
kippen; 0.015828706233776302
meisten; 0.015713095199544114
nimmt; 0.01563175312810472
110; 0.015327383731346345
richtigen; 0.015317999669605342
gleich; 0.015297360678118821
Bessoni; 0.015000144044279295
geschickt; 0.014892035593675246
Plaudern; 0.014888188816598813
verstellbarem; 0.01486676312867985
Runden; 0.01479353463150801
zusätzlicher; 0.014764035799316844
17; 0.014653037810148817
Handy; 0.014592882722297418
verbreitet; 0.0145649189262258
84; 0.014532500113091373
spezielle; 0.01449872609657632
