Wort; Durchschnittlicher Wert
zweit; 0.07241135614458472
Maschine; 0.07182296018345369
Bettkasten.HinweisStoff-; 0.0686822839747947
Stütze; 0.06786986616498325
Zonen; 0.06757679683687456
ist.Mit; 0.06517992734188738
Boxspringbettes; 0.06309726081235567
Stimmung; 0.0612992620372097
Komfortschaum; 0.06111504701402737
wobei; 0.057553724755052826
seines; 0.05619725129145081
Viscoschaumkern; 0.05614015212995582
ab.Auf; 0.055583400611794787
Braun; 0.05540062529689749
124; 0.0549523669287737
Farben.HinweisDieser; 0.05486811208538711
Velours; 0.05470643696753541
hellgrauen; 0.054481102102727164
Zusätzlichen; 0.054477374633279396
Boxhöhe; 0.0544059064668545
8; 0.05420048281121126
Kg; 0.05413526929260115
MAINE; 0.054133909648953704
PUEBLO; 0.05328716190524574
zurücklehnen; 0.05302870029845508
ein.Das; 0.052968907769582074
Sitzplatz; 0.052835653186321
nicht.Tipp; 0.05261092974978965
echte; 0.052470655769866426
nie; 0.05235005143867966
üppig; 0.052216346897694166
Reißverschluss; 0.05216059381928062
zuhause; 0.051788004067702786
Sitz; 0.05174032226750569
braunem; 0.0513423970724034
270; 0.05097931285490631
hervorragenden; 0.05050301695155213
Nylon; 0.0501945246651303
aus.Denn; 0.05017835224134615
verbirgt; 0.049988085753284395
gesorgt; 0.04966621419225703
verlaufenden; 0.04957646798357018
geschlafen; 0.04947072985123668
136; 0.049388104511308484
Paketgröße; 0.0488943615455355
LAZY; 0.048543236349360086
Position; 0.048477154596184846
vergessen.HinweisDieser; 0.04835519297193969
294; 0.048304029885912314
Mischgewebe; 0.04810297967196675
