Wort; Durchschnittlicher Wert
NERO; 0.335722544696182
-PH-; 0.3349519921466708
Polyurethanschaumkerns; 0.32627516053617
Abriebfestigkeit; 0.3244857741519809
Pillingbildung.Auch; 0.32091923360712826
Synthetik-Mischung; 0.3170938892289996
3,5; 0.31409890251234174
abnehmbaren; 0.31089243153110147
geringen; 0.308632324449718
Chromfarben.Doch; 0.303699993994087
ALEXANDRA; 0.2659880043938756
Sondergröße; 0.24855893710628152
Würfelform; 0.23781640804372728
anderem; 0.23238543490879238
ab.Unter; 0.23149410635232925
ist.Mit; 0.22565460461191833
abnehmbar; 0.22121924674138427
aufgrund; 0.20969062950462103
Kg; 0.2078598781954497
H3; 0.19484997913241386
mittelfester; 0.18979861587285995
Verleihen; 0.1897912344429642
Obermaterial; 0.1865382445976138
abrunden.Lassen; 0.18259645137004554
durchgehenden; 0.1786496181448456
edles; 0.17786309495568275
eckigen; 0.1770940087735653
Schlafmöbels; 0.17190824169665575
Mischung; 0.16714683058671653
32; 0.16644351207651198
an.Das; 0.16571653331629932
finden.Alternativ; 0.16463925456628203
mittelfesten; 0.1627568732947111
Auszug; 0.16166324785444885
15; 0.15837297146208584
angenehmeres; 0.1577276848256588
4,5; 0.1574263230431825
59; 0.15323032392188907
Edles; 0.15153847867622972
vermitteln; 0.15010644169524312
edlen; 0.14542025909759104
AufbauanleitungHinweisBitte; 0.14532571757445112
Taschenfederkernmatraze; 0.1427458911202848
gleich; 0.14157549291849136
gestaltet; 0.1411386001855135
Während; 0.14022887870669365
entführen; 0.1342636444605887
Gesamteindruck.Es; 0.1335593848489225
MAXI; 0.13323519192636013
Lichtechtheit; 0.13320103590376675
