Wort; Durchschnittlicher Wert
(; 0.11990178333871881
Liegefläche; 0.11971474321035203
); 0.11798281440860592
sich; 0.11618802056182176
enthalten; 0.11412755368291982
für; 0.11351807774190092
dass; 0.11336425993067678
zwei; 0.11258742868085392
die; 0.10952747223200276
Wohnlandschaft; 0.10936189310450573
Sie; 0.10901969666883815
einen; 0.10755780134422821
x; 0.10717885811027372
auch; 0.1066721896204399
nicht; 0.10646645828092005
mit; 0.10589761211303994
beachten; 0.10581405239645392
L; 0.10544043036134099
modernen; 0.10499971231183736
im; 0.10495362996880431
eine; 0.10344850107503589
und; 0.10255030266853282
des; 0.10227764224691782
es; 0.10160137441562256
Matratze; 0.1015061218640767
lässt; 0.10145869101688731
ausgestellt; 0.101089335490542
Das; 0.10001278360141441
unseren; 0.09967678488465026
dort; 0.09962319626720273
Mit; 0.09933477619779296
einfach; 0.0992982883908553
UNK; 0.09829289966728538
aus; 0.09822166929370724
große; 0.09784813722944818
sorgt; 0.09779130254173651
oder; 0.09726783291262109
aber; 0.09722706436514272
zu; 0.09715539377066307
individuellen; 0.09714520411034755
überzeugt; 0.09681903643650003
als; 0.09673756931442767
dank; 0.0965312790722237
sorgen; 0.09645734430523589
.; 0.09615562636463437
bis; 0.09589926116314018
Platz; 0.09542593435617164
Filialen; 0.09384478047650191
Die; 0.0938211525499355
von; 0.09342668477620464
