Wort; Durchschnittlicher Wert
ihn; 0.03724743205020786
Bettkästen; 0.03165242514296551
9-Zonen-Tonnentaschenfederkern-Matratze; 0.030429884467594093
Einrichtungskonzept; 0.028492902631114703
gebettet; 0.027797378821560415
Kunststoff-Füßen; 0.026918068434042652
misst; 0.026510808909733896
Komponenten; 0.026120393596443137
gestützte; 0.025336921856251138
stimmige; 0.0250840093503939
erleichtern; 0.024942619554167322
allzu; 0.02484839183762233
getragen; 0.02479058185053873
221; 0.02453012521527853
mittleren; 0.024284525057737483
öffnen; 0.024132827658831957
durchgehendes; 0.02400660950047495
REDMOND; 0.023896529211924644
gewaschen; 0.02377392845301074
Verstauen; 0.02343502645726403
genüsslich; 0.02329983671734226
Polyesterbezug; 0.022946669646444207
Gasdruckfeder; 0.022756876435778395
Stunden.Die; 0.02275545815609803
traumhaften; 0.022249114315854968
SKATE; 0.02201206709287362
156; 0.021664891495674965
angesichts; 0.021586177233075432
Funktion.Drucken; 0.021317454721156537
LUPO; 0.021072428629850037
Möbels; 0.020839006852838793
PUEBLO; 0.020493816773523577
Buchefarben; 0.02024829063884681
gewährleisten; 0.019523454024238163
ergonomische; 0.019221921531425323
abziehen; 0.01922171459591482
2,5-Sitzer-Sofa; 0.01913638172118226
Dunkel; 0.019049849608563818
reinigen; 0.018718652338066022
69; 0.018523401066886436
durchdachter; 0.018486285387098178
verlaufenden; 0.018357827413638006
behagliche; 0.018344986416195752
BORA; 0.01827691293965472
Spielzeug; 0.01826411895945057
schließen; 0.01813193647467415
Holzdekoren; 0.017890933519083774
Aufbewahrungsmöbel; 0.017878115282655926
Liegefunktion; 0.01768815212562913
opfern; 0.01768437586906657
