Wort; Durchschnittlicher Wert
84; 0.16174211572797503
Boxspringsofa; 0.12665458110859618
Schlafsofa; 0.12220305614755489
Modernes; 0.12100815276789945
praktisches; 0.11786086852953304
192; 0.11411795451567741
zieht; 0.11209857877111062
tollem; 0.10979101345947129
123; 0.10963212751084939
Sitzgelegenheit; 0.10703762230696157
Edelstahl; 0.10582800583506469
Webstoff; 0.10528221298591234
grauen; 0.10476090741576627
LUCA; 0.1047575771517586
300; 0.10179742341279052
Schlafplatz; 0.10132384684402496
Design-Highlight; 0.10082364900154062
jetzt; 0.09969233573110614
gesteppte; 0.09935149820375955
einzigartig; 0.09924224752830924
Dafür; 0.09873403419624083
OMBRA; 0.09797458781395108
vielseitigen; 0.09787486631103093
Eleganz; 0.09733646047243383
97; 0.09732095830258913
schlichter; 0.09588687326322543
Pumpe; 0.09456606380990706
erstrahlt; 0.09437779540894553
schlagen; 0.0932558856002288
eleganter; 0.09318370324035641
positionieren.Die; 0.09306155929516535
Luftbett; 0.09280627738917246
T; 0.09247645669893245
Rückenlehne; 0.09246944774349686
schlichten; 0.09165485126140993
BESTWAY; 0.0915090031339787
Stoffbezug; 0.09088158821396064
spezielle; 0.09059551570680924
Metallbeinen; 0.09042647392925574
Person; 0.09040632110554725
unterbringen.Ein; 0.09004344262211816
kuscheligen; 0.08956086307443911
weicher; 0.08886719678412192
Herzen; 0.08880438248161227
BARI; 0.08814712575713202
Praktisches; 0.08800686005270109
.HinweisStoff-; 0.08762577453035192
179; 0.08754820315516554
Liegekomfort; 0.08736421682942819
202; 0.0872411464661127
