Wort; Durchschnittlicher Wert
Braun; 0.10812507942318916
ist.Mit; 0.0827832049690187
wurde; 0.07962653605500236
versehen; 0.07811380364000797
Hinweis; 0.07757994835264981
zeitlosem; 0.07672550226561725
Bettkasten.HinweisStoff-; 0.07526134350337088
196; 0.07444012025371194
Stimmung; 0.07301548891700804
213; 0.07184794990462251
Kilogramm; 0.07067207689397037
Polstermöbel; 0.07041858084267005
Innenleben; 0.07025545032229275
fest; 0.06891419389285147
Nylon; 0.06836015697626863
Zugabe; 0.06813937472179532
Komforthöhe; 0.06813902570866048
-; 0.0676808952121064
Ob; 0.06729477067710832
Dieser; 0.06703227123944089
langlebig; 0.06653931690379977
Pillingbildung.Auch; 0.06644871673779562
Belastbarkeit; 0.06633733469061553
besitzt; 0.06614024820737541
zweit; 0.06564378552138805
angenehmem; 0.0655557184945792
69; 0.06549297366291285
223; 0.06544247405327042
6; 0.06516000517876819
Gesamtbreite; 0.06443689804291353
neue; 0.06435583386337385
gewaschen; 0.06434279005043209
hellgrauen; 0.06384307390544564
Bettkästen; 0.06364682759158313
Kopfstütze; 0.06334136932855472
MID.YOU; 0.06308235018514097
Kg; 0.06302292691543698
gelingt; 0.06297566345892847
Komfortschaum; 0.06295616793795489
Eck-Sofa; 0.06281210138695315
Linienführung; 0.06220457120798528
Wohnzimmer.HinweisStoff-; 0.06191582151222974
zuhause; 0.061583325441461056
braune; 0.061057661077938974
Polyetherschaumkern; 0.060755790676921606
Federkern; 0.06008371606003493
behagliche; 0.06005642899253871
Zustellung; 0.059634446166455746
294; 0.05925485392799601
maximale; 0.05868297512643039
