Wort; Durchschnittlicher Wert
213; 0.024985297422972508
Weise; 0.023066503585141618
Chesterfield-Sofa; 0.02080744488921482
Eschenholz; 0.020437910628970712
unterstreicht; 0.019526479591149837
silberfarbenden; 0.018463581560354214
schließen; 0.018277216382557526
perfektionieren; 0.018255989021781716
Kindes; 0.017430359479476465
nötigen; 0.01733429278829135
Wir; 0.01714645831089001
Länge; 0.01685178227489814
Aussehen; 0.01661571505428583
173; 0.016538096155272797
bspw; 0.016022224808693863
Behaglichkeit; 0.015900476835668087
69; 0.015439173381309956
raus; 0.015329025438404642
üppig; 0.014980962529079989
behagliches; 0.014563600001565646
Braun; 0.0144973827409558
Hellblau; 0.01448986162449728
Einrichtungselements; 0.01435542902618181
wohlig; 0.014059495459605387
Ausstattungsplus; 0.01403097346337745
197; 0.013954022651887499
Germany; 0.013948470725154039
320; 0.013855250203050673
Vier; 0.01380223406067671
189; 0.013791654200758785
Polyester-Mikrofaser-Oberfläche; 0.013787854351903661
mittelweich; 0.013621402245917125
nieder; 0.013391852218774147
lackiert; 0.013359305841731839
ESPOSA; 0.013314645300852135
Schicker; 0.01330885280185612
Raum.Die; 0.013219667787780054
pro; 0.013180986294173636
Gäste.Eine; 0.01316493609920144
Lieblingsmodell; 0.013117090052219282
ist.Mit; 0.013059104763669893
-Matratze; 0.013053995091468096
Gesamtgröße; 0.013051173817075323
schlummern.Eine; 0.013000883074710146
Nachmittag; 0.012988198599487077
Großer; 0.012948870804393664
Steppnähten; 0.012945014037541114
geschlafen; 0.012914791659568436
beerefarbene; 0.012894632498500869
verleben; 0.012891988015326206
