Wort; Durchschnittlicher Wert
schwarze; 0.05465217345044948
mitgelieferten; 0.047130417777225375
ARUBA; 0.043833258270751685
verschwinden; 0.04357979353517294
ab.HinweisBitte; 0.04250512004364282
grauem; 0.04184004617854953
wechseln; 0.041838761242615874
Senfgelb; 0.04172994545660913
BESTWAY; 0.041707221418619156
Reise; 0.04144479040405713
lässt.Neben; 0.0413096081756521
Gestalten; 0.04127180209616199
beflockte; 0.041046361715416424
Runden; 0.039915296947583556
abgibt; 0.039445604430511594
befinden; 0.038761765710660256
einladende; 0.038242734590312466
hinter; 0.037760509294457734
Wohnungen; 0.037757273530587554
vorne; 0.037716555467341095
tollem; 0.037301061558537185
kuscheligen; 0.037287343002390116
fühlt; 0.03678513993509114
Härtegrads; 0.03654380957596004
geschickt; 0.03610366419889033
schlichter; 0.03578500624280423
bewahren; 0.035498091601766646
TRITEC; 0.035427866503596306
Samt-Optik; 0.03537251614034176
Schlaffunktion; 0.034999428142327815
Ausruhen; 0.03485698497388512
spontanen; 0.03472873208011151
Webstoff; 0.03460548167640809
Lagerung; 0.03444639267399907
strapazierfähigem; 0.03370533052657265
dezenten; 0.03365400026086718
Jersey; 0.03352167352568358
Sitzflächen; 0.033496038406156003
98; 0.03329005275736563
elektrischer; 0.03297480964101851
Buches; 0.032931304871453904
erwartet; 0.03289021902310196
Hit; 0.032436456393043045
Schlafbereich; 0.03243202972225845
Bettschublade; 0.03236101832590066
glänzt; 0.0321445384688559
beschwingt; 0.03211567003745586
Minuten; 0.0318957477575168
darunter; 0.03169555460772244
kippen; 0.031694736680947244
