Wort; Durchschnittlicher Wert
höchste; 0.017096246400342352
einzigartige; 0.015747801551242446
Gesamtmaße; 0.015702314536611084
machen.Richten; 0.015311375129385851
Armstützen; 0.014933518423276837
Konzentration; 0.014907397591741756
Profitieren; 0.014654133701696992
Stück; 0.01427136715767574
maximale; 0.014158689393866553
verfügen; 0.013860278701940842
50er; 0.013853014417691156
Fernsehzimmer; 0.013784100967313861
topmoderne; 0.013469208199239802
HAVANNA; 0.013441999017004491
mittlerer; 0.013361283542622004
Holzoberfläche; 0.013326918075108551
Gasdruckfeder; 0.01332277523869152
Schlafkomfort; 0.013180850361095509
statten; 0.013077055862595444
ein.Das; 0.01289806108616176
passen; 0.012741240600007586
Standfestigkeit; 0.012719980812107679
Rahmen; 0.012670528266426118
30/37; 0.012608508714947675
Lichtbeständigkeit; 0.012441583669897227
NERO; 0.01238763851870317
KFZ-Pumpe; 0.012330616471444955
Wärme; 0.011838012524094665
Chillen; 0.011657170062790101
BettkastenDrucken; 0.011511833665281301
vorgeprüften; 0.011460969632025808
adäquates; 0.011431930994149297
luxuriöse; 0.01140870993003773
überzeugende; 0.011363089924770975
Umklappen; 0.011293302057310939
sorgen; 0.011256107820372563
schlichter; 0.011224498773117375
bestehende; 0.011218818142879172
zeitlosem; 0.011215879188966937
ein.Dabei; 0.011173598264576867
Korpus; 0.011096170666860417
gestützte; 0.011055974250666623
DIN; 0.011046386441194045
kg.Ein; 0.01101132985058939
gesamten; 0.011007417773726047
ein.HinweisStoff-; 0.01098914521912775
Platz.HinweisDieser; 0.010974410308790539
elektrische; 0.01091014434769022
offen; 0.010882658631089726
144; 0.010866610688026412
