Wort; Durchschnittlicher Wert
KategorienWohntextilienVorhängeStehleuchtenWohnzimmertischeDrucken; 0.07867391777472221
schwarze; 0.06263624036273541
Pillingbildung.Und; 0.060910708336450625
Mustern; 0.05475382502663706
belastbar.Freuen; 0.05198365119213122
auf.HinweisBitte; 0.05054562033183174
SANTA; 0.0494992913409078
56; 0.04913726767199478
darunter; 0.04758197690819088
Senfgelb; 0.046053789839788806
ein.HinweisStoff-; 0.04566481300571468
Schlafsofa; 0.045356639772535345
192; 0.0451286819697998
zeitloser; 0.0442713862794335
Schiebetür; 0.043848823854204966
Runden; 0.042205620960885426
Fernsehabende; 0.0415149370137442
geeignet; 0.04087833847881939
238; 0.04053743600161397
Ihrem; 0.040366199024902016
umgestalten; 0.0400908351380167
17; 0.03967752381686296
Kippfunktion; 0.039536142687211395
geschickt; 0.039469229530368466
kippen; 0.0390716654874268
FULTON; 0.03886853580115712
zweckmäßige; 0.038832245139929
kombinierbare; 0.03866567067234428
41; 0.038454090939922025
stylischer; 0.0383698870173248
extra-viel; 0.03836339978806791
ist.Weitere; 0.038277992152870866
CARROL; 0.03815681934383974
SIMON; 0.03803097755553608
derselben; 0.037861665184209414
kinderleicht; 0.03713995943689952
platzsparend; 0.037074272619065596
ganz; 0.03699024117668159
Abriebfestigkeit; 0.03674323164159432
dreifach; 0.03672765134797373
überzeugt; 0.03671741330617806
komfortable; 0.03659720466021099
ausstatten; 0.03655032636925171
Kopffunktion.Das; 0.03649090975886793
84; 0.03646660699087079
Auch; 0.03646463091149599
Polyester-Webstoff; 0.03644707937928615
Bonellfederkernmatratze; 0.03629120206096559
wenden; 0.036167458523777896
CLIPSO; 0.03607437157188542
