Wort; Durchschnittlicher Wert
breit; 0.20008211801177822
Pyjamapartys; 0.18975855791359209
lustige; 0.17914499883772805
Schlaf.HinweisDieser; 0.1747756921686232
Filmabende; 0.1590626899687777
Gespräche; 0.15847945964196697
Fußhöhe; 0.1557975880568847
Äußeres; 0.15244731394341215
Sitzqualität.Die; 0.14870610635261983
JUIST; 0.14780137920752168
großer; 0.14540581306209788
Seitenlehne; 0.13775796204572544
kontrastfarbene; 0.1346426639938727
Polyester-Nylon-Oberfläche; 0.1336404312751256
geschmückten; 0.1331481296219863
ultimative; 0.13230583278345875
213; 0.13192927939235233
passender; 0.13057904108427465
LEA; 0.13046465761726722
Richten; 0.12927095335908234
176; 0.12906116789235966
geschmackvollen; 0.1288291427481454
hochwertigem; 0.12725577966193669
geben; 0.12596518587088212
Tipp; 0.12587835430167615
223; 0.12491653562756255
ausladenden; 0.12429936457192525
Schrank; 0.12322298827348277
LIVING; 0.12294261378701776
feinen; 0.12269009347073734
gehen; 0.12221763748675585
fehlende; 0.12199423281708732
riesigen; 0.1217884905054234
schenken; 0.12117686952115037
umgekehrt; 0.12038603384280577
Level; 0.12007772603328704
ausladende; 0.11849793951842003
Raumbedarf.JUIST; 0.1181483002146706
Liegefläche.Mit; 0.11813634618738433
Kuschelecke; 0.11778975650668144
folgt; 0.11742319469340146
Lücke; 0.11677338287699968
Hellbraun; 0.11664247701992281
Nieten; 0.11638948766631074
belastbar.Ein; 0.11629515048116446
ausladender; 0.11609751497508114
Linien; 0.11603717209072784
Wohnzimmer.HinweisStoff-; 0.11502773305983283
ausgestattet.Bringen; 0.11488299514530809
Einrichtungselement; 0.11479602311737835
