Wort; Durchschnittlicher Wert
kg.Ein; 0.01754475823872781
verstellen; 0.0159901558108686
Sitzgarnitur; 0.01574804550693898
hochwertig; 0.014627183608354244
höchste; 0.014588924592317198
eleganter; 0.014267361367274134
Kinder; 0.014061996555255973
verwenden; 0.013799056529023801
gegeben; 0.013754140317132624
Alltagsgegenstände; 0.01359380026042345
dreifach; 0.013504488567377848
behaglichen; 0.013291181785234585
kurz; 0.013242534410892404
LAGOS; 0.013189347582738264
verwendet; 0.013136511733776501
wahr; 0.012985937531084346
mitMaßen; 0.012713802070265956
Insel; 0.012648643167267437
74; 0.012505725186201744
BELLA; 0.012491777712057228
aufweist; 0.012453217361098723
FLEXCHOICE; 0.01233611077623209
Körper; 0.012190685676841895
raus; 0.012120119276005425
hautnah; 0.012109652365552392
integriertes; 0.01208381865035335
jedoch; 0.012045561277318484
gelingt; 0.01203436893615617
Ergänzung; 0.012024350830643016
machen.Dieses; 0.01193229647105909
Möbelix-Filiale; 0.011741954960598378
HinweisBitte; 0.011740627161088923
Beinen; 0.011731835385944578
Hinsetzen; 0.011711669633257316
Aufwertung; 0.011635098531769472
gesteppt; 0.011610398321863613
Rücken; 0.011504694097197898
junger; 0.011437632742854476
weitere; 0.011330704157444416
kein; 0.011290137976175174
Bringen; 0.011260008940553234
Rückenkissen.Das; 0.011136673892906401
Wertigkeit; 0.011134965793644369
Anlehnen; 0.011122110639917082
186; 0.011072091534515494
KombiPolsterung; 0.011054022559619625
schickes; 0.011036955530357773
grauen; 0.010984361122609698
Besucher; 0.010979543270877912
Robuste; 0.010970113198709441
