Wort; Durchschnittlicher Wert
Zuhause; 0.17666569250286557
Ausführungen; 0.1629987874221115
viele; 0.15863180470478255
Polsterung; 0.15724521348454346
223; 0.1570679753422155
Ottomane; 0.15606123604084132
Wohnzimmer; 0.15222178408293985
245; 0.15114027154777432
Schaumstoff; 0.14857962802307156
genießen.Bequeme; 0.14760599105829897
schaffen; 0.147576841776754
Kuschelecke; 0.1393644396448508
gemütlicher; 0.13858843651178177
erhalten; 0.13852525651600445
kontrastfarbene; 0.13760454910243425
L-Form; 0.13708950327782077
Mikrofaser; 0.13661176172172418
270; 0.13623427965103474
Finden; 0.13540002197623835
verbindet; 0.13510685269648093
verloren; 0.1347426165930301
Weich; 0.13205287501432394
wenigen; 0.13145466305832088
Richten; 0.13063228885584977
Ecksofa; 0.128592801744162
Nachtkästchen; 0.12676696388371056
gesellige; 0.12657029799811426
geschmückten; 0.12582565307820914
feinen; 0.12487777106798603
61; 0.12458065307146171
frischen; 0.1239257112465566
großzügiges; 0.12358018483791966
Handumdrehen; 0.12250309743831167
ausladenden; 0.12236096593551338
Wohnzimmer.HinweisStoff-; 0.12061183573678136
Stunden; 0.1203487147922715
Bettfunktion; 0.12020091209706152
Taupe; 0.12000026021632948
großzügigem; 0.11990917469665874
sind.Das; 0.1187352803099202
verwandeln; 0.11816416902365745
Zusätzlicher; 0.11759507559690974
schicken; 0.11649264922743896
leichten; 0.11627665337891813
Jugendzimmer; 0.11487301983561338
aufstellen; 0.11428836264894926
geben; 0.1141698998544598
Oberfläche; 0.11386932871391764
Trendfarbe; 0.11306038089060166
dabei; 0.1128147232386425
