Wort; Durchschnittlicher Wert
luftbett; 4.105942972376942
bestway; 4.055670384690165
l; 3.981944986432791
druck; 3.9747025694698097
UNK; 3.9640361942350864
cm; 3.9576413683593272
x; 3.9482235230505465
b; 3.9355779457837343
bequ; 3.7454029101878406
ca; 3.725994425266981
einfach; 3.6828089587390425
person; 3.6533532053232194
hinweisdies; 3.5468428932130336
enthalt; 3.5365448988974095
dekoration; 3.5329147066920994
abgebildet; 3.528045308962464
bestellbar; 3.526949917525053
ausgestellt; 3.525609502568841
filial; 3.520484063401818
beacht; 3.5199756123125554
lieferumfang; 3.5148977395147085
artikel; 3.5145799804478886
bitt; 3.5076403111219405
elektr; 3.4564992390573024
h; 3.4533688582479956
pump; 3.446740934252739
bequem; 3.3772877123206855
gross; 3.373363324999809
oberflach; 3.3226774096488954
integriert; 3.286624459922314
kg; 3.1676738686859607
sorgt; 3.0512423023581503
komfortabl; 3.036105230078101
platz; 2.9997477278113367
liegeflach; 2.9745861049741507
sowi; 2.9158076267689466
bett; 2.9024755600839853
best; 2.833053957298398
gastebett; 2.8076697800308468
haus; 2.6644818153232337
schlafplatz; 2.5661786876618864
spontan; 2.535153188183904
praktisch; 2.452806682512164
ab; 2.4142764534801247
schlafkomfort; 2.3459741488099097
matratz; 2.279597793146968
flexibl; 2.233136001229286
mark; 2.10874731913209
mitgeliefert; 1.9836685862392187
ubernachtungsbesuch; 1.954183480516076
handumdreh; 1.8350887473672628
find; 1.324723855033517
schlaf; 0.5362106189131737
grau; 0.12380749750882387
